seed,regime,alpha,delta_Q,delta_r_x,delta_phi,delta_P
20270824,no rewiring,0.0,0.0,0.028148832839784588,0.0,0.006649762383764857
20270824,no rewiring,0.05,0.0,0.04868159131065808,0.0,0.01067275213094257
20270824,no rewiring,0.1,0.0,0.03726682733776443,0.0,0.01094472918751041
20270824,no rewiring,0.15000000000000002,0.0,0.021150263118905832,0.0,0.01184582750287505
20270824,no rewiring,0.2,0.0,0.013362743430620938,0.0,0.012673047533318021
20270824,no rewiring,0.25,0.0,0.012070338245001089,0.0,0.00836686637495826
20270824,no rewiring,0.30000000000000004,0.0,0.005776516742911797,0.0,0.00789080935809544
20270824,no rewiring,0.35000000000000003,0.0,0.0002310237398243653,0.0,0.005655000433740953
20270824,no rewiring,0.4,0.0,0.0014894491054482373,0.0,0.005036693643707402
20270824,no rewiring,0.45,0.0,0.001553659392585005,0.0,0.0021771203397175642
20270824,no rewiring,0.5,0.0,0.0022357214187664343,0.0,0.0025500115827149505
20270824,no rewiring,0.55,0.0,-0.0016290531414231424,0.0,0.003017622100886297
20270824,no rewiring,0.6000000000000001,0.0,-0.0004894774105879129,0.0,0.0024312748461107203
20270824,no rewiring,0.65,0.0,0.0012165479659200784,0.0,0.0028325666361526114
20270824,no rewiring,0.7000000000000001,0.0,0.0005328762682642596,0.0,0.0006462911817687322
20270824,no rewiring,0.75,0.0,0.0006854110926121093,0.0,0.0023231047703076158
20270824,no rewiring,0.8,0.0,0.0001423659612013739,0.0,0.0009852617998394875
20270824,no rewiring,0.8500000000000001,0.0,0.00016707292159814924,0.0,0.0016923943948212727
20270824,no rewiring,0.9,0.0,0.00016608683473870456,0.0,0.002418049859802762
20270824,no rewiring,0.9500000000000001,0.0,-0.0007008391642004397,0.0,0.0007253484370802754
20270824,no rewiring,1.0,0.0,0.0,0.0,0.0
20270824,fast reversible,0.0,0.0,0.05517148077831213,0.0,0.008124620679345357
20270824,fast reversible,0.05,0.0,0.07429510884322726,0.0,0.014589709676095741
20270824,fast reversible,0.1,0.0,0.06658905872308873,0.0,0.01758495244472255
20270824,fast reversible,0.15000000000000002,0.0,0.05105736589186227,0.0,0.01964250457999983
20270824,fast reversible,0.2,0.0,0.04476476121998613,0.0,0.02182783385584483
20270824,fast reversible,0.25,0.0,0.042051731076843235,0.0,0.020515308799813836
20270824,fast reversible,0.30000000000000004,0.0,0.019632647146967053,0.0,0.040427674048453766
20270824,fast reversible,0.35000000000000003,0.15833333333333335,0.24078988059378376,-0.16239316239316237,0.14676274522851745
20270824,fast reversible,0.4,0.275,0.42619250426161176,-0.28205128205128205,0.2378044971574239
20270824,fast reversible,0.45,0.3416666666666667,0.5518424714750074,-0.3504273504273504,0.27106138125398893
20270824,fast reversible,0.5,0.3916666666666666,0.6495036141657919,-0.40170940170940167,0.29381330711284614
20270824,fast reversible,0.55,0.3583333333333333,0.5943905194830648,-0.3675213675213675,0.2548793153893708
20270824,fast reversible,0.6000000000000001,0.31666666666666665,0.54505226622049,-0.32478632478632474,0.21411419488048222
20270824,fast reversible,0.65,0.2833333333333333,0.49785172782003245,-0.29059829059829057,0.17228357481237688
20270824,fast reversible,0.7000000000000001,0.2416666666666666,0.441739458977204,-0.24786324786324784,0.1262312673317344
20270824,fast reversible,0.75,0.1499999999999999,0.27508638465877866,-0.15384615384615385,0.07341295240758627
20270824,fast reversible,0.8,0.033333333333333326,0.06187801482255517,-0.03418803418803419,0.016315356609096665
20270824,fast reversible,0.8500000000000001,0.0,0.00013555268203524484,0.0,0.0017428473620271223
20270824,fast reversible,0.9,0.0,0.0002581515454830319,0.0,0.001419957449348308
20270824,fast reversible,0.9500000000000001,0.0,-3.700980777365803e-05,0.0,-0.00034346211301294893
20270824,fast reversible,1.0,0.0,0.0,0.0,0.0
20270824,"fast reversible, slow ramp",0.0,0.0,-0.026077089857576674,0.0,0.00014200297909576498
20270824,"fast reversible, slow ramp",0.05,0.0,-0.027061937089106758,0.0,-9.80571786933504e-06
20270824,"fast reversible, slow ramp",0.1,0.0,-0.022842194516736858,0.0,-0.001118753297815217
20270824,"fast reversible, slow ramp",0.15000000000000002,0.0,-0.014841038738110046,0.0,-0.0008160589893634329
20270824,"fast reversible, slow ramp",0.2,0.0,-0.012638637640379702,0.0,0.00011585747533762736
20270824,"fast reversible, slow ramp",0.25,0.0,-0.01425252005038169,0.0,0.0012563465120896122
20270824,"fast reversible, slow ramp",0.30000000000000004,0.0,-0.006319035220435476,0.0,0.0011271114425623896
20270824,"fast reversible, slow ramp",0.35000000000000003,0.0,-0.004468038942300079,0.0,0.004147455220183949
20270824,"fast reversible, slow ramp",0.4,0.0,-0.00320596333380474,0.0,0.0065349878105398496
20270824,"fast reversible, slow ramp",0.45,0.2666666666666667,0.42059107439716126,-0.2735042735042735,0.19503982936091152
20270824,"fast reversible, slow ramp",0.5,0.3916666666666666,0.6458369217721991,-0.40170940170940167,0.2903263849000969
20270824,"fast reversible, slow ramp",0.55,0.30833333333333324,0.5345067883581451,-0.3162393162393162,0.22534430898853375
20270824,"fast reversible, slow ramp",0.6000000000000001,0.17499999999999993,0.29672000901670614,-0.1794871794871795,0.13241454622289262
20270824,"fast reversible, slow ramp",0.65,0.0,-0.0002306474958060356,0.0,-0.0010822865012926064
20270824,"fast reversible, slow ramp",0.7000000000000001,0.0,0.00016116530071697,0.0,-0.0019695735713933793
20270824,"fast reversible, slow ramp",0.75,0.0,-0.00021209616208761606,0.0,-0.0017952409340464826
20270824,"fast reversible, slow ramp",0.8,0.0,0.00021014378928918553,0.0,0.00011113864127276774
20270824,"fast reversible, slow ramp",0.8500000000000001,0.0,-8.13536132402426e-05,0.0,-0.0007877894964311016
20270824,"fast reversible, slow ramp",0.9,0.0,4.0494448776851044e-05,0.0,0.0005341567289417481
20270824,"fast reversible, slow ramp",0.9500000000000001,0.0,-0.00023629564736848963,0.0,-0.001116767350462955
20270824,"fast reversible, slow ramp",1.0,0.0,0.0,0.0,0.0
20270824,slow reversible,0.0,0.09166666666666667,0.0964724288708686,-0.09401709401709402,0.02029233770044972
20270824,slow reversible,0.05,0.1166666666666667,0.15772055414372338,-0.11965811965811962,0.04579927544958562
20270824,slow reversible,0.1,0.15000000000000002,0.19885363483454277,-0.15384615384615385,0.08120260311579003
20270824,slow reversible,0.15000000000000002,0.18333333333333338,0.23143667874953455,-0.18803418803418803,0.12649501563185356
20270824,slow reversible,0.2,0.25,0.33477845222105646,-0.2564102564102564,0.19185476804286625
20270824,slow reversible,0.25,0.275,0.3943938568761367,-0.28205128205128205,0.22668498156841033
20270824,slow reversible,0.30000000000000004,0.30000000000000004,0.43600500216396265,-0.3076923076923077,0.25592055516734663
20270824,slow reversible,0.35000000000000003,0.33333333333333337,0.5005840154099397,-0.3418803418803419,0.2915241679361547
20270824,slow reversible,0.4,0.3666666666666667,0.5706924237341351,-0.37606837606837606,0.3221133712412637
20270824,slow reversible,0.45,0.3833333333333333,0.61648466624905,-0.39316239316239315,0.3085324770144423
20270824,slow reversible,0.5,0.3916666666666666,0.6483971788021363,-0.40170940170940167,0.2938813318441046
20270824,slow reversible,0.55,0.3749999999999999,0.6329802397119508,-0.3846153846153846,0.2641787226125256
20270824,slow reversible,0.6000000000000001,0.31666666666666665,0.5578990109767488,-0.32478632478632474,0.21161574342985012
20270824,slow reversible,0.65,0.23333333333333328,0.40693803862823474,-0.23931623931623933,0.15311417795201132
20270824,slow reversible,0.7000000000000001,0.1499999999999999,0.26606185329970644,-0.15384615384615385,0.08751363511709709
20270824,slow reversible,0.75,0.04999999999999993,0.09091777326963313,-0.05128205128205128,0.032331849999659656
20270824,slow reversible,0.8,0.0,2.929948971897023e-05,0.0,0.005817036372892992
20270824,slow reversible,0.8500000000000001,0.0,-0.0002138489162959445,0.0,0.0007732108366109713
20270824,slow reversible,0.9,0.0,8.79852936627179e-05,0.0,0.0013958891803932394
20270824,slow reversible,0.9500000000000001,0.0,1.6319650633644933e-05,0.0,-0.00033424944278859225
20270824,slow reversible,1.0,0.0,0.0,0.0,0.0
20270824,"slow reversible, slow ramp",0.0,0.0,-0.00832385104958383,0.0,0.0008232805477089364
20270824,"slow reversible, slow ramp",0.05,0.0,-0.03215117964027253,0.0,0.000973409461113281
20270824,"slow reversible, slow ramp",0.1,0.0,-0.008723465110191064,0.0,0.0009853881488728067
20270824,"slow reversible, slow ramp",0.15000000000000002,0.0,-0.011317755215434822,0.0,0.00188693979842261
20270824,"slow reversible, slow ramp",0.2,0.0,-0.01319250723454457,0.0,0.0019296730835152154
20270824,"slow reversible, slow ramp",0.25,0.0,-0.016935258426886923,0.0,0.007561046527119142
20270824,"slow reversible, slow ramp",0.30000000000000004,0.125,0.18000985154263,-0.1282051282051282,0.09500603124064222
20270824,"slow reversible, slow ramp",0.35000000000000003,0.25,0.3825858336182354,-0.2564102564102564,0.19636106830061018
20270824,"slow reversible, slow ramp",0.4,0.35,0.5493947308422362,-0.358974358974359,0.29329839798446344
20270824,"slow reversible, slow ramp",0.45,0.3666666666666667,0.5929962706536954,-0.37606837606837606,0.29390486434038826
20270824,"slow reversible, slow ramp",0.5,0.3916666666666666,0.6464761578053825,-0.40170940170940167,0.2911081724468001
20270824,"slow reversible, slow ramp",0.55,0.3583333333333333,0.6177738818005755,-0.3675213675213675,0.25348978159757607
20270824,"slow reversible, slow ramp",0.6000000000000001,0.17499999999999993,0.29994425062466445,-0.1794871794871795,0.12361264081614043
20270824,"slow reversible, slow ramp",0.65,0.0,-0.0002313680053689371,0.0,-0.0003312032871558568
20270824,"slow reversible, slow ramp",0.7000000000000001,0.0,-3.133585973291719e-05,0.0,-0.001923334731408155
20270824,"slow reversible, slow ramp",0.75,0.0,0.0002411266303249393,0.0,-0.0017589132162910692
20270824,"slow reversible, slow ramp",0.8,0.0,7.915173367956108e-05,0.0,0.00010994354857685185
20270824,"slow reversible, slow ramp",0.8500000000000001,0.0,0.00020242257892222337,0.0,-0.0007721505813151897
20270824,"slow reversible, slow ramp",0.9,0.0,-6.50917614034574e-05,0.0,0.000521657385676777
20270824,"slow reversible, slow ramp",0.9500000000000001,0.0,-2.2294769456920882e-05,0.0,-0.0011070109485539215
20270824,"slow reversible, slow ramp",1.0,0.0,0.0,0.0,0.0
20270824,one-way boundary,0.0,0.3999999999999999,0.541250276084667,-0.41025641025641024,0.24739950747045414
20270824,one-way boundary,0.05,0.3999999999999999,0.5617179219482982,-0.41025641025641024,0.3200657902695791
20270824,one-way boundary,0.1,0.3999999999999999,0.5553279638826617,-0.41025641025641024,0.3642286050074863
20270824,one-way boundary,0.15000000000000002,0.3999999999999999,0.5586476226067466,-0.41025641025641024,0.3907070475171455
20270824,one-way boundary,0.2,0.3999999999999999,0.56886256428341,-0.41025641025641024,0.3993425470788451
20270824,one-way boundary,0.25,0.3999999999999999,0.5818651378820648,-0.41025641025641024,0.39496813149734344
20270824,one-way boundary,0.30000000000000004,0.3999999999999999,0.5928824892476512,-0.41025641025641024,0.385299660043036
20270824,one-way boundary,0.35000000000000003,0.3999999999999999,0.6066521899913375,-0.41025641025641024,0.3694511293919494
20270824,one-way boundary,0.4,0.3999999999999999,0.6246773779895061,-0.41025641025641024,0.3505604659114192
20270824,one-way boundary,0.45,0.3999999999999999,0.6436316984249759,-0.41025641025641024,0.32545947913466267
20270824,one-way boundary,0.5,0.3999999999999999,0.6621811786833298,-0.41025641025641024,0.3016374410899617
20270824,one-way boundary,0.55,0.3833333333333332,0.6356370354410135,-0.39316239316239315,0.27174429739403194
20270824,one-way boundary,0.6000000000000001,0.34166666666666656,0.5730987461782894,-0.3504273504273504,0.22291317933247934
20270824,one-way boundary,0.65,0.29999999999999993,0.516930995091253,-0.3076923076923077,0.1783982420461645
20270824,one-way boundary,0.7000000000000001,0.19166666666666654,0.33730478315471946,-0.19658119658119658,0.11105073248813035
20270824,one-way boundary,0.75,0.08333333333333326,0.15203133670512015,-0.08547008547008547,0.05509637961102376
20270824,one-way boundary,0.8,0.008333333333333304,0.015582640285552896,-0.008547008547008548,0.010277298419712366
20270824,one-way boundary,0.8500000000000001,0.0,-4.826153294890112e-06,0.0,0.0009183022029581878
20270824,one-way boundary,0.9,0.0,1.8339652412380225e-05,0.0,0.0013714828164774762
20270824,one-way boundary,0.9500000000000001,0.0,-6.083607874129981e-07,0.0,-0.0003622804605960539
20270824,one-way boundary,1.0,0.0,0.0,0.0,0.0
20270824,slow reversible + graph reset,0.0,0.0,0.02814883278193825,0.0,0.006649759795608917
20270824,slow reversible + graph reset,0.05,0.0,0.048681590643941675,0.0,0.01067274788143266
20270824,slow reversible + graph reset,0.1,0.0,0.037266821713732134,0.0,0.010944718810934062
20270824,slow reversible + graph reset,0.15000000000000002,0.0,0.02115023264623689,0.0,0.011845797602634406
20270824,slow reversible + graph reset,0.2,0.0,0.013362615235673447,0.0,0.012672960042567155
20270824,slow reversible + graph reset,0.25,0.0,0.012069851450999425,0.0,0.008366561853900112
20270824,slow reversible + graph reset,0.30000000000000004,0.0,0.005774947754163429,0.0,0.00789021496399439
20270824,slow reversible + graph reset,0.35000000000000003,0.0,0.00022674100679953568,0.0,0.005653699686873848
20270824,slow reversible + graph reset,0.4,0.0,0.0014811387128796372,0.0,0.0050438343592576484
20270824,slow reversible + graph reset,0.45,0.0,0.0015494181764908466,0.0,0.0024885604075872148
20270824,slow reversible + graph reset,0.5,0.0,0.0008058483359627555,0.0,0.010097025435018003
20270824,slow reversible + graph reset,0.55,0.3749999999999999,0.6329802397119508,-0.3846153846153846,0.2641787226125256
20270824,slow reversible + graph reset,0.6000000000000001,0.31666666666666665,0.5578990109767488,-0.32478632478632474,0.21161574342985012
20270824,slow reversible + graph reset,0.65,0.23333333333333328,0.40693803862823474,-0.23931623931623933,0.15311417795201132
20270824,slow reversible + graph reset,0.7000000000000001,0.1499999999999999,0.26606185329970644,-0.15384615384615385,0.08751363511709709
20270824,slow reversible + graph reset,0.75,0.04999999999999993,0.09091777326963313,-0.05128205128205128,0.032331849999659656
20270824,slow reversible + graph reset,0.8,0.0,2.929948971897023e-05,0.0,0.005817036372892992
20270824,slow reversible + graph reset,0.8500000000000001,0.0,-0.0002138489162959445,0.0,0.0007732108366109713
20270824,slow reversible + graph reset,0.9,0.0,8.79852936627179e-05,0.0,0.0013958891803932394
20270824,slow reversible + graph reset,0.9500000000000001,0.0,1.6319650633644933e-05,0.0,-0.00033424944278859225
20270824,slow reversible + graph reset,1.0,0.0,0.0,0.0,0.0
20270825,no rewiring,0.0,0.0,0.04818293311039762,0.0,0.0025246801096085875
20270825,no rewiring,0.05,0.0,0.019964766723067517,0.0,0.0077868890184069756
20270825,no rewiring,0.1,0.0,0.03038344823036665,0.0,0.010754345662845527
20270825,no rewiring,0.15000000000000002,0.0,0.01952647895614601,0.0,0.009104798312958323
20270825,no rewiring,0.2,0.0,0.013261426849353664,0.0,0.006846037681672162
20270825,no rewiring,0.25,0.0,0.006577514709752208,0.0,0.005819010724582907
20270825,no rewiring,0.30000000000000004,0.0,0.0025659044289548794,0.0,0.004407888867174248
20270825,no rewiring,0.35000000000000003,0.0,0.001234097028387171,0.0,0.006437228042415755
20270825,no rewiring,0.4,0.0,0.0019695993777329446,0.0,0.0044901861115770325
20270825,no rewiring,0.45,0.0,-0.0011227832871702481,0.0,0.003345011772569406
20270825,no rewiring,0.5,0.0,0.0005787678279426944,0.0,0.005089269740905844
20270825,no rewiring,0.55,0.0,0.0034039184238353615,0.0,0.003489720709152655
20270825,no rewiring,0.6000000000000001,0.0,0.002930735318525224,0.0,0.0022533459443934145
20270825,no rewiring,0.65,0.0,0.0004973115589365085,0.0,0.0016832913812260264
20270825,no rewiring,0.7000000000000001,0.0,-0.0015716901166120678,0.0,0.0034608664309883075
20270825,no rewiring,0.75,0.0,-0.0006246145675423143,0.0,0.0012540891106719299
20270825,no rewiring,0.8,0.0,-0.000858664444383872,0.0,0.0036848765132400096
20270825,no rewiring,0.8500000000000001,0.0,-0.0001289781952122926,0.0,0.0007568074133702529
20270825,no rewiring,0.9,0.0,-0.0005400661218962488,0.0,0.0017727132723760475
20270825,no rewiring,0.9500000000000001,0.0,-0.0008852066136136871,0.0,0.0020793641600428403
20270825,no rewiring,1.0,0.0,0.0,0.0,0.0
20270825,fast reversible,0.0,0.0,0.07400995333267374,0.0,0.005607912892440878
20270825,fast reversible,0.05,0.0,0.0720215235038999,0.0,0.013875822748898398
20270825,fast reversible,0.1,0.0,0.07221367258369465,0.0,0.01884023020383019
20270825,fast reversible,0.15000000000000002,0.0,0.06226211925128783,0.0,0.018287466783860562
20270825,fast reversible,0.2,0.0,0.05827145631411479,0.0,0.018346026525389997
20270825,fast reversible,0.25,0.0,0.05244712975924026,0.0,0.020362811579425544
20270825,fast reversible,0.30000000000000004,0.025000000000000022,0.056633553927393665,-0.025862068965517238,0.07824044367142374
20270825,fast reversible,0.35000000000000003,0.22499999999999998,0.3765304710263805,-0.23275862068965517,0.20818779140378962
20270825,fast reversible,0.4,0.30000000000000004,0.5158192358745892,-0.3103448275862069,0.2629547038213426
20270825,fast reversible,0.45,0.3666666666666667,0.6309299172936049,-0.3793103448275862,0.30093098169781074
20270825,fast reversible,0.5,0.4000000000000001,0.7000467784833202,-0.41379310344827586,0.3056606573895757
20270825,fast reversible,0.55,0.3916666666666667,0.6934663359071578,-0.4051724137931034,0.2735806475685837
20270825,fast reversible,0.6000000000000001,0.36666666666666675,0.65471894396938,-0.3793103448275862,0.23384947548921275
20270825,fast reversible,0.65,0.3333333333333334,0.6024245171256728,-0.3448275862068966,0.1904093160904221
20270825,fast reversible,0.7000000000000001,0.25000000000000006,0.4468851905242939,-0.25862068965517243,0.13641631244258567
20270825,fast reversible,0.75,0.16666666666666669,0.3005634756851234,-0.1724137931034483,0.07347815095975885
20270825,fast reversible,0.8,0.10833333333333339,0.19984284911133876,-0.11206896551724138,0.046383781927394785
20270825,fast reversible,0.8500000000000001,0.0,1.6609703644032692e-05,0.0,0.003079390477676691
20270825,fast reversible,0.9,0.0,5.554918840244838e-06,0.0,0.0008261825603405049
20270825,fast reversible,0.9500000000000001,0.0,-9.237971953734991e-06,0.0,0.0010063470854220213
20270825,fast reversible,1.0,0.0,0.0,0.0,0.0
20270825,"fast reversible, slow ramp",0.0,0.0,0.020557025225216186,0.0,0.0030053459684430545
20270825,"fast reversible, slow ramp",0.05,0.0,0.044463962221594044,0.0,0.0059013511545869535
20270825,"fast reversible, slow ramp",0.1,0.0,0.04532975257499483,0.0,0.0049479161846614494
20270825,"fast reversible, slow ramp",0.15000000000000002,0.0,0.0401656607535148,0.0,0.00790380392109935
20270825,"fast reversible, slow ramp",0.2,0.0,0.04344368782488367,0.0,0.009135524559238939
20270825,"fast reversible, slow ramp",0.25,0.0,0.035972882096552194,0.0,0.007544968279494968
20270825,"fast reversible, slow ramp",0.30000000000000004,0.0,0.03409470872139986,0.0,0.009960343855065834
20270825,"fast reversible, slow ramp",0.35000000000000003,0.0,0.03431611280109986,0.0,0.007623702790560183
20270825,"fast reversible, slow ramp",0.4,0.01666666666666672,0.05659163754525909,-0.017241379310344807,0.03135115236841801
20270825,"fast reversible, slow ramp",0.45,0.25,0.4549936343705098,-0.2586206896551724,0.18460176247907412
20270825,"fast reversible, slow ramp",0.5,0.39166666666666666,0.6862950336032583,-0.4051724137931034,0.29276363104024317
20270825,"fast reversible, slow ramp",0.55,0.2916666666666667,0.4928751895960346,-0.3017241379310345,0.2115355871239073
20270825,"fast reversible, slow ramp",0.6000000000000001,0.0666666666666666,0.11240706525524102,-0.06896551724137931,0.0585951406093832
20270825,"fast reversible, slow ramp",0.65,0.0,2.0483206328636427e-05,0.0,0.0006583701089525329
20270825,"fast reversible, slow ramp",0.7000000000000001,0.0,-0.0002017689311265558,0.0,0.00039781000224858865
20270825,"fast reversible, slow ramp",0.75,0.0,1.6096603630000317e-06,0.0,0.00038467696164179443
20270825,"fast reversible, slow ramp",0.8,0.0,-0.0001655900351038575,0.0,0.000640876156609238
20270825,"fast reversible, slow ramp",0.8500000000000001,0.0,-5.269903422189248e-05,0.0,0.00029681708897222325
20270825,"fast reversible, slow ramp",0.9,0.0,6.0872569793257725e-05,0.0,-0.00023665950199747154
20270825,"fast reversible, slow ramp",0.9500000000000001,0.0,3.187900634193941e-05,0.0,0.00042388138036286716
20270825,"fast reversible, slow ramp",1.0,0.0,0.0,0.0,0.0
20270825,slow reversible,0.0,0.09166666666666667,0.23337221749997022,-0.09482758620689652,0.0207879373859981
20270825,slow reversible,0.05,0.10833333333333339,0.21595142494490105,-0.11206896551724138,0.04500909587274579
20270825,slow reversible,0.1,0.125,0.21552608496582032,-0.1293103448275862,0.08468417150329308
20270825,slow reversible,0.15000000000000002,0.17500000000000004,0.2851252189069976,-0.1810344827586207,0.13967416924355747
20270825,slow reversible,0.2,0.2416666666666667,0.399528469575266,-0.25,0.2060749773264213
20270825,slow reversible,0.25,0.275,0.4410371197575472,-0.2844827586206896,0.2762242128060505
20270825,slow reversible,0.30000000000000004,0.35,0.5769511288342775,-0.3620689655172414,0.3243664743263172
20270825,slow reversible,0.35000000000000003,0.3666666666666667,0.6114440684243768,-0.3793103448275862,0.3479886351401247
20270825,slow reversible,0.4,0.4000000000000001,0.6764727669151498,-0.41379310344827586,0.3536252311175793
20270825,slow reversible,0.45,0.4000000000000001,0.6860957216012074,-0.41379310344827586,0.32955673714906897
20270825,slow reversible,0.5,0.4000000000000001,0.7000500424464942,-0.41379310344827586,0.3055932784280938
20270825,slow reversible,0.55,0.36666666666666675,0.6553377806413047,-0.3793103448275862,0.2633682535242583
20270825,slow reversible,0.6000000000000001,0.35000000000000003,0.6309659074623648,-0.3620689655172414,0.23050484907754332
20270825,slow reversible,0.65,0.3083333333333334,0.5595298409581935,-0.31896551724137934,0.17944014735972635
20270825,slow reversible,0.7000000000000001,0.2333333333333334,0.42708224967646435,-0.2413793103448276,0.1256843522063713
20270825,slow reversible,0.75,0.14166666666666672,0.2602646143047209,-0.14655172413793102,0.06742987720828175
20270825,slow reversible,0.8,0.025000000000000078,0.04609037734143784,-0.02586206896551724,0.02111303873533288
20270825,slow reversible,0.8500000000000001,0.0,1.2842060943762945e-05,0.0,0.0004369271661329721
20270825,slow reversible,0.9,0.0,1.893450392143059e-06,0.0,0.00076311323111522
20270825,slow reversible,0.9500000000000001,0.0,-1.4085196666902e-05,0.0,0.001010362804517717
20270825,slow reversible,1.0,0.0,0.0,0.0,0.0
20270825,"slow reversible, slow ramp",0.0,0.0,0.03661096376661871,0.0,0.0037591907199766433
20270825,"slow reversible, slow ramp",0.05,0.0,0.019884180025104836,0.0,0.005256233480240652
20270825,"slow reversible, slow ramp",0.1,0.0,0.02037030418976754,0.0,0.0037137942085204434
20270825,"slow reversible, slow ramp",0.15000000000000002,0.0,0.018013371047824633,0.0,0.006776403787739915
20270825,"slow reversible, slow ramp",0.2,0.050000000000000044,0.0934757201617587,-0.051724137931034475,0.03256919326168545
20270825,"slow reversible, slow ramp",0.25,0.15000000000000002,0.2725286757368229,-0.15517241379310343,0.10260059920746611
20270825,"slow reversible, slow ramp",0.30000000000000004,0.2416666666666667,0.4025123334868291,-0.25,0.17706419466140555
20270825,"slow reversible, slow ramp",0.35000000000000003,0.2833333333333333,0.4815803254360225,-0.29310344827586204,0.22876822419478365
20270825,"slow reversible, slow ramp",0.4,0.3416666666666667,0.5802054146216026,-0.35344827586206895,0.277980088388902
20270825,"slow reversible, slow ramp",0.45,0.3666666666666667,0.6347018873259971,-0.3793103448275862,0.28838218372419033
20270825,"slow reversible, slow ramp",0.5,0.39166666666666666,0.6861981733397867,-0.4051724137931034,0.29289488941603936
20270825,"slow reversible, slow ramp",0.55,0.26666666666666666,0.4524319764762458,-0.27586206896551724,0.20142715136665967
20270825,"slow reversible, slow ramp",0.6000000000000001,0.14999999999999997,0.26032974811996046,-0.15517241379310345,0.10645051748681256
20270825,"slow reversible, slow ramp",0.65,0.0,9.43127767994989e-05,0.0,0.0007435229402262822
20270825,"slow reversible, slow ramp",0.7000000000000001,0.0,-0.000139775306153056,0.0,0.00044623347319527884
20270825,"slow reversible, slow ramp",0.75,0.0,-1.3118387275135035e-05,0.0,0.00037697604040776156
20270825,"slow reversible, slow ramp",0.8,0.0,6.363317360114085e-05,0.0,0.0006608770122091823
20270825,"slow reversible, slow ramp",0.8500000000000001,0.0,-2.182771725889321e-05,0.0,0.0002976697824357277
20270825,"slow reversible, slow ramp",0.9,0.0,0.00010505433902274763,0.0,-0.0002418511290716019
20270825,"slow reversible, slow ramp",0.9500000000000001,0.0,1.157486140945796e-05,0.0,0.00042488327453538144
20270825,"slow reversible, slow ramp",1.0,0.0,0.0,0.0,0.0
20270825,one-way boundary,0.0,0.4000000000000001,0.6411643829142659,-0.41379310344827586,0.2512865241940009
20270825,one-way boundary,0.05,0.4000000000000001,0.6247325645164281,-0.41379310344827586,0.32995358759854765
20270825,one-way boundary,0.1,0.4000000000000001,0.6364097330618872,-0.41379310344827586,0.3752204831193542
20270825,one-way boundary,0.15000000000000002,0.4000000000000001,0.6311317391599808,-0.41379310344827586,0.39730135615457285
20270825,one-way boundary,0.2,0.4000000000000001,0.6371387553987179,-0.41379310344827586,0.404472470244316
20270825,one-way boundary,0.25,0.4000000000000001,0.6432241063030183,-0.41379310344827586,0.40125734091246335
20270825,one-way boundary,0.30000000000000004,0.4000000000000001,0.6528567594042813,-0.41379310344827586,0.38971980284725644
20270825,one-way boundary,0.35000000000000003,0.4000000000000001,0.6639478312349405,-0.41379310344827586,0.37559147602579135
20270825,one-way boundary,0.4,0.4000000000000001,0.6764733891845607,-0.41379310344827586,0.353642435498071
20270825,one-way boundary,0.45,0.4000000000000001,0.6860978953595929,-0.41379310344827586,0.3295560615101807
20270825,one-way boundary,0.5,0.4000000000000001,0.700045508791739,-0.41379310344827586,0.3056228747655996
20270825,one-way boundary,0.55,0.3916666666666667,0.6896516507486834,-0.4051724137931034,0.27334044782497424
20270825,one-way boundary,0.6000000000000001,0.325,0.5786526707860453,-0.33620689655172414,0.2210036623003231
20270825,one-way boundary,0.65,0.24166666666666675,0.433188452071261,-0.25,0.15494478127388267
20270825,one-way boundary,0.7000000000000001,0.15833333333333338,0.2757938613674411,-0.16379310344827586,0.09351564965507164
20270825,one-way boundary,0.75,0.0,8.223628270154215e-05,0.0,0.014521929036167225
20270825,one-way boundary,0.8,0.0,3.2454204926812835e-06,0.0,0.003406163805210749
20270825,one-way boundary,0.8500000000000001,0.0,1.1157401052286353e-05,0.0,-0.00016594033252914642
20270825,one-way boundary,0.9,0.0,1.287159661300663e-06,0.0,0.0007433640086104143
20270825,one-way boundary,0.9500000000000001,0.0,-9.914011767753195e-06,0.0,0.001009609737288919
20270825,one-way boundary,1.0,0.0,0.0,0.0,0.0
20270825,slow reversible + graph reset,0.0,0.0,0.04818293306244181,0.0,0.0025246803503743073
20270825,slow reversible + graph reset,0.05,0.0,0.019964766448520688,0.0,0.007786889118164067
20270825,slow reversible + graph reset,0.1,0.0,0.030383447248810536,0.0,0.010754346101393725
20270825,slow reversible + graph reset,0.15000000000000002,0.0,0.019526476800543813,0.0,0.009104799717850387
20270825,slow reversible + graph reset,0.2,0.0,0.013261424307961678,0.0,0.006846041816681886
20270825,slow reversible + graph reset,0.25,0.0,0.006577526152496127,0.0,0.005819026086007317
20270825,slow reversible + graph reset,0.30000000000000004,0.0,0.002566054317186872,0.0,0.004407987055722762
20270825,slow reversible + graph reset,0.35000000000000003,0.0,0.001235432533844949,0.0,0.006438257158263294
20270825,slow reversible + graph reset,0.4,0.0,0.001982003908449659,0.0,0.004506037373234961
20270825,slow reversible + graph reset,0.45,0.0,-0.0010157157716259024,0.0,0.0036643449044491683
20270825,slow reversible + graph reset,0.5,0.0,0.00038705022430585156,0.0,0.013140202987029115
20270825,slow reversible + graph reset,0.55,0.36666666666666675,0.6553377806413047,-0.3793103448275862,0.2633682535242583
20270825,slow reversible + graph reset,0.6000000000000001,0.35000000000000003,0.6309659074623648,-0.3620689655172414,0.23050484907754332
20270825,slow reversible + graph reset,0.65,0.3083333333333334,0.5595298409581935,-0.31896551724137934,0.17944014735972635
20270825,slow reversible + graph reset,0.7000000000000001,0.2333333333333334,0.42708224967646435,-0.2413793103448276,0.1256843522063713
20270825,slow reversible + graph reset,0.75,0.14166666666666672,0.2602646143047209,-0.14655172413793102,0.06742987720828175
20270825,slow reversible + graph reset,0.8,0.025000000000000078,0.04609037734143784,-0.02586206896551724,0.02111303873533288
20270825,slow reversible + graph reset,0.8500000000000001,0.0,1.2842060943762945e-05,0.0,0.0004369271661329721
20270825,slow reversible + graph reset,0.9,0.0,1.893450392143059e-06,0.0,0.00076311323111522
20270825,slow reversible + graph reset,0.9500000000000001,0.0,-1.4085196666902e-05,0.0,0.001010362804517717
20270825,slow reversible + graph reset,1.0,0.0,0.0,0.0,0.0
20270826,no rewiring,0.0,0.0,0.034011887137867014,0.0,0.005083206464407304
20270826,no rewiring,0.05,0.0,0.03377066253627414,0.0,0.010190046176315373
20270826,no rewiring,0.1,0.0,0.0221165120412376,0.0,0.011289474396036281
20270826,no rewiring,0.15000000000000002,0.0,0.012018074103161136,0.0,0.011382423808987796
20270826,no rewiring,0.2,0.0,0.004480320484228584,0.0,0.009110624737916156
20270826,no rewiring,0.25,0.0,0.010573344358934422,0.0,0.007813289851671845
20270826,no rewiring,0.30000000000000004,0.0,0.0031332455990255026,0.0,0.008188088428355111
20270826,no rewiring,0.35000000000000003,0.0,0.004180592335520039,0.0,0.0056339541861007425
20270826,no rewiring,0.4,0.0,0.0020159516210199735,0.0,0.005555553940610913
20270826,no rewiring,0.45,0.0,0.002984408724958032,0.0,0.005460390703868445
20270826,no rewiring,0.5,0.0,-0.0002627176494427452,0.0,0.0026218193623759323
20270826,no rewiring,0.55,0.0,0.0008523488125444234,0.0,0.0019896447335829848
20270826,no rewiring,0.6000000000000001,0.0,-4.486029680422776e-05,0.0,0.0030337915144068583
20270826,no rewiring,0.65,0.0,-0.0009658180296818197,0.0,0.002714988221162784
20270826,no rewiring,0.7000000000000001,0.0,-0.002590359885863258,0.0,0.0027726679873126825
20270826,no rewiring,0.75,0.0,-0.001415510191468572,0.0,0.003386938439689957
20270826,no rewiring,0.8,0.0,-0.0004399619293420365,0.0,0.00033892801410650986
20270826,no rewiring,0.8500000000000001,0.0,-0.0007823364105269681,0.0,0.002040320357574288
20270826,no rewiring,0.9,0.0,-0.002039530481772467,0.0,0.003563604737882642
20270826,no rewiring,0.9500000000000001,0.0,-0.0003522520340824009,0.0,0.002755683309203838
20270826,no rewiring,1.0,0.0,0.0,0.0,0.0
20270826,fast reversible,0.0,0.0,0.05363756740291875,0.0,0.003769004133908016
20270826,fast reversible,0.05,0.0,0.026467266937495515,0.0,0.007428236705890406
20270826,fast reversible,0.1,0.0,0.018305693969053016,0.0,0.007847473411274425
20270826,fast reversible,0.15000000000000002,0.0,0.010960159593899288,0.0,0.007332822745548279
20270826,fast reversible,0.2,0.0,0.005915913745286383,0.0,0.004696224316064368
20270826,fast reversible,0.25,0.0,0.002799238119535863,0.0,0.004624657435965518
20270826,fast reversible,0.30000000000000004,0.00833333333333336,-0.005774697098491599,-0.00840336134453784,0.043534214673019433
20270826,fast reversible,0.35000000000000003,0.1916666666666667,0.33060489597459797,-0.19327731092436976,0.16076648459702214
20270826,fast reversible,0.4,0.275,0.4580872480769884,-0.2773109243697479,0.23771641172484903
20270826,fast reversible,0.45,0.375,0.623427030275798,-0.37815126050420167,0.29587136253197244
20270826,fast reversible,0.5,0.39166666666666666,0.6574898866630862,-0.3949579831932773,0.28563345977395205
20270826,fast reversible,0.55,0.375,0.6403621096781793,-0.37815126050420167,0.2546584064376165
20270826,fast reversible,0.6000000000000001,0.375,0.6517574129264496,-0.37815126050420167,0.22687553464422228
20270826,fast reversible,0.65,0.3,0.526934642246874,-0.3025210084033613,0.1723383297459652
20270826,fast reversible,0.7000000000000001,0.22499999999999998,0.4084589248456607,-0.226890756302521,0.12016638313996852
20270826,fast reversible,0.75,0.09166666666666662,0.16910637299996012,-0.09243697478991597,0.05838461802849615
20270826,fast reversible,0.8,0.0,-2.9589260389650818e-06,0.0,0.00427168611072215
20270826,fast reversible,0.8500000000000001,0.0,7.652405043956367e-05,0.0,0.0012528563662335124
20270826,fast reversible,0.9,0.0,-0.00013329696354080767,0.0,0.002634486804624081
20270826,fast reversible,0.9500000000000001,0.0,7.109716345454764e-05,0.0,0.0017860209813620465
20270826,fast reversible,1.0,0.0,0.0,0.0,0.0
20270826,"fast reversible, slow ramp",0.0,0.0,-0.0075432537232005825,0.0,0.002294283884976024
20270826,"fast reversible, slow ramp",0.05,0.0,0.007680848718527533,0.0,0.0001375467072647768
20270826,"fast reversible, slow ramp",0.1,0.0,0.005164784776483022,0.0,0.0012637621337462102
20270826,"fast reversible, slow ramp",0.15000000000000002,0.0,0.001436982418880739,0.0,0.0015253062050540889
20270826,"fast reversible, slow ramp",0.2,0.0,0.0033378755919014624,0.0,0.004847340276598194
20270826,"fast reversible, slow ramp",0.25,0.0,0.0062449387584045946,0.0,0.0018752145463424297
20270826,"fast reversible, slow ramp",0.30000000000000004,0.0,0.003258015567886019,0.0,-0.0003061235643717075
20270826,"fast reversible, slow ramp",0.35000000000000003,0.0,0.0031236241746676607,0.0,-0.00041293064174419136
20270826,"fast reversible, slow ramp",0.4,0.0,-0.001037752480442078,0.0,0.0026267734018259326
20270826,"fast reversible, slow ramp",0.45,0.2416666666666667,0.4019449453737103,-0.24369747899159666,0.1715141440080737
20270826,"fast reversible, slow ramp",0.5,0.4,0.6714789764147581,-0.40336134453781514,0.29015736931771674
20270826,"fast reversible, slow ramp",0.55,0.31666666666666665,0.5380820596906002,-0.31932773109243695,0.21803288288205047
20270826,"fast reversible, slow ramp",0.6000000000000001,0.15000000000000002,0.2491812895471801,-0.15126050420168066,0.11179135337733326
20270826,"fast reversible, slow ramp",0.65,0.0,1.846215728673606e-05,0.0,-0.0017636645577864263
20270826,"fast reversible, slow ramp",0.7000000000000001,0.0,-1.0691538845919446e-05,0.0,0.0006813912179982617
20270826,"fast reversible, slow ramp",0.75,0.0,1.7422596638172472e-05,0.0,0.0010969673402563274
20270826,"fast reversible, slow ramp",0.8,0.0,5.668711033912643e-07,0.0,0.00035110701953766643
20270826,"fast reversible, slow ramp",0.8500000000000001,0.0,1.2515612598407166e-05,0.0,-0.0010482014387722671
20270826,"fast reversible, slow ramp",0.9,0.0,5.16062690358865e-06,0.0,-0.002498031911538745
20270826,"fast reversible, slow ramp",0.9500000000000001,0.0,8.153438946667535e-06,0.0,0.00048063469278847304
20270826,"fast reversible, slow ramp",1.0,0.0,0.0,0.0,0.0
20270826,slow reversible,0.0,0.0,0.07237865023219764,0.0,0.012760900687642629
20270826,slow reversible,0.05,0.06666666666666671,0.1560250197833013,-0.0672268907563025,0.04083785566654402
20270826,slow reversible,0.1,0.14166666666666666,0.21645736950245292,-0.14285714285714285,0.0892135114762938
20270826,slow reversible,0.15000000000000002,0.20833333333333337,0.29852212585103366,-0.21008403361344538,0.1387495921346099
20270826,slow reversible,0.2,0.23333333333333334,0.3335379574568566,-0.23529411764705882,0.16866628837294906
20270826,slow reversible,0.25,0.25833333333333336,0.3828141153274481,-0.2605042016806723,0.2112265287944574
20270826,slow reversible,0.30000000000000004,0.30000000000000004,0.4657165945291795,-0.3025210084033614,0.26080875168710876
20270826,slow reversible,0.35000000000000003,0.33333333333333337,0.5318017792581811,-0.33613445378151263,0.2984320764087891
20270826,slow reversible,0.4,0.375,0.602635900502138,-0.37815126050420167,0.3195055650243839
20270826,slow reversible,0.45,0.39166666666666666,0.6441931470559817,-0.3949579831932773,0.32056197633036454
20270826,slow reversible,0.5,0.4,0.6709314238343744,-0.40336134453781514,0.29378543930390955
20270826,slow reversible,0.55,0.38333333333333336,0.6526493388689029,-0.3865546218487395,0.26098938404931216
20270826,slow reversible,0.6000000000000001,0.325,0.5647587646480424,-0.3277310924369748,0.2162668795522089
20270826,slow reversible,0.65,0.2916666666666667,0.5136401694870332,-0.29411764705882354,0.16898803951235275
20270826,slow reversible,0.7000000000000001,0.20833333333333331,0.3681978498724089,-0.21008403361344538,0.1118215482766235
20270826,slow reversible,0.75,0.13333333333333336,0.23516705074684574,-0.13445378151260504,0.07034366973319395
20270826,slow reversible,0.8,0.09166666666666667,0.16499425386107713,-0.09243697478991597,0.03573730402491948
20270826,slow reversible,0.8500000000000001,0.0,3.7924425118962546e-05,0.0,0.00626602695472156
20270826,slow reversible,0.9,0.0,-1.3702499089385256e-05,0.0,0.002728202729202822
20270826,slow reversible,0.9500000000000001,0.0,-1.1687547739946957e-05,0.0,0.0017670328481182995
20270826,slow reversible,1.0,0.0,0.0,0.0,0.0
20270826,"slow reversible, slow ramp",0.0,0.0,-0.06017575688694027,0.0,-8.392659012171344e-05
20270826,"slow reversible, slow ramp",0.05,0.0,-0.053409871342896875,0.0,-0.0059435202940906345
20270826,"slow reversible, slow ramp",0.1,0.0,-0.053216365633342644,0.0,-0.006476521681820224
20270826,"slow reversible, slow ramp",0.15000000000000002,0.0,-0.055626920934833346,0.0,-0.008772963377364412
20270826,"slow reversible, slow ramp",0.2,0.0,-0.054661674460434184,0.0,-0.0067473499711313
20270826,"slow reversible, slow ramp",0.25,0.10833333333333334,0.15908971464554855,-0.1092436974789916,0.053377682109369606
20270826,"slow reversible, slow ramp",0.30000000000000004,0.20833333333333337,0.3061305691938732,-0.21008403361344538,0.13270579361166784
20270826,"slow reversible, slow ramp",0.35000000000000003,0.275,0.43269377304733864,-0.2773109243697479,0.2107615293606795
20270826,"slow reversible, slow ramp",0.4,0.35833333333333334,0.5721572650399969,-0.36134453781512604,0.29892169051496376
20270826,"slow reversible, slow ramp",0.45,0.4,0.6584672495028282,-0.40336134453781514,0.3155068956179428
20270826,"slow reversible, slow ramp",0.5,0.4,0.6714807744330847,-0.40336134453781514,0.2901765759497571
20270826,"slow reversible, slow ramp",0.55,0.30833333333333335,0.5315525398807343,-0.31092436974789917,0.21544063045638273
20270826,"slow reversible, slow ramp",0.6000000000000001,0.04999999999999999,0.08206901476794226,-0.05042016806722689,0.052995249920032794
20270826,"slow reversible, slow ramp",0.65,0.0,1.2278629565320998e-05,0.0,-0.0020236804648797735
20270826,"slow reversible, slow ramp",0.7000000000000001,0.0,-5.9117252240170615e-06,0.0,0.0006859768567375468
20270826,"slow reversible, slow ramp",0.75,0.0,1.110076405652638e-05,0.0,0.00107601669106272
20270826,"slow reversible, slow ramp",0.8,0.0,-1.93143679161345e-07,0.0,0.00036551043749177836
20270826,"slow reversible, slow ramp",0.8500000000000001,0.0,2.0489569622306192e-05,0.0,-0.0010354874521052437
20270826,"slow reversible, slow ramp",0.9,0.0,6.306382661747101e-06,0.0,-0.002500220314074819
20270826,"slow reversible, slow ramp",0.9500000000000001,0.0,6.176681768277348e-06,0.0,0.0004809439180633035
20270826,"slow reversible, slow ramp",1.0,0.0,0.0,0.0,0.0
20270826,one-way boundary,0.0,0.4,0.5966064969981111,-0.40336134453781514,0.24643818909279844
20270826,one-way boundary,0.05,0.4,0.5955128975243568,-0.40336134453781514,0.32067160866880706
20270826,one-way boundary,0.1,0.4,0.5878211549062258,-0.40336134453781514,0.3658148830795165
20270826,one-way boundary,0.15000000000000002,0.4,0.5898939686461533,-0.40336134453781514,0.39006924021910144
20270826,one-way boundary,0.2,0.4,0.5932465026990037,-0.40336134453781514,0.3945762113463007
20270826,one-way boundary,0.25,0.4,0.607487811783278,-0.40336134453781514,0.39099144358312454
20270826,one-way boundary,0.30000000000000004,0.4,0.6168191321973258,-0.40336134453781514,0.38148124993706206
20270826,one-way boundary,0.35000000000000003,0.4,0.632513261585775,-0.40336134453781514,0.3632512286713421
20270826,one-way boundary,0.4,0.4,0.6445175529321917,-0.40336134453781514,0.3437888499697269
20270826,one-way boundary,0.45,0.4,0.6604031114670035,-0.40336134453781514,0.3213205443671917
20270826,one-way boundary,0.5,0.4,0.6709318399700679,-0.40336134453781514,0.2938066376911329
20270826,one-way boundary,0.55,0.35833333333333334,0.608988638809133,-0.36134453781512604,0.2524666926825452
20270826,one-way boundary,0.6000000000000001,0.31666666666666665,0.5384122295586599,-0.31932773109243695,0.20895421503334888
20270826,one-way boundary,0.65,0.2833333333333333,0.49458365364254964,-0.2857142857142857,0.16446259509507044
20270826,one-way boundary,0.7000000000000001,0.24166666666666664,0.4298860411784746,-0.24369747899159663,0.12483629137662333
20270826,one-way boundary,0.75,0.13333333333333336,0.2428743939168735,-0.13445378151260504,0.07012207277979587
20270826,one-way boundary,0.8,0.0,9.288496704484839e-05,0.0,0.008868577318966286
20270826,one-way boundary,0.8500000000000001,0.0,-1.8104606449242944e-05,0.0,0.0013381147360399526
20270826,one-way boundary,0.9,0.0,-1.2552693012923832e-05,0.0,0.0026125198820223794
20270826,one-way boundary,0.9500000000000001,0.0,-1.3879577356434858e-05,0.0,0.0017658614687501295
20270826,one-way boundary,1.0,0.0,0.0,0.0,0.0
20270826,slow reversible + graph reset,0.0,0.0,0.03401188719074594,0.0,0.005083206468373375
20270826,slow reversible + graph reset,0.05,0.0,0.03377066269566392,0.0,0.010190046277432557
20270826,slow reversible + graph reset,0.1,0.0,0.022116512549945067,0.0,0.01128947466534283
20270826,slow reversible + graph reset,0.15000000000000002,0.0,0.012018075734774925,0.0,0.011382424224752635
20270826,slow reversible + graph reset,0.2,0.0,0.004480327330544653,0.0,0.00911062683860378
20270826,slow reversible + graph reset,0.25,0.0,0.010573379191943177,0.0,0.0078133035063509
20270826,slow reversible + graph reset,0.30000000000000004,0.0,0.003133463516441004,0.0,0.008188205629704348
20270826,slow reversible + graph reset,0.35000000000000003,0.0,0.0041822488268057345,0.0,0.005635257013646255
20270826,slow reversible + graph reset,0.4,0.0,0.00203047167441861,0.0,0.005574185664883491
20270826,slow reversible + graph reset,0.45,0.0,0.003112091241265269,0.0,0.005797671874380239
20270826,slow reversible + graph reset,0.5,0.0,-0.00052854545755604,0.0,0.010478057626459814
20270826,slow reversible + graph reset,0.55,0.38333333333333336,0.6526493388689029,-0.3865546218487395,0.26098938404931216
20270826,slow reversible + graph reset,0.6000000000000001,0.325,0.5647587646480424,-0.3277310924369748,0.2162668795522089
20270826,slow reversible + graph reset,0.65,0.2916666666666667,0.5136401694870332,-0.29411764705882354,0.16898803951235275
20270826,slow reversible + graph reset,0.7000000000000001,0.20833333333333331,0.3681978498724089,-0.21008403361344538,0.1118215482766235
20270826,slow reversible + graph reset,0.75,0.13333333333333336,0.23516705074684574,-0.13445378151260504,0.07034366973319395
20270826,slow reversible + graph reset,0.8,0.09166666666666667,0.16499425386107713,-0.09243697478991597,0.03573730402491948
20270826,slow reversible + graph reset,0.8500000000000001,0.0,3.7924425118962546e-05,0.0,0.00626602695472156
20270826,slow reversible + graph reset,0.9,0.0,-1.3702499089385256e-05,0.0,0.002728202729202822
20270826,slow reversible + graph reset,0.9500000000000001,0.0,-1.1687547739946957e-05,0.0,0.0017670328481182995
20270826,slow reversible + graph reset,1.0,0.0,0.0,0.0,0.0
20270827,no rewiring,0.0,0.0,0.052310884161557436,0.0,0.003213948831186475
20270827,no rewiring,0.05,0.0,0.034099865881163705,0.0,0.010454636473674908
20270827,no rewiring,0.1,0.0,0.01982936690857262,0.0,0.011366168589498293
20270827,no rewiring,0.15000000000000002,0.0,0.01475575791170608,0.0,0.009070895228150105
20270827,no rewiring,0.2,0.0,0.009707778826392177,0.0,0.01090052717409562
20270827,no rewiring,0.25,0.0,0.007131908408630205,0.0,0.0073532524927011345
20270827,no rewiring,0.30000000000000004,0.0,0.003912583066732034,0.0,0.007467327454175832
20270827,no rewiring,0.35000000000000003,0.0,0.006788023002566479,0.0,0.00320498027306515
20270827,no rewiring,0.4,0.0,0.0022772597195206967,0.0,0.004153459189718656
20270827,no rewiring,0.45,0.0,-0.0013080428690920298,0.0,0.004920802232732946
20270827,no rewiring,0.5,0.0,0.0011877427202728885,0.0,0.0037357269594078257
20270827,no rewiring,0.55,0.0,0.00046486137408463524,0.0,0.001988066717276471
20270827,no rewiring,0.6000000000000001,0.0,0.0003096967037636289,0.0,0.0018121552460378387
20270827,no rewiring,0.65,0.0,0.00017656523345604969,0.0,0.002475423015123712
20270827,no rewiring,0.7000000000000001,0.0,-0.0012200799186566913,0.0,0.001413481117607085
20270827,no rewiring,0.75,0.0,-0.0025915373205190884,0.0,0.0019112391008219154
20270827,no rewiring,0.8,0.0,-0.0003093214588973381,0.0,0.0028060026429014284
20270827,no rewiring,0.8500000000000001,0.0,0.0001444404227051166,0.0,0.003375367812367358
20270827,no rewiring,0.9,0.0,-0.0014662199466469183,0.0,0.0028945971776458412
20270827,no rewiring,0.9500000000000001,0.0,0.00028722582703533117,0.0,0.0024886883265219373
20270827,no rewiring,1.0,0.0,0.0,0.0,0.0
20270827,fast reversible,0.0,0.0,0.06043406215524999,0.0,0.002969050473776852
20270827,fast reversible,0.05,0.0,0.046138150984562365,0.0,0.008430340716629584
20270827,fast reversible,0.1,0.0,0.029583563400587987,0.0,0.008340466897089505
20270827,fast reversible,0.15000000000000002,0.0,0.031647260855464654,0.0,0.005058231881006486
20270827,fast reversible,0.2,0.0,0.02122239837718992,0.0,0.005716724394786071
20270827,fast reversible,0.25,0.0,0.019046716886714665,0.0,0.005023293111812321
20270827,fast reversible,0.30000000000000004,0.05833333333333335,0.08569884960249158,-0.0625,0.07263397102325186
20270827,fast reversible,0.35000000000000003,0.22500000000000003,0.3457748848501384,-0.24107142857142855,0.18276166025842422
20270827,fast reversible,0.4,0.30000000000000004,0.475479044326973,-0.3214285714285714,0.24572854462530452
20270827,fast reversible,0.45,0.36666666666666675,0.6022134586712466,-0.39285714285714285,0.28575869118333885
20270827,fast reversible,0.5,0.3916666666666667,0.6533951655990606,-0.4196428571428571,0.28101708636193246
20270827,fast reversible,0.55,0.38333333333333336,0.6539081138672498,-0.4107142857142857,0.2510406550741928
20270827,fast reversible,0.6000000000000001,0.32500000000000007,0.5676004449390404,-0.3482142857142857,0.20560723866067454
20270827,fast reversible,0.65,0.275,0.4918671539088078,-0.2946428571428571,0.16182635767397113
20270827,fast reversible,0.7000000000000001,0.21666666666666667,0.39659266089432577,-0.23214285714285715,0.114571237336616
20270827,fast reversible,0.75,0.05833333333333335,0.10753295095860294,-0.0625,0.05019511290202716
20270827,fast reversible,0.8,0.0,-4.6478619114553865e-05,0.0,0.005509033161830601
20270827,fast reversible,0.8500000000000001,0.0,0.0002532926934808444,0.0,0.002660464466658796
20270827,fast reversible,0.9,0.0,0.00011083933236377685,0.0,0.0019386222012721666
20270827,fast reversible,0.9500000000000001,0.0,0.00011411567674146639,0.0,0.0015383873866886555
20270827,fast reversible,1.0,0.0,0.0,0.0,0.0
20270827,"fast reversible, slow ramp",0.0,0.0,-0.004431591458104123,0.0,3.0490229796314994e-05
20270827,"fast reversible, slow ramp",0.05,0.0,0.01357350587334022,0.0,-0.0007119283882069394
20270827,"fast reversible, slow ramp",0.1,0.0,0.004164618725699842,0.0,-0.003780756631098947
20270827,"fast reversible, slow ramp",0.15000000000000002,0.0,-0.004956260767521259,0.0,-0.006227286901078571
20270827,"fast reversible, slow ramp",0.2,0.0,-3.567711382107541e-05,0.0,-0.006573241874939656
20270827,"fast reversible, slow ramp",0.25,0.0,0.0032489894088499893,0.0,-0.01007281341178462
20270827,"fast reversible, slow ramp",0.30000000000000004,0.0,0.007273140629158237,0.0,-0.009226579831145831
20270827,"fast reversible, slow ramp",0.35000000000000003,0.0,0.007820588394967853,0.0,-0.011229042129557554
20270827,"fast reversible, slow ramp",0.4,0.0,0.004715785129356442,0.0,-0.01022293958867504
20270827,"fast reversible, slow ramp",0.45,0.13333333333333336,0.22880881242412077,-0.14285714285714285,0.08990082314667475
20270827,"fast reversible, slow ramp",0.5,0.3916666666666667,0.6532109354696619,-0.4196428571428571,0.27749714890231125
20270827,"fast reversible, slow ramp",0.55,0.30000000000000004,0.5161701777946466,-0.3214285714285714,0.20860586000777004
20270827,"fast reversible, slow ramp",0.6000000000000001,0.13333333333333336,0.2307484625920393,-0.14285714285714285,0.09255072706029066
20270827,"fast reversible, slow ramp",0.65,0.0,0.0002904857129231164,0.0,0.009880107087358425
20270827,"fast reversible, slow ramp",0.7000000000000001,0.0,-0.00015028246424730884,0.0,0.002452558022419171
20270827,"fast reversible, slow ramp",0.75,0.0,-6.861215199704951e-05,0.0,-0.0014263314681934869
20270827,"fast reversible, slow ramp",0.8,0.0,-6.119982028762738e-05,0.0,-6.011165390884532e-05
20270827,"fast reversible, slow ramp",0.8500000000000001,0.0,-2.9190419041702498e-05,0.0,0.00044349849865366053
20270827,"fast reversible, slow ramp",0.9,0.0,-6.172834068696176e-05,0.0,0.0009055431360236454
20270827,"fast reversible, slow ramp",0.9500000000000001,0.0,-5.2059897853062864e-05,0.0,-0.0014889153481735251
20270827,"fast reversible, slow ramp",1.0,0.0,0.0,0.0,0.0
20270827,slow reversible,0.0,0.16666666666666669,0.24677846256331742,-0.17857142857142855,0.03623338022651313
20270827,slow reversible,0.05,0.18333333333333335,0.264829090941203,-0.1964285714285714,0.07640039434233982
20270827,slow reversible,0.1,0.20833333333333337,0.29823976218541237,-0.2232142857142857,0.12658441483550253
20270827,slow reversible,0.15000000000000002,0.25,0.36577962597818336,-0.2678571428571428,0.17906310695257774
20270827,slow reversible,0.2,0.2833333333333333,0.4120694746448009,-0.30357142857142855,0.23992883375283366
20270827,slow reversible,0.25,0.31666666666666665,0.46963689640995393,-0.33928571428571425,0.2780543089322268
20270827,slow reversible,0.30000000000000004,0.35,0.528140544654538,-0.375,0.3104123828869526
20270827,slow reversible,0.35000000000000003,0.36666666666666675,0.5718211905139952,-0.39285714285714285,0.3178905649611603
20270827,slow reversible,0.4,0.38333333333333336,0.6106512094896746,-0.4107142857142857,0.31520548653155805
20270827,slow reversible,0.45,0.38333333333333336,0.6230608908719057,-0.4107142857142857,0.3012293318582181
20270827,slow reversible,0.5,0.3916666666666667,0.6540689556915815,-0.4196428571428571,0.2802397393893322
20270827,slow reversible,0.55,0.3583333333333334,0.6105832978008686,-0.3839285714285714,0.24188707081339267
20270827,slow reversible,0.6000000000000001,0.2916666666666667,0.4988304927589968,-0.3125,0.19609712737238916
20270827,slow reversible,0.65,0.2666666666666667,0.4642789644709282,-0.2857142857142857,0.14772603054202804
20270827,slow reversible,0.7000000000000001,0.1166666666666667,0.2028689229388877,-0.125,0.0757432250816159
20270827,slow reversible,0.75,0.0,8.04077850109497e-05,0.0,0.007092343823997038
20270827,slow reversible,0.8,0.0,4.940036066225506e-05,0.0,0.0021221977552556837
20270827,slow reversible,0.8500000000000001,0.0,0.00025903810066241206,0.0,0.0025582800891390534
20270827,slow reversible,0.9,0.0,0.00013639624946859552,0.0,0.0019434699080237428
20270827,slow reversible,0.9500000000000001,0.0,-9.939918315848839e-05,0.0,0.0015402332446193823
20270827,slow reversible,1.0,0.0,0.0,0.0,0.0
20270827,"slow reversible, slow ramp",0.0,0.0,-0.013745844813394414,0.0,0.0007621857019712644
20270827,"slow reversible, slow ramp",0.05,0.0,0.015511395318820509,0.0,0.0009378160736471797
20270827,"slow reversible, slow ramp",0.1,0.0,0.005180120448796399,0.0,-0.0010958687438433479
20270827,"slow reversible, slow ramp",0.15000000000000002,0.0,-0.005577494427174368,0.0,-0.003646547904012809
20270827,"slow reversible, slow ramp",0.2,0.0,-0.0001446097463402296,0.0,-0.002654858124745113
20270827,"slow reversible, slow ramp",0.25,0.01666666666666672,-0.003976046139149869,-0.01785714285714285,0.005357420036994798
20270827,"slow reversible, slow ramp",0.30000000000000004,0.13333333333333336,0.1931805754802584,-0.14285714285714285,0.08059344660485601
20270827,"slow reversible, slow ramp",0.35000000000000003,0.22500000000000003,0.33151673801305187,-0.24107142857142855,0.15253091379151495
20270827,"slow reversible, slow ramp",0.4,0.325,0.5150474720276471,-0.3482142857142857,0.24297471977931023
20270827,"slow reversible, slow ramp",0.45,0.35833333333333334,0.5816815147353545,-0.3839285714285714,0.26450056257542903
20270827,"slow reversible, slow ramp",0.5,0.4,0.6662212569194369,-0.42857142857142855,0.2860761845313533
20270827,"slow reversible, slow ramp",0.55,0.25,0.4190454430343288,-0.26785714285714285,0.18803426456176509
20270827,"slow reversible, slow ramp",0.6000000000000001,0.1166666666666667,0.19578850498037836,-0.125,0.0820039120671816
20270827,"slow reversible, slow ramp",0.65,0.0,1.4986488887647198e-05,0.0,-0.00015707487203142634
20270827,"slow reversible, slow ramp",0.7000000000000001,0.0,9.294533538373173e-06,0.0,0.0024467580725643368
20270827,"slow reversible, slow ramp",0.75,0.0,-3.6802038989924846e-05,0.0,-0.0014294354853923164
20270827,"slow reversible, slow ramp",0.8,0.0,-9.197750479250644e-06,0.0,-4.6466105878550934e-05
20270827,"slow reversible, slow ramp",0.8500000000000001,0.0,-1.0045898205190973e-05,0.0,0.0004437445892504499
20270827,"slow reversible, slow ramp",0.9,0.0,-4.148902864453685e-05,0.0,0.0009170352328433662
20270827,"slow reversible, slow ramp",0.9500000000000001,0.0,1.8471911746309466e-05,0.0,-0.0014910754099667356
20270827,"slow reversible, slow ramp",1.0,0.0,0.0,0.0,0.0
20270827,one-way boundary,0.0,0.4,0.568018849257699,-0.42857142857142855,0.23966997444257557
20270827,one-way boundary,0.05,0.4,0.5713394674207211,-0.42857142857142855,0.3206369868697478
20270827,one-way boundary,0.1,0.4,0.5733890266099997,-0.42857142857142855,0.36554709132129576
20270827,one-way boundary,0.15000000000000002,0.4,0.5796923536569094,-0.42857142857142855,0.38297109956618025
20270827,one-way boundary,0.2,0.4,0.584074251670947,-0.42857142857142855,0.3925780605854048
20270827,one-way boundary,0.25,0.4,0.5961377198497448,-0.42857142857142855,0.38456668281110684
20270827,one-way boundary,0.30000000000000004,0.4,0.6059770602123875,-0.42857142857142855,0.37377692600545553
20270827,one-way boundary,0.35000000000000003,0.4,0.6269725589490356,-0.42857142857142855,0.3540276818806932
20270827,one-way boundary,0.4,0.4,0.6369893876350494,-0.42857142857142855,0.33564272775670007
20270827,one-way boundary,0.45,0.4,0.6507001340450367,-0.42857142857142855,0.31471054863093184
20270827,one-way boundary,0.5,0.4,0.6670002425684445,-0.42857142857142855,0.28894681569125225
20270827,one-way boundary,0.55,0.3666666666666667,0.6162181213899679,-0.39285714285714285,0.2501063963026956
20270827,one-way boundary,0.6000000000000001,0.325,0.5620358074027543,-0.3482142857142857,0.2084129959834341
20270827,one-way boundary,0.65,0.2583333333333333,0.4489241139981729,-0.2767857142857143,0.155614950310483
20270827,one-way boundary,0.7000000000000001,0.1333333333333333,0.2386126529705873,-0.14285714285714285,0.08648190103888909
20270827,one-way boundary,0.75,0.03333333333333327,0.05968306903737286,-0.03571428571428571,0.031130149777980565
20270827,one-way boundary,0.8,0.0,1.6675662298348826e-05,0.0,0.0031049990600585664
20270827,one-way boundary,0.8500000000000001,0.0,-2.596216708283805e-06,0.0,0.002544626482984813
20270827,one-way boundary,0.9,0.0,1.0930148991450395e-06,0.0,0.0019038447444770235
20270827,one-way boundary,0.9500000000000001,0.0,1.6741262891972752e-05,0.0,0.0015163953085218784
20270827,one-way boundary,1.0,0.0,0.0,0.0,0.0
20270827,slow reversible + graph reset,0.0,0.0,0.05231088408005635,0.0,0.0032139469373235474
20270827,slow reversible + graph reset,0.05,0.0,0.034099865045078226,0.0,0.010454635732887227
20270827,slow reversible + graph reset,0.1,0.0,0.019829364580281617,0.0,0.011366169676252813
20270827,slow reversible + graph reset,0.15000000000000002,0.0,0.01475575208130886,0.0,0.009070898519663667
20270827,slow reversible + graph reset,0.2,0.0,0.009707768074059764,0.0,0.010900536786188242
20270827,slow reversible + graph reset,0.25,0.0,0.007131901803298424,0.0,0.007353286459071684
20270827,slow reversible + graph reset,0.30000000000000004,0.0,0.0039126996214375875,0.0,0.007467500370828883
20270827,slow reversible + graph reset,0.35000000000000003,0.0,0.006789379262532147,0.0,0.0032064925979393144
20270827,slow reversible + graph reset,0.4,0.0,0.0022905151877068985,0.0,0.004173077996903418
20270827,slow reversible + graph reset,0.45,0.0,-0.0011852946745745663,0.0,0.005259845463481294
20270827,slow reversible + graph reset,0.5,0.0,0.0008778298223543479,0.0,0.011414555725706599
20270827,slow reversible + graph reset,0.55,0.3583333333333334,0.6105832978008686,-0.3839285714285714,0.24188707081339267
20270827,slow reversible + graph reset,0.6000000000000001,0.2916666666666667,0.4988304927589968,-0.3125,0.19609712737238916
20270827,slow reversible + graph reset,0.65,0.2666666666666667,0.4642789644709282,-0.2857142857142857,0.14772603054202804
20270827,slow reversible + graph reset,0.7000000000000001,0.1166666666666667,0.2028689229388877,-0.125,0.0757432250816159
20270827,slow reversible + graph reset,0.75,0.0,8.04077850109497e-05,0.0,0.007092343823997038
20270827,slow reversible + graph reset,0.8,0.0,4.940036066225506e-05,0.0,0.0021221977552556837
20270827,slow reversible + graph reset,0.8500000000000001,0.0,0.00025903810066241206,0.0,0.0025582800891390534
20270827,slow reversible + graph reset,0.9,0.0,0.00013639624946859552,0.0,0.0019434699080237428
20270827,slow reversible + graph reset,0.9500000000000001,0.0,-9.939918315848839e-05,0.0,0.0015402332446193823
20270827,slow reversible + graph reset,1.0,0.0,0.0,0.0,0.0
20270828,no rewiring,0.0,0.0,0.013246383880966106,0.0,0.00249026752441614
20270828,no rewiring,0.05,0.0,0.019961185601077958,0.0,0.010546755866348984
20270828,no rewiring,0.1,0.0,0.019814739747154198,0.0,0.013801237039477665
20270828,no rewiring,0.15000000000000002,0.0,0.023476555888425954,0.0,0.013517338123055667
20270828,no rewiring,0.2,0.0,0.012495344718433443,0.0,0.012850502029081085
20270828,no rewiring,0.25,0.0,0.002359375494210114,0.0,0.009888130454862587
20270828,no rewiring,0.30000000000000004,0.0,0.004927152761189546,0.0,0.007448407203550778
20270828,no rewiring,0.35000000000000003,0.0,0.00472959374109333,0.0,0.0051401332025324264
20270828,no rewiring,0.4,0.0,0.0018012408710753602,0.0,0.005487322646094861
20270828,no rewiring,0.45,0.0,0.001554731359016237,0.0,0.0041465471397585385
20270828,no rewiring,0.5,0.0,0.0021653693309081623,0.0,0.0014462477242719318
20270828,no rewiring,0.55,0.0,0.0013037162287274362,0.0,0.004036263716068911
20270828,no rewiring,0.6000000000000001,0.0,0.0025483793960451306,0.0,-8.58064009529036e-05
20270828,no rewiring,0.65,0.0,0.00034899012240019456,0.0,0.0030163920251388143
20270828,no rewiring,0.7000000000000001,0.0,-0.00226863887302331,0.0,0.0008956733636922287
20270828,no rewiring,0.75,0.0,-0.001594309073994049,0.0,0.0010276288263718625
20270828,no rewiring,0.8,0.0,0.00044956319813788115,0.0,0.0024925731664815487
20270828,no rewiring,0.8500000000000001,0.0,-0.00021447741346056204,0.0,0.0011024966729853425
20270828,no rewiring,0.9,0.0,-0.00026370526900115765,0.0,0.0011039865507094238
20270828,no rewiring,0.9500000000000001,0.0,0.0014308953055857943,0.0,0.0003023778803623589
20270828,no rewiring,1.0,0.0,0.0,0.0,0.0
20270828,fast reversible,0.0,0.0,-0.029863028607735098,0.0,-0.0008069243586425606
20270828,fast reversible,0.05,0.0,-0.029818028169822375,0.0,0.00421712402542912
20270828,fast reversible,0.1,0.0,-0.027546478365795546,0.0,0.005780594340467238
20270828,fast reversible,0.15000000000000002,0.0,-0.03273232834975648,0.0,0.004434344306965654
20270828,fast reversible,0.2,0.0,-0.04377009060682313,0.0,0.003150012932839591
20270828,fast reversible,0.25,0.0,-0.04482575602718558,0.0,0.005424193561393176
20270828,fast reversible,0.30000000000000004,0.050000000000000044,0.005744601157138318,-0.05042016806722688,0.05672882214136998
20270828,fast reversible,0.35000000000000003,0.16666666666666669,0.22569797516571088,-0.16806722689075632,0.13356084327538553
20270828,fast reversible,0.4,0.275,0.40439991600743636,-0.2773109243697479,0.235838513901805
20270828,fast reversible,0.45,0.3666666666666667,0.573763071668511,-0.3697478991596639,0.296247508965639
20270828,fast reversible,0.5,0.4,0.6436451112279907,-0.40336134453781514,0.29651600659071287
20270828,fast reversible,0.55,0.36666666666666664,0.6130580310968647,-0.3697478991596639,0.2651896360801803
20270828,fast reversible,0.6000000000000001,0.31666666666666665,0.5525903214973629,-0.31932773109243695,0.21433788195527426
20270828,fast reversible,0.65,0.26666666666666666,0.4746193503057008,-0.2689075630252101,0.16899055825874765
20270828,fast reversible,0.7000000000000001,0.19166666666666665,0.3452604512706994,-0.19327731092436976,0.1089450619450193
20270828,fast reversible,0.75,0.05833333333333335,0.10524033939441013,-0.058823529411764705,0.04099278197104128
20270828,fast reversible,0.8,0.0,1.4087765029646704e-05,0.0,0.004744677349535209
20270828,fast reversible,0.8500000000000001,0.0,-1.5245881789804905e-05,0.0,0.00020887485545872941
20270828,fast reversible,0.9,0.0,1.024330780929894e-05,0.0,2.166313653462204e-06
20270828,fast reversible,0.9500000000000001,0.0,6.990634583869948e-06,0.0,-0.0007913904658829463
20270828,fast reversible,1.0,0.0,0.0,0.0,0.0
20270828,"fast reversible, slow ramp",0.0,0.0,-0.013814347668796079,0.0,-0.0013315974019226726
20270828,"fast reversible, slow ramp",0.05,0.0,-0.04738382714974626,0.0,-0.0020166168559673375
20270828,"fast reversible, slow ramp",0.1,0.0,-0.04443798158230722,0.0,-0.003634939531275194
20270828,"fast reversible, slow ramp",0.15000000000000002,0.0,-0.041905091710496056,0.0,-0.010283438390285088
20270828,"fast reversible, slow ramp",0.2,0.0,-0.03561850093419794,0.0,-0.008295760876010139
20270828,"fast reversible, slow ramp",0.25,0.0,-0.03648285264821727,0.0,-0.0069654573056475155
20270828,"fast reversible, slow ramp",0.30000000000000004,0.0,-0.041031211347078766,0.0,-0.007301073253926815
20270828,"fast reversible, slow ramp",0.35000000000000003,0.0,-0.04009870627035067,0.0,-0.007210300518967483
20270828,"fast reversible, slow ramp",0.4,0.0,-0.03426927978737859,0.0,-0.006833549237682757
20270828,"fast reversible, slow ramp",0.45,0.1916666666666667,0.2878309331257702,-0.19327731092436976,0.14506687932086254
20270828,"fast reversible, slow ramp",0.5,0.39166666666666666,0.63040956203033,-0.3949579831932773,0.2820611118628066
20270828,"fast reversible, slow ramp",0.55,0.32499999999999996,0.544932245072927,-0.3277310924369748,0.23392219127960168
20270828,"fast reversible, slow ramp",0.6000000000000001,0.1833333333333333,0.3123589693529789,-0.18487394957983194,0.1369057924807967
20270828,"fast reversible, slow ramp",0.65,0.0,0.0002723257183048222,0.0,0.004242801293270815
20270828,"fast reversible, slow ramp",0.7000000000000001,0.0,0.00022315218540536197,0.0,0.0003894703470375127
20270828,"fast reversible, slow ramp",0.75,0.0,0.0001669369679099253,0.0,-0.0013530370710522766
20270828,"fast reversible, slow ramp",0.8,0.0,-9.953856615096957e-05,0.0,-0.0011383787745323781
20270828,"fast reversible, slow ramp",0.8500000000000001,0.0,-0.00012915018064840744,0.0,-5.036974530536753e-05
20270828,"fast reversible, slow ramp",0.9,0.0,0.00017246105334423056,0.0,-0.0006849160896109652
20270828,"fast reversible, slow ramp",0.9500000000000001,0.0,4.22070119442397e-05,0.0,0.00017518036087549316
20270828,"fast reversible, slow ramp",1.0,0.0,0.0,0.0,0.0
20270828,slow reversible,0.0,0.20833333333333337,0.2831297264756649,-0.21008403361344538,0.05809069357683877
20270828,slow reversible,0.05,0.2416666666666667,0.3064195157301634,-0.24369747899159666,0.13351504689896976
20270828,slow reversible,0.1,0.2916666666666667,0.3829402797810672,-0.29411764705882354,0.21800207239392128
20270828,slow reversible,0.15000000000000002,0.33333333333333337,0.45623271075969857,-0.33613445378151263,0.28686031368796855
20270828,slow reversible,0.2,0.35000000000000003,0.4772965218372608,-0.35294117647058826,0.34357370055962067
20270828,slow reversible,0.25,0.39166666666666666,0.5539343686388146,-0.3949579831932773,0.37882609313509547
20270828,slow reversible,0.30000000000000004,0.39166666666666666,0.5673761599077659,-0.3949579831932773,0.36989834566696156
20270828,slow reversible,0.35000000000000003,0.39166666666666666,0.5814114682841476,-0.3949579831932773,0.35736448178674696
20270828,slow reversible,0.4,0.4,0.61166693375276,-0.40336134453781514,0.34719312027836724
20270828,slow reversible,0.45,0.4,0.6276949438213956,-0.40336134453781514,0.32370601889035444
20270828,slow reversible,0.5,0.4,0.6436413113039656,-0.40336134453781514,0.2964839736747442
20270828,slow reversible,0.55,0.375,0.6290194129108742,-0.37815126050420167,0.2622124553058507
20270828,slow reversible,0.6000000000000001,0.3416666666666667,0.5792713784523784,-0.3445378151260504,0.2165277981479088
20270828,slow reversible,0.65,0.2833333333333333,0.4879492744066676,-0.2857142857142857,0.1700027261681728
20270828,slow reversible,0.7000000000000001,0.20833333333333331,0.36484227992594465,-0.21008403361344538,0.11638190138978588
20270828,slow reversible,0.75,0.10833333333333334,0.19412571312002724,-0.1092436974789916,0.06592176310175069
20270828,slow reversible,0.8,0.033333333333333326,0.061037805680192014,-0.03361344537815126,0.02034412285987741
20270828,slow reversible,0.8500000000000001,0.0,-1.978249164391599e-05,0.0,0.0010406364039784455
20270828,slow reversible,0.9,0.0,9.169372839235024e-06,0.0,3.421945099335577e-05
20270828,slow reversible,0.9500000000000001,0.0,9.304333506543472e-06,0.0,-0.0007846273514142688
20270828,slow reversible,1.0,0.0,0.0,0.0,0.0
20270828,"slow reversible, slow ramp",0.0,0.0,0.005038439109421311,0.0,-5.4201337259120186e-05
20270828,"slow reversible, slow ramp",0.05,0.0,-0.007538733216504945,0.0,0.0026303184121209133
20270828,"slow reversible, slow ramp",0.1,0.0,-0.011841831276985015,0.0,0.0024981882579040438
20270828,"slow reversible, slow ramp",0.15000000000000002,0.0,-0.0042598403482213,0.0,-0.0014617578768225115
20270828,"slow reversible, slow ramp",0.2,0.0,-0.009113937473396228,0.0,0.0030164748356060755
20270828,"slow reversible, slow ramp",0.25,0.1166666666666667,0.17111842759953338,-0.11764705882352944,0.07553237935245333
20270828,"slow reversible, slow ramp",0.30000000000000004,0.18333333333333335,0.25641634340619224,-0.18487394957983194,0.1291547869741464
20270828,"slow reversible, slow ramp",0.35000000000000003,0.275,0.39336787940899454,-0.2773109243697479,0.2002403898209852
20270828,"slow reversible, slow ramp",0.4,0.325,0.49417314404332235,-0.3277310924369748,0.24762244807152
20270828,"slow reversible, slow ramp",0.45,0.35833333333333334,0.5603757742294799,-0.36134453781512604,0.27732187497858235
20270828,"slow reversible, slow ramp",0.5,0.4,0.6436538678420234,-0.40336134453781514,0.290714838972855
20270828,"slow reversible, slow ramp",0.55,0.35,0.5720938722455897,-0.35294117647058826,0.24464548986470536
20270828,"slow reversible, slow ramp",0.6000000000000001,0.19166666666666665,0.31152509793533156,-0.19327731092436976,0.13854531664822634
20270828,"slow reversible, slow ramp",0.65,0.025000000000000022,0.0430306491219814,-0.025210084033613446,0.03273038602512057
20270828,"slow reversible, slow ramp",0.7000000000000001,0.0,-7.007161873406886e-06,0.0,0.0003869036958379368
20270828,"slow reversible, slow ramp",0.75,0.0,1.5495830760992035e-05,0.0,-0.0013542096380991797
20270828,"slow reversible, slow ramp",0.8,0.0,7.600038579469448e-06,0.0,-0.001163935786878012
20270828,"slow reversible, slow ramp",0.8500000000000001,0.0,1.9971145296060477e-05,0.0,-3.78628492148092e-05
20270828,"slow reversible, slow ramp",0.9,0.0,-9.38526913751847e-06,0.0,-0.0006937655470895532
20270828,"slow reversible, slow ramp",0.9500000000000001,0.0,6.97679058048184e-06,0.0,0.00016908473195553775
20270828,"slow reversible, slow ramp",1.0,0.0,0.0,0.0,0.0
20270828,one-way boundary,0.0,0.39166666666666666,0.5294056338280086,-0.3949579831932773,0.22325956317597584
20270828,one-way boundary,0.05,0.39166666666666666,0.5368811810137835,-0.3949579831932773,0.2999285135500913
20270828,one-way boundary,0.1,0.39166666666666666,0.537967476027222,-0.3949579831932773,0.3449724052239529
20270828,one-way boundary,0.15000000000000002,0.39166666666666666,0.5481600012191254,-0.3949579831932773,0.3691568634830689
20270828,one-way boundary,0.2,0.39166666666666666,0.5469441556412228,-0.3949579831932773,0.3777309057214223
20270828,one-way boundary,0.25,0.39166666666666666,0.5565242753809974,-0.3949579831932773,0.3766521535790636
20270828,one-way boundary,0.30000000000000004,0.39166666666666666,0.5698733191258343,-0.3949579831932773,0.36704482553032547
20270828,one-way boundary,0.35000000000000003,0.39166666666666666,0.5838653717417627,-0.3949579831932773,0.3520866773994954
20270828,one-way boundary,0.4,0.39166666666666666,0.6001278211770322,-0.3949579831932773,0.3347779926190616
20270828,one-way boundary,0.45,0.39166666666666666,0.6158076463446711,-0.3949579831932773,0.3125784316439273
20270828,one-way boundary,0.5,0.39166666666666666,0.6315098814306938,-0.3949579831932773,0.28654310688591333
20270828,one-way boundary,0.55,0.375,0.6168845086483271,-0.37815126050420167,0.2574994318729963
20270828,one-way boundary,0.6000000000000001,0.32499999999999996,0.5467688597618507,-0.3277310924369748,0.20455751396320232
20270828,one-way boundary,0.65,0.2583333333333333,0.44540125515908857,-0.26050420168067223,0.15635157356076912
20270828,one-way boundary,0.7000000000000001,0.15833333333333333,0.2793101826116511,-0.1596638655462185,0.09117092465713039
20270828,one-way boundary,0.75,0.09166666666666662,0.1637966156715579,-0.09243697478991597,0.04565896848809903
20270828,one-way boundary,0.8,0.0,-0.00015931798945045816,0.0,0.007202834835361771
20270828,one-way boundary,0.8500000000000001,0.0,0.0001885853063903209,0.0,0.0003368998890539432
20270828,one-way boundary,0.9,0.0,-0.00014446113176547204,0.0,5.167664913408032e-05
20270828,one-way boundary,0.9500000000000001,0.0,4.540235824379568e-05,0.0,-0.0007579258872800754
20270828,one-way boundary,1.0,0.0,0.0,0.0,0.0
20270828,slow reversible + graph reset,0.0,0.0,0.013246383504457837,0.0,0.0024902672224457884
20270828,slow reversible + graph reset,0.05,0.0,0.019961184180644853,0.0,0.01054675453660038
20270828,slow reversible + graph reset,0.1,0.0,0.019814735393207827,0.0,0.013801233703786386
20270828,slow reversible + graph reset,0.15000000000000002,0.0,0.023476542536986444,0.0,0.013517328891581526
20270828,slow reversible + graph reset,0.2,0.0,0.012495301185122487,0.0,0.012850472456514106
20270828,slow reversible + graph reset,0.25,0.0,0.002359223526229637,0.0,0.009888051046666568
20270828,slow reversible + graph reset,0.30000000000000004,0.0,0.004926674937606179,0.0,0.007448212312665126
20270828,slow reversible + graph reset,0.35000000000000003,0.0,0.004728500888171838,0.0,0.005141173125307541
20270828,slow reversible + graph reset,0.4,0.0,0.001804314478888902,0.0,0.0055044281482024005
20270828,slow reversible + graph reset,0.45,0.0,0.0016206074361581058,0.0,0.004467464536619226
20270828,slow reversible + graph reset,0.5,0.0,0.001158711906517229,0.0,0.009106582869921609
20270828,slow reversible + graph reset,0.55,0.375,0.6290194129108742,-0.37815126050420167,0.2622124553058507
20270828,slow reversible + graph reset,0.6000000000000001,0.3416666666666667,0.5792713784523784,-0.3445378151260504,0.2165277981479088
20270828,slow reversible + graph reset,0.65,0.2833333333333333,0.4879492744066676,-0.2857142857142857,0.1700027261681728
20270828,slow reversible + graph reset,0.7000000000000001,0.20833333333333331,0.36484227992594465,-0.21008403361344538,0.11638190138978588
20270828,slow reversible + graph reset,0.75,0.10833333333333334,0.19412571312002724,-0.1092436974789916,0.06592176310175069
20270828,slow reversible + graph reset,0.8,0.033333333333333326,0.061037805680192014,-0.03361344537815126,0.02034412285987741
20270828,slow reversible + graph reset,0.8500000000000001,0.0,-1.978249164391599e-05,0.0,0.0010406364039784455
20270828,slow reversible + graph reset,0.9,0.0,9.169372839235024e-06,0.0,3.421945099335577e-05
20270828,slow reversible + graph reset,0.9500000000000001,0.0,9.304333506543472e-06,0.0,-0.0007846273514142688
20270828,slow reversible + graph reset,1.0,0.0,0.0,0.0,0.0
20270829,no rewiring,0.0,0.0,0.054889711852505796,0.0,0.002883629828551025
20270829,no rewiring,0.05,0.0,0.0340695822669172,0.0,0.012382401749338343
20270829,no rewiring,0.1,0.0,0.02728423591622975,0.0,0.010200920663337387
20270829,no rewiring,0.15000000000000002,0.0,0.02252083870220095,0.0,0.010968514706923754
20270829,no rewiring,0.2,0.0,0.008724792997525932,0.0,0.011899383879778902
20270829,no rewiring,0.25,0.0,0.00492640184562787,0.0,0.00671593780739993
20270829,no rewiring,0.30000000000000004,0.0,0.00584408853700219,0.0,0.00573592169892051
20270829,no rewiring,0.35000000000000003,0.0,0.0009196598250467702,0.0,0.00679109560540625
20270829,no rewiring,0.4,0.0,0.000852105016261151,0.0,0.003975186705040212
20270829,no rewiring,0.45,0.0,-0.00031320281563324004,0.0,0.005354028196619787
20270829,no rewiring,0.5,0.0,0.0011502768715658807,0.0,0.003877365786242426
20270829,no rewiring,0.55,0.0,-0.0012109857604203356,0.0,0.0022672251692066325
20270829,no rewiring,0.6000000000000001,0.0,0.0006478160571334324,0.0,0.0015836252037952914
20270829,no rewiring,0.65,0.0,-0.0020645485387343343,0.0,0.0028591208317118033
20270829,no rewiring,0.7000000000000001,0.0,-0.0015325926512451682,0.0,0.0023026124359369904
20270829,no rewiring,0.75,0.0,0.0010654131030283787,0.0,0.002442775534480135
20270829,no rewiring,0.8,0.0,-0.0006373211011843627,0.0,8.693302086371091e-05
20270829,no rewiring,0.8500000000000001,0.0,0.0009349117723456701,0.0,0.0034820207563426298
20270829,no rewiring,0.9,0.0,0.0013617858106704794,0.0,0.0021039593430522974
20270829,no rewiring,0.9500000000000001,0.0,0.0008476651973194083,0.0,0.002031823198878735
20270829,no rewiring,1.0,0.0,0.0,0.0,0.0
20270829,fast reversible,0.0,0.0,0.010980820179857076,0.0,0.003375428852103221
20270829,fast reversible,0.05,0.0,0.013791062936129861,0.0,0.014966735712064264
20270829,fast reversible,0.1,0.0,-0.0010377109808620277,0.0,0.012902223192682916
20270829,fast reversible,0.15000000000000002,0.0,-0.0011835327250134253,0.0,0.015070619305387778
20270829,fast reversible,0.2,0.0,-0.010095949075771271,0.0,0.018582745170121623
20270829,fast reversible,0.25,0.0,-0.011489829372496874,0.0,0.016602293483660657
20270829,fast reversible,0.30000000000000004,0.0,-0.016948413260044926,0.0,0.028752234981629488
20270829,fast reversible,0.35000000000000003,0.10000000000000003,0.1289120083116675,-0.10256410256410253,0.11265379700162959
20270829,fast reversible,0.4,0.24166666666666672,0.3830842729805214,-0.24786324786324784,0.19759495753437462
20270829,fast reversible,0.45,0.33333333333333337,0.5308182177600557,-0.3418803418803419,0.2748615443304796
20270829,fast reversible,0.5,0.3916666666666666,0.6468622547424887,-0.40170940170940167,0.29427756334899313
20270829,fast reversible,0.55,0.3666666666666666,0.6196794297563992,-0.37606837606837606,0.25667272493199267
20270829,fast reversible,0.6000000000000001,0.3583333333333333,0.6189771878902415,-0.3675213675213675,0.22618930276760774
20270829,fast reversible,0.65,0.32499999999999996,0.5689360334022635,-0.3333333333333333,0.19010265528883163
20270829,fast reversible,0.7000000000000001,0.2666666666666666,0.47609926955450355,-0.2735042735042735,0.14101338216228287
20270829,fast reversible,0.75,0.18333333333333324,0.3375746850970084,-0.18803418803418803,0.0898446804886951
20270829,fast reversible,0.8,0.09999999999999998,0.18156478244440788,-0.10256410256410256,0.0479062878931521
20270829,fast reversible,0.8500000000000001,0.008333333333333304,0.014505385951671168,-0.008547008547008548,0.011454524844440428
20270829,fast reversible,0.9,0.0,-0.00030822337813696254,0.0,0.001273949467225588
20270829,fast reversible,0.9500000000000001,0.0,-5.711267287722421e-05,0.0,0.0010102817473487402
20270829,fast reversible,1.0,0.0,0.0,0.0,0.0
20270829,"fast reversible, slow ramp",0.0,0.0,-0.027590697950330756,0.0,0.000703277329871993
20270829,"fast reversible, slow ramp",0.05,0.0,-0.03469100880346615,0.0,0.004068100917462056
20270829,"fast reversible, slow ramp",0.1,0.0,-0.032293210830904084,0.0,0.00041667683116355936
20270829,"fast reversible, slow ramp",0.15000000000000002,0.0,-0.032540870803118516,0.0,0.0010990407616022768
20270829,"fast reversible, slow ramp",0.2,0.0,-0.030346933624125716,0.0,0.006759124533727373
20270829,"fast reversible, slow ramp",0.25,0.0,-0.027679644544732873,0.0,0.006079781750265467
20270829,"fast reversible, slow ramp",0.30000000000000004,0.0,-0.02581059779717987,0.0,0.00677190531959182
20270829,"fast reversible, slow ramp",0.35000000000000003,0.0,-0.024937924873275452,0.0,0.007239872033216799
20270829,"fast reversible, slow ramp",0.4,0.0,-0.01823950980370498,0.0,0.0076456797391262765
20270829,"fast reversible, slow ramp",0.45,0.30000000000000004,0.48346171125236886,-0.3076923076923077,0.22919803491980806
20270829,"fast reversible, slow ramp",0.5,0.3916666666666666,0.6457506845883211,-0.40170940170940167,0.2917258514157828
20270829,"fast reversible, slow ramp",0.55,0.2833333333333333,0.4679915023381993,-0.29059829059829057,0.21184667269502533
20270829,"fast reversible, slow ramp",0.6000000000000001,0.09999999999999998,0.1763740556859551,-0.10256410256410256,0.08332130039092678
20270829,"fast reversible, slow ramp",0.65,0.0,0.00011291232254906358,0.0,0.000824445031337051
20270829,"fast reversible, slow ramp",0.7000000000000001,0.0,1.6569697836033015e-07,0.0,-0.0016077868470922851
20270829,"fast reversible, slow ramp",0.75,0.0,0.00038306861787806845,0.0,-0.0005315489317688771
20270829,"fast reversible, slow ramp",0.8,0.0,-0.00019450318568670077,0.0,-0.0011834830883232783
20270829,"fast reversible, slow ramp",0.8500000000000001,0.0,0.00024966962822736694,0.0,-0.0013660657913763252
20270829,"fast reversible, slow ramp",0.9,0.0,0.000293604089659838,0.0,-0.0001886540581084173
20270829,"fast reversible, slow ramp",0.9500000000000001,0.0,0.00019366670824461085,0.0,-0.000578831295869664
20270829,"fast reversible, slow ramp",1.0,0.0,0.0,0.0,0.0
20270829,slow reversible,0.0,0.09166666666666667,0.1669356894995468,-0.09401709401709402,0.02333566459535292
20270829,slow reversible,0.05,0.13333333333333336,0.2013248185682044,-0.1367521367521367,0.061599390866339476
20270829,slow reversible,0.1,0.16666666666666666,0.2434241738843385,-0.17094017094017092,0.10097879206925828
20270829,slow reversible,0.15000000000000002,0.2083333333333334,0.287358491940756,-0.21367521367521367,0.14136413116770388
20270829,slow reversible,0.2,0.2333333333333333,0.333192407688106,-0.2393162393162393,0.1885613131758112
20270829,slow reversible,0.25,0.275,0.38835356642687313,-0.28205128205128205,0.24208637722124104
20270829,slow reversible,0.30000000000000004,0.33333333333333337,0.49196389350793435,-0.3418803418803419,0.2955202040069651
20270829,slow reversible,0.35000000000000003,0.3583333333333333,0.5460987871774995,-0.3675213675213675,0.32197763498542087
20270829,slow reversible,0.4,0.3916666666666666,0.6112974507012454,-0.40170940170940167,0.34646592799784315
20270829,slow reversible,0.45,0.3999999999999999,0.6401643007123242,-0.41025641025641024,0.33022764124261406
20270829,slow reversible,0.5,0.3999999999999999,0.6588280371526621,-0.41025641025641024,0.3042134276788836
20270829,slow reversible,0.55,0.3583333333333333,0.598822253694423,-0.36752136752136755,0.26370876674818855
20270829,slow reversible,0.6000000000000001,0.34166666666666656,0.5855991711220359,-0.3504273504273504,0.22403646508573605
20270829,slow reversible,0.65,0.2666666666666666,0.46318642081821815,-0.27350427350427353,0.16375538254276611
20270829,slow reversible,0.7000000000000001,0.15833333333333321,0.27218884742840954,-0.1623931623931624,0.0978475315327254
20270829,slow reversible,0.75,0.05833333333333324,0.10487762811853552,-0.05982905982905983,0.03862522068777885
20270829,slow reversible,0.8,0.0,5.923887624226243e-05,0.0,0.004797753502292501
20270829,slow reversible,0.8500000000000001,0.0,-3.277936012247018e-05,0.0,0.0028001996139156438
20270829,slow reversible,0.9,0.0,3.277245078270319e-05,0.0,0.0010172546394271453
20270829,slow reversible,0.9500000000000001,0.0,1.1243209851463654e-05,0.0,0.000980324477057648
20270829,slow reversible,1.0,0.0,0.0,0.0,0.0
20270829,"slow reversible, slow ramp",0.0,0.0,0.03332408541909626,0.0,0.0029817859961430715
20270829,"slow reversible, slow ramp",0.05,0.0,0.025401660339360643,0.0,0.007331316130384555
20270829,"slow reversible, slow ramp",0.1,0.0,0.02604211690240449,0.0,0.005608818934212889
20270829,"slow reversible, slow ramp",0.15000000000000002,0.0,0.0254812462906569,0.0,0.007263890065314221
20270829,"slow reversible, slow ramp",0.2,0.0,0.025915001701007523,0.0,0.014105265208667284
20270829,"slow reversible, slow ramp",0.25,0.125,0.1880825579040365,-0.1282051282051282,0.08912865390095204
20270829,"slow reversible, slow ramp",0.30000000000000004,0.2166666666666667,0.3195471329475257,-0.2222222222222222,0.1634740268331975
20270829,"slow reversible, slow ramp",0.35000000000000003,0.30000000000000004,0.4528236863495645,-0.3076923076923077,0.23647170304205362
20270829,"slow reversible, slow ramp",0.4,0.33333333333333337,0.5248359220936459,-0.3418803418803419,0.26816558294030496
20270829,"slow reversible, slow ramp",0.45,0.3833333333333333,0.6156370556972641,-0.39316239316239315,0.30277423306819673
20270829,"slow reversible, slow ramp",0.5,0.3999999999999999,0.6592567248929864,-0.41025641025641024,0.3001138902058823
20270829,"slow reversible, slow ramp",0.55,0.2583333333333332,0.4320842186255568,-0.26495726495726496,0.19452596166840108
20270829,"slow reversible, slow ramp",0.6000000000000001,0.12499999999999989,0.212540485411442,-0.1282051282051282,0.09907778503212405
20270829,"slow reversible, slow ramp",0.65,0.0,1.9575806978200383e-05,0.0,0.002091833409976651
20270829,"slow reversible, slow ramp",0.7000000000000001,0.0,1.2870276786980384e-05,0.0,-0.001659457090108063
20270829,"slow reversible, slow ramp",0.75,0.0,2.054366713888367e-05,0.0,-0.0005495488028263162
20270829,"slow reversible, slow ramp",0.8,0.0,-9.698653956391468e-06,0.0,-0.0011812635830527052
20270829,"slow reversible, slow ramp",0.8500000000000001,0.0,-6.325682782137854e-06,0.0,-0.0013691704957426998
20270829,"slow reversible, slow ramp",0.9,0.0,-1.3283981999401284e-05,0.0,-0.0001835697747528675
20270829,"slow reversible, slow ramp",0.9500000000000001,0.0,-1.590933979200848e-05,0.0,-0.0005831638200718414
20270829,"slow reversible, slow ramp",1.0,0.0,0.0,0.0,0.0
20270829,one-way boundary,0.0,0.3999999999999999,0.5662505066915815,-0.41025641025641024,0.24674838419166853
20270829,one-way boundary,0.05,0.3999999999999999,0.5656558796105747,-0.41025641025641024,0.32570850610873137
20270829,one-way boundary,0.1,0.3999999999999999,0.562228934873312,-0.41025641025641024,0.3654348301153639
20270829,one-way boundary,0.15000000000000002,0.3999999999999999,0.5674788236645134,-0.41025641025641024,0.39106229738666476
20270829,one-way boundary,0.2,0.3999999999999999,0.5736246466076612,-0.41025641025641024,0.4031555279934802
20270829,one-way boundary,0.25,0.3999999999999999,0.5840010110063744,-0.41025641025641024,0.39565129322325243
20270829,one-way boundary,0.30000000000000004,0.3999999999999999,0.5959041206667223,-0.41025641025641024,0.3858441137168176
20270829,one-way boundary,0.35000000000000003,0.3999999999999999,0.611482370048752,-0.41025641025641024,0.3734446952188316
20270829,one-way boundary,0.4,0.3999999999999999,0.6254652898918232,-0.41025641025641024,0.35122150920826933
20270829,one-way boundary,0.45,0.3999999999999999,0.6401664095768662,-0.41025641025641024,0.33025020146198114
20270829,one-way boundary,0.5,0.3999999999999999,0.6588261197057126,-0.41025641025641024,0.30415733785314336
20270829,one-way boundary,0.55,0.3666666666666666,0.6138285118501365,-0.37606837606837606,0.2654447578445165
20270829,one-way boundary,0.6000000000000001,0.34166666666666656,0.587905231810268,-0.3504273504273504,0.22069920590152348
20270829,one-way boundary,0.65,0.2749999999999999,0.4754814782786918,-0.28205128205128205,0.1677770245598328
20270829,one-way boundary,0.7000000000000001,0.21666666666666656,0.3838644343460651,-0.2222222222222222,0.1201896449573131
20270829,one-way boundary,0.75,0.06666666666666654,0.11659702541944006,-0.06837606837606838,0.044619018395551935
20270829,one-way boundary,0.8,0.0,0.00011329400388704336,0.0,0.006594389210381801
20270829,one-way boundary,0.8500000000000001,0.0,-3.089231994368724e-05,0.0,0.00287362865972296
20270829,one-way boundary,0.9,0.0,3.362127629102929e-05,0.0,0.0010171167942725212
20270829,one-way boundary,0.9500000000000001,0.0,8.600334600483706e-06,0.0,0.0009805440290863165
20270829,one-way boundary,1.0,0.0,0.0,0.0,0.0
20270829,slow reversible + graph reset,0.0,0.0,0.05488971169933343,0.0,0.0028836277135141364
20270829,slow reversible + graph reset,0.05,0.0,0.03406958142186611,0.0,0.012382399121987062
20270829,slow reversible + graph reset,0.1,0.0,0.027284232817976428,0.0,0.010200915186534876
20270829,slow reversible + graph reset,0.15000000000000002,0.0,0.022520828892437783,0.0,0.010968502110590111
20270829,slow reversible + graph reset,0.2,0.0,0.00872476222586488,0.0,0.011899362214931986
20270829,slow reversible + graph reset,0.25,0.0,0.004926311538402062,0.0,0.006715873126857841
20270829,slow reversible + graph reset,0.30000000000000004,0.0,0.005843885237817037,0.0,0.005735748253662576
20270829,slow reversible + graph reset,0.35000000000000003,0.0,0.0009198759902399045,0.0,0.006791625837246074
20270829,slow reversible + graph reset,0.4,0.0,0.0008609776748299547,0.0,0.003993724334811544
20270829,slow reversible + graph reset,0.45,0.0,-0.00022844789804432608,0.0,0.005679205818625299
20270829,slow reversible + graph reset,0.5,0.0,0.0002632221483439001,0.0,0.011671486399434272
20270829,slow reversible + graph reset,0.55,0.3583333333333333,0.598822253694423,-0.36752136752136755,0.26370876674818855
20270829,slow reversible + graph reset,0.6000000000000001,0.34166666666666656,0.5855991711220359,-0.3504273504273504,0.22403646508573605
20270829,slow reversible + graph reset,0.65,0.2666666666666666,0.46318642081821815,-0.27350427350427353,0.16375538254276611
20270829,slow reversible + graph reset,0.7000000000000001,0.15833333333333321,0.27218884742840954,-0.1623931623931624,0.0978475315327254
20270829,slow reversible + graph reset,0.75,0.05833333333333324,0.10487762811853552,-0.05982905982905983,0.03862522068777885
20270829,slow reversible + graph reset,0.8,0.0,5.923887624226243e-05,0.0,0.004797753502292501
20270829,slow reversible + graph reset,0.8500000000000001,0.0,-3.277936012247018e-05,0.0,0.0028001996139156438
20270829,slow reversible + graph reset,0.9,0.0,3.277245078270319e-05,0.0,0.0010172546394271453
20270829,slow reversible + graph reset,0.9500000000000001,0.0,1.1243209851463654e-05,0.0,0.000980324477057648
20270829,slow reversible + graph reset,1.0,0.0,0.0,0.0,0.0
20270830,no rewiring,0.0,0.0,0.032888398913555494,0.0,0.005353438262605079
20270830,no rewiring,0.05,0.0,0.03430974584601393,0.0,0.01174883562497786
20270830,no rewiring,0.1,0.0,0.02274106945574067,0.0,0.011946659684658079
20270830,no rewiring,0.15000000000000002,0.0,0.014513255283217563,0.0,0.009004923871431952
20270830,no rewiring,0.2,0.0,0.012387107086732296,0.0,0.008656834229516519
20270830,no rewiring,0.25,0.0,0.005799104602990157,0.0,0.008555444578373705
20270830,no rewiring,0.30000000000000004,0.0,0.00256389557213782,0.0,0.006523634361418229
20270830,no rewiring,0.35000000000000003,0.0,0.0008863252830882407,0.0,0.006735891134682315
20270830,no rewiring,0.4,0.0,0.000359832507767055,0.0,0.004379639847703787
20270830,no rewiring,0.45,0.0,0.0021671267970537755,0.0,0.005246266501218011
20270830,no rewiring,0.5,0.0,0.001593390208944112,0.0,0.0028299329940593143
20270830,no rewiring,0.55,0.0,0.0026709009591605604,0.0,0.0006794464374516584
20270830,no rewiring,0.6000000000000001,0.0,0.001095880716794062,0.0,0.0024546045404811867
20270830,no rewiring,0.65,0.0,-0.001212576781663588,0.0,0.004052589003817886
20270830,no rewiring,0.7000000000000001,0.0,0.001658461108954512,0.0,0.001939453789485679
20270830,no rewiring,0.75,0.0,-0.0008391545645562992,0.0,0.002277478011352696
20270830,no rewiring,0.8,0.0,0.000790324660203845,0.0,0.00357628767280882
20270830,no rewiring,0.8500000000000001,0.0,-0.000970469105562699,0.0,0.0016281760835975545
20270830,no rewiring,0.9,0.0,-0.0020287872942484353,0.0,0.0026520142727589624
20270830,no rewiring,0.9500000000000001,0.0,-0.00033487815051336245,0.0,-0.0004248888944411444
20270830,no rewiring,1.0,0.0,0.0,0.0,0.0
20270830,fast reversible,0.0,0.0,0.0678952966874104,0.0,0.005943913278039462
20270830,fast reversible,0.05,0.0,0.06691665758905224,0.0,0.013488372127509252
20270830,fast reversible,0.1,0.0,0.05803612423474014,0.0,0.014121862684189135
20270830,fast reversible,0.15000000000000002,0.0,0.058987911398384496,0.0,0.01108702377105586
20270830,fast reversible,0.2,0.0,0.04599552337130075,0.0,0.010913950710745357
20270830,fast reversible,0.25,0.0,0.038538741738740445,0.0,0.011957248216727279
20270830,fast reversible,0.30000000000000004,0.0,0.019280249606155986,0.0,0.025966149309957276
20270830,fast reversible,0.35000000000000003,0.125,0.1922638367820465,-0.13043478260869562,0.10923578421561231
20270830,fast reversible,0.4,0.20833333333333331,0.32118775276693035,-0.21739130434782605,0.18654500211855735
20270830,fast reversible,0.45,0.35,0.5699457635495124,-0.3652173913043478,0.28840003880167503
20270830,fast reversible,0.5,0.39166666666666666,0.651736790598386,-0.408695652173913,0.2899065110940503
20270830,fast reversible,0.55,0.35833333333333334,0.6126845145226782,-0.3739130434782609,0.25150416243340934
20270830,fast reversible,0.6000000000000001,0.35000000000000003,0.6031201777297992,-0.3652173913043478,0.221390877795954
20270830,fast reversible,0.65,0.25000000000000006,0.43483766440374916,-0.2608695652173913,0.16637662646461748
20270830,fast reversible,0.7000000000000001,0.10833333333333334,0.1887384652539914,-0.11304347826086956,0.08038556130960917
20270830,fast reversible,0.75,0.025000000000000022,0.045350071134714454,-0.026086956521739132,0.021216382348036467
20270830,fast reversible,0.8,0.0,0.0001194933377575147,0.0,0.0035222263084024874
20270830,fast reversible,0.8500000000000001,0.0,0.0001537012858514597,0.0,0.0006296293522237706
20270830,fast reversible,0.9,0.0,1.4198858885317023e-05,0.0,0.0016923520693964411
20270830,fast reversible,0.9500000000000001,0.0,-1.508616575163213e-05,0.0,-0.001459258976918676
20270830,fast reversible,1.0,0.0,0.0,0.0,0.0
20270830,"fast reversible, slow ramp",0.0,0.0,0.012046328601852896,0.0,-0.0016530433536808345
20270830,"fast reversible, slow ramp",0.05,0.0,-0.011800201050749748,0.0,-0.00010035343818012854
20270830,"fast reversible, slow ramp",0.1,0.0,-0.005086689568610692,0.0,-0.001958474376498348
20270830,"fast reversible, slow ramp",0.15000000000000002,0.0,-0.0031230526888147425,0.0,0.0015571885395801177
20270830,"fast reversible, slow ramp",0.2,0.0,-0.004291425893042045,0.0,-0.0014928342692059893
20270830,"fast reversible, slow ramp",0.25,0.0,0.00025308141673119344,0.0,-0.00043129092929528046
20270830,"fast reversible, slow ramp",0.30000000000000004,0.0,-0.0011017773339796477,0.0,-0.0018076172737656049
20270830,"fast reversible, slow ramp",0.35000000000000003,0.0,0.002399219103796091,0.0,-2.610754569437601e-05
20270830,"fast reversible, slow ramp",0.4,0.1333333333333333,0.22336782983814912,-0.13913043478260867,0.09240028813520507
20270830,"fast reversible, slow ramp",0.45,0.3416666666666666,0.5499225784675243,-0.3565217391304348,0.261402542684471
20270830,"fast reversible, slow ramp",0.5,0.4,0.666522700145117,-0.41739130434782606,0.2937266350954564
20270830,"fast reversible, slow ramp",0.55,0.34166666666666673,0.5803248500466966,-0.3565217391304348,0.2371064958441671
20270830,"fast reversible, slow ramp",0.6000000000000001,0.20833333333333337,0.36537540510835453,-0.21739130434782608,0.14508908959412425
20270830,"fast reversible, slow ramp",0.65,0.0,4.646299781274621e-05,0.0,0.005491589686297704
20270830,"fast reversible, slow ramp",0.7000000000000001,0.0,2.025070419353625e-06,0.0,0.0011949707881373506
20270830,"fast reversible, slow ramp",0.75,0.0,-1.882681949005871e-06,0.0,-0.000355095034418329
20270830,"fast reversible, slow ramp",0.8,0.0,-2.5980636936484558e-05,0.0,0.001011037479365151
20270830,"fast reversible, slow ramp",0.8500000000000001,0.0,-3.771441984490309e-06,0.0,-0.001548273295285174
20270830,"fast reversible, slow ramp",0.9,0.0,-1.000534965411859e-05,0.0,0.002751914601582084
20270830,"fast reversible, slow ramp",0.9500000000000001,0.0,2.3035607062404928e-05,0.0,-0.001542504284896884
20270830,"fast reversible, slow ramp",1.0,0.0,0.0,0.0,0.0
20270830,slow reversible,0.0,0.08333333333333331,0.10542639350633248,-0.08695652173913043,0.030759150174303737
20270830,slow reversible,0.05,0.16666666666666663,0.27061435422969254,-0.17391304347826084,0.07758084956896252
20270830,slow reversible,0.1,0.1833333333333333,0.28175246718635993,-0.19130434782608693,0.11616800873709177
20270830,slow reversible,0.15000000000000002,0.22499999999999998,0.3301171185819137,-0.23478260869565215,0.18189597639548427
20270830,slow reversible,0.2,0.29166666666666663,0.43526717294105155,-0.3043478260869565,0.24793925561405006
20270830,slow reversible,0.25,0.31666666666666665,0.48261406262913026,-0.33043478260869563,0.27471082247550604
20270830,slow reversible,0.30000000000000004,0.31666666666666665,0.483749289206428,-0.33043478260869563,0.2844829992576267
20270830,slow reversible,0.35000000000000003,0.3583333333333333,0.5564624578007988,-0.3739130434782608,0.31145814020539064
20270830,slow reversible,0.4,0.36666666666666664,0.5820394134171156,-0.38260869565217387,0.31208400372740946
20270830,slow reversible,0.45,0.38333333333333325,0.6262298725992042,-0.39999999999999997,0.3069363794776189
20270830,slow reversible,0.5,0.38333333333333325,0.6397776386056075,-0.39999999999999997,0.2818292916629779
20270830,slow reversible,0.55,0.38333333333333325,0.6537692351908844,-0.39999999999999997,0.2552383351686366
20270830,slow reversible,0.6000000000000001,0.3499999999999999,0.6108645775651851,-0.3652173913043478,0.221352441754319
20270830,slow reversible,0.65,0.3166666666666666,0.5556482791064944,-0.33043478260869563,0.18196895807160063
20270830,slow reversible,0.7000000000000001,0.24166666666666664,0.42795448155643667,-0.25217391304347825,0.12615866095475825
20270830,slow reversible,0.75,0.05833333333333329,0.10896238869638852,-0.060869565217391314,0.05034952542816784
20270830,slow reversible,0.8,0.0,0.0003608521372636675,0.0,0.005669917360497045
20270830,slow reversible,0.8500000000000001,0.0,-0.00012296348123308487,0.0,0.0006904687098971962
20270830,slow reversible,0.9,0.0,-0.00013321877433691842,0.0,0.0017074015602518422
20270830,slow reversible,0.9500000000000001,0.0,0.0003126193043060388,0.0,-0.0014331079981604322
20270830,slow reversible,1.0,0.0,0.0,0.0,0.0
20270830,"slow reversible, slow ramp",0.0,0.0,0.017298578762309336,0.0,-0.0011077669728828884
20270830,"slow reversible, slow ramp",0.05,0.0,0.012419510365561381,0.0,0.0016648417955052591
20270830,"slow reversible, slow ramp",0.1,0.0,0.016625550836499192,0.0,-0.0005598133299110353
20270830,"slow reversible, slow ramp",0.15000000000000002,0.0,0.013012319926946736,0.0,0.0037957177568773703
20270830,"slow reversible, slow ramp",0.2,0.0,0.012328056429269485,0.0,-0.00013807251477962468
20270830,"slow reversible, slow ramp",0.25,0.06666666666666665,0.10420918434719578,-0.06956521739130433,0.04096545803752155
20270830,"slow reversible, slow ramp",0.30000000000000004,0.17499999999999993,0.25951048977601116,-0.18260869565217389,0.11028102613973356
20270830,"slow reversible, slow ramp",0.35000000000000003,0.23333333333333328,0.37455798439413807,-0.2434782608695652,0.15789117036638323
20270830,"slow reversible, slow ramp",0.4,0.2833333333333333,0.46039320142632084,-0.29565217391304344,0.20267626603626643
20270830,"slow reversible, slow ramp",0.45,0.3333333333333333,0.5514363353763192,-0.34782608695652173,0.24645805344952204
20270830,"slow reversible, slow ramp",0.5,0.39166666666666666,0.6532179426494689,-0.408695652173913,0.2870906310230834
20270830,"slow reversible, slow ramp",0.55,0.3166666666666667,0.5522850128618079,-0.33043478260869563,0.23245029336582435
20270830,"slow reversible, slow ramp",0.6000000000000001,0.17500000000000004,0.29357464457226645,-0.1826086956521739,0.1234372242139461
20270830,"slow reversible, slow ramp",0.65,0.0,-3.0727135872377076e-05,0.0,-0.001230118411803982
20270830,"slow reversible, slow ramp",0.7000000000000001,0.0,0.0001356580371497662,0.0,0.0011725316328204949
20270830,"slow reversible, slow ramp",0.75,0.0,-0.00010304499724234084,0.0,-0.0003740079019703968
20270830,"slow reversible, slow ramp",0.8,0.0,-5.9553401158485286e-05,0.0,0.0010334806463534463
20270830,"slow reversible, slow ramp",0.8500000000000001,0.0,5.5534781298494096e-05,0.0,-0.001561812151031572
20270830,"slow reversible, slow ramp",0.9,0.0,-0.0004232728381096118,0.0,0.0027389738458063473
20270830,"slow reversible, slow ramp",0.9500000000000001,0.0,0.00032209687159767686,0.0,-0.0015352164562059123
20270830,"slow reversible, slow ramp",1.0,0.0,0.0,0.0,0.0
20270830,one-way boundary,0.0,0.39166666666666666,0.5462804407580917,-0.408695652173913,0.22534161486886845
20270830,one-way boundary,0.05,0.39166666666666666,0.5591083112482262,-0.408695652173913,0.30328723565628823
20270830,one-way boundary,0.1,0.39166666666666666,0.5612765236657847,-0.408695652173913,0.34787918304538157
20270830,one-way boundary,0.15000000000000002,0.39166666666666666,0.5678723156905494,-0.408695652173913,0.3690202027219181
20270830,one-way boundary,0.2,0.39166666666666666,0.5721366566315813,-0.408695652173913,0.3793679464693048
20270830,one-way boundary,0.25,0.39166666666666666,0.5817125557782301,-0.408695652173913,0.3799397804489908
20270830,one-way boundary,0.30000000000000004,0.39166666666666666,0.5907774431302149,-0.408695652173913,0.3690251858725641
20270830,one-way boundary,0.35000000000000003,0.39166666666666666,0.6059712772974416,-0.408695652173913,0.3559570773614218
20270830,one-way boundary,0.4,0.39166666666666666,0.6201970848612767,-0.408695652173913,0.3355754420886066
20270830,one-way boundary,0.45,0.39166666666666666,0.6382262307243118,-0.408695652173913,0.31571095551411504
20270830,one-way boundary,0.5,0.39166666666666666,0.6518313389603809,-0.408695652173913,0.2896534240603591
20270830,one-way boundary,0.55,0.39166666666666666,0.6663347183651667,-0.408695652173913,0.2622260807352895
20270830,one-way boundary,0.6000000000000001,0.3666666666666667,0.6282157348837483,-0.3826086956521739,0.22609450456878144
20270830,one-way boundary,0.65,0.34166666666666673,0.5934290876321219,-0.3565217391304348,0.19269442890080457
20270830,one-way boundary,0.7000000000000001,0.25833333333333336,0.4559842656208314,-0.26956521739130435,0.13552083409384763
20270830,one-way boundary,0.75,0.1916666666666667,0.3400312807087571,-0.19999999999999998,0.09644498470832363
20270830,one-way boundary,0.8,0.050000000000000044,0.08842414716292324,-0.052173913043478265,0.03595768620957662
20270830,one-way boundary,0.8500000000000001,0.0,6.562597822490357e-05,0.0,0.002240003981006544
20270830,one-way boundary,0.9,0.0,-0.00016519262457570516,0.0,0.0017146339241977948
20270830,one-way boundary,0.9500000000000001,0.0,-6.871120253149066e-05,0.0,-0.0014577860000003495
20270830,one-way boundary,1.0,0.0,0.0,0.0,0.0
20270830,slow reversible + graph reset,0.0,0.0,0.03288839879254002,0.0,0.005353434822646663
20270830,slow reversible + graph reset,0.05,0.0,0.0343097441901406,0.0,0.011748831307508242
20270830,slow reversible + graph reset,0.1,0.0,0.02274106309417595,0.0,0.011946650736375963
20270830,slow reversible + graph reset,0.15000000000000002,0.0,0.014513234312806989,0.0,0.009004910195377192
20270830,slow reversible + graph reset,0.2,0.0,0.012387046695336412,0.0,0.008656817629907887
20270830,slow reversible + graph reset,0.25,0.0,0.005798949322947555,0.0,0.00855539624032109
20270830,slow reversible + graph reset,0.30000000000000004,0.0,0.002563543613029018,0.0,0.006523751915045228
20270830,slow reversible + graph reset,0.35000000000000003,0.0,0.0008862129657068452,0.0,0.006737161954932236
20270830,slow reversible + graph reset,0.4,0.0,0.0003682900543777179,0.0,0.004397037861903652
20270830,slow reversible + graph reset,0.45,0.0,0.0022600972076846637,0.0,0.005553017919080749
20270830,slow reversible + graph reset,0.5,0.0,0.0007943170503273422,0.0,0.010138727509816037
20270830,slow reversible + graph reset,0.55,0.38333333333333325,0.6537692351908844,-0.39999999999999997,0.2552383351686366
20270830,slow reversible + graph reset,0.6000000000000001,0.3499999999999999,0.6108645775651851,-0.3652173913043478,0.221352441754319
20270830,slow reversible + graph reset,0.65,0.3166666666666666,0.5556482791064944,-0.33043478260869563,0.18196895807160063
20270830,slow reversible + graph reset,0.7000000000000001,0.24166666666666664,0.42795448155643667,-0.25217391304347825,0.12615866095475825
20270830,slow reversible + graph reset,0.75,0.05833333333333329,0.10896238869638852,-0.060869565217391314,0.05034952542816784
20270830,slow reversible + graph reset,0.8,0.0,0.0003608521372636675,0.0,0.005669917360497045
20270830,slow reversible + graph reset,0.8500000000000001,0.0,-0.00012296348123308487,0.0,0.0006904687098971962
20270830,slow reversible + graph reset,0.9,0.0,-0.00013321877433691842,0.0,0.0017074015602518422
20270830,slow reversible + graph reset,0.9500000000000001,0.0,0.0003126193043060388,0.0,-0.0014331079981604322
20270830,slow reversible + graph reset,1.0,0.0,0.0,0.0,0.0
20270831,no rewiring,0.0,0.0,0.03881328196667816,0.0,0.006802198870750495
20270831,no rewiring,0.05,0.0,0.02864324389481515,0.0,0.009508203115025357
20270831,no rewiring,0.1,0.0,0.02811019506754131,0.0,0.010319376572694328
20270831,no rewiring,0.15000000000000002,0.0,0.016495443884694927,0.0,0.011893063347759136
20270831,no rewiring,0.2,0.0,0.015786173146851545,0.0,0.00959716037016023
20270831,no rewiring,0.25,0.0,0.0098591645865313,0.0,0.009449273329261043
20270831,no rewiring,0.30000000000000004,0.0,0.00789988633999178,0.0,0.006304730546825399
20270831,no rewiring,0.35000000000000003,0.0,0.00019733351965689483,0.0,0.005374250180958662
20270831,no rewiring,0.4,0.0,0.0009889576458352867,0.0,0.004657672828470516
20270831,no rewiring,0.45,0.0,0.0006954967954802549,0.0,0.0038289387539283126
20270831,no rewiring,0.5,0.0,-0.00014959905556682918,0.0,-6.95604132767702e-05
20270831,no rewiring,0.55,0.0,0.0021292478896163813,0.0,0.001984111560963453
20270831,no rewiring,0.6000000000000001,0.0,0.0003252539970949875,0.0,0.0022619291783069206
20270831,no rewiring,0.65,0.0,-0.00031032445749973325,0.0,0.0019301014209808232
20270831,no rewiring,0.7000000000000001,0.0,2.0250600763160875e-05,0.0,-0.0001175414915675077
20270831,no rewiring,0.75,0.0,-0.00041154858150255214,0.0,0.0019968905656823077
20270831,no rewiring,0.8,0.0,0.0007026916925954585,0.0,0.0011066948592330927
20270831,no rewiring,0.8500000000000001,0.0,-0.0010513476090708573,0.0,0.0029401255441656726
20270831,no rewiring,0.9,0.0,-0.0024237939231795125,0.0,0.002774103896325597
20270831,no rewiring,0.9500000000000001,0.0,-0.0018452858262187066,0.0,0.0008987915030598259
20270831,no rewiring,1.0,0.0,0.0,0.0,0.0
20270831,fast reversible,0.0,0.0,0.015245813648782636,0.0,0.005963623415033155
20270831,fast reversible,0.05,0.0,0.0069979708602034285,0.0,0.00794580642026288
20270831,fast reversible,0.1,0.0,-0.01042511390678641,0.0,0.008651078585090288
20270831,fast reversible,0.15000000000000002,0.0,-0.011156551843177431,0.0,0.010944021040459745
20270831,fast reversible,0.2,0.0,-0.01319719532760355,0.0,0.010217171724724028
20270831,fast reversible,0.25,0.0,-0.018366199338540945,0.0,0.011277491441895549
20270831,fast reversible,0.30000000000000004,0.0,-0.022643696076116937,0.0,0.016674386135001107
20270831,fast reversible,0.35000000000000003,0.08333333333333337,0.11193048561784535,-0.08620689655172414,0.09614454441045378
20270831,fast reversible,0.4,0.20000000000000007,0.29114767234275446,-0.20689655172413793,0.20836153275711622
20270831,fast reversible,0.45,0.33333333333333337,0.5339407787266115,-0.3448275862068966,0.2804430018951112
20270831,fast reversible,0.5,0.39166666666666666,0.6502872373655024,-0.4051724137931034,0.29200792559794153
20270831,fast reversible,0.55,0.3833333333333333,0.6579702461403829,-0.396551724137931,0.265137490996152
20270831,fast reversible,0.6000000000000001,0.36666666666666664,0.6389139879671797,-0.3793103448275862,0.2356891838473314
20270831,fast reversible,0.65,0.3083333333333333,0.5362497744198558,-0.3189655172413793,0.18466860501112992
20270831,fast reversible,0.7000000000000001,0.20833333333333331,0.36322986831105764,-0.21551724137931036,0.12269936463889408
20270831,fast reversible,0.75,0.1333333333333333,0.23398497151623765,-0.13793103448275862,0.06555687232405738
20270831,fast reversible,0.8,0.0,0.00027554401795426564,0.0,0.008949430886963428
20270831,fast reversible,0.8500000000000001,0.0,-8.125359056765369e-05,0.0,0.002296383203866048
20270831,fast reversible,0.9,0.0,-6.054700444524386e-05,0.0,0.0018593743474456526
20270831,fast reversible,0.9500000000000001,0.0,-0.00013080741763404902,0.0,-0.00015462103936081384
20270831,fast reversible,1.0,0.0,0.0,0.0,0.0
20270831,"fast reversible, slow ramp",0.0,0.0,-0.042280207940534054,0.0,0.0005762861158972246
20270831,"fast reversible, slow ramp",0.05,0.0,-0.03301689853104256,0.0,-0.00032880850895779246
20270831,"fast reversible, slow ramp",0.1,0.0,-0.025371033835718593,0.0,0.0025326604873638914
20270831,"fast reversible, slow ramp",0.15000000000000002,0.0,-0.039229248812765516,0.0,0.004836247368704222
20270831,"fast reversible, slow ramp",0.2,0.0,-0.03013218877753493,0.0,0.0034231743856705243
20270831,"fast reversible, slow ramp",0.25,0.0,-0.026160060771883653,0.0,0.007645856873883139
20270831,"fast reversible, slow ramp",0.30000000000000004,0.0,-0.022985766996679924,0.0,0.009800608041270087
20270831,"fast reversible, slow ramp",0.35000000000000003,0.0,-0.02193827279151389,0.0,0.011213980369649879
20270831,"fast reversible, slow ramp",0.4,0.0,-0.019226638141668084,0.0,0.014560835060505262
20270831,"fast reversible, slow ramp",0.45,0.2416666666666667,0.3991061893628803,-0.25,0.19489873476441028
20270831,"fast reversible, slow ramp",0.5,0.4000000000000001,0.6642578851291377,-0.41379310344827586,0.3003210618722305
20270831,"fast reversible, slow ramp",0.55,0.3000000000000001,0.5128948239510296,-0.3103448275862069,0.2303504112354846
20270831,"fast reversible, slow ramp",0.6000000000000001,0.16666666666666669,0.28634852027140345,-0.1724137931034483,0.12262662298833238
20270831,"fast reversible, slow ramp",0.65,0.0,1.21023665958786e-05,0.0,-0.0016771976025433677
20270831,"fast reversible, slow ramp",0.7000000000000001,0.0,-2.3967958644455223e-06,0.0,-1.3800813651321242e-05
20270831,"fast reversible, slow ramp",0.75,0.0,-1.003416899603149e-05,0.0,0.00035746061602959234
20270831,"fast reversible, slow ramp",0.8,0.0,-2.875389113821125e-05,0.0,0.000512747788850354
20270831,"fast reversible, slow ramp",0.8500000000000001,0.0,3.620496429213027e-06,0.0,0.0016371279512604753
20270831,"fast reversible, slow ramp",0.9,0.0,-2.41349640894839e-06,0.0,-0.001819071348260537
20270831,"fast reversible, slow ramp",0.9500000000000001,0.0,-7.474953159114506e-06,0.0,0.0028784451786221243
20270831,"fast reversible, slow ramp",1.0,0.0,0.0,0.0,0.0
20270831,slow reversible,0.0,0.18333333333333335,0.23691488153431722,-0.1896551724137931,0.04730491920639329
20270831,slow reversible,0.05,0.20833333333333337,0.27034677879906865,-0.21551724137931033,0.09626850703189596
20270831,slow reversible,0.1,0.25,0.3413184155659881,-0.2586206896551724,0.1684764246807982
20270831,slow reversible,0.15000000000000002,0.2833333333333333,0.3995563608217629,-0.29310344827586204,0.23239376802735984
20270831,slow reversible,0.2,0.30833333333333335,0.4430929940168883,-0.31896551724137934,0.2861379909640735
20270831,slow reversible,0.25,0.33333333333333337,0.4978456488861855,-0.3448275862068966,0.3170745373432994
20270831,slow reversible,0.30000000000000004,0.3666666666666667,0.5528679324373955,-0.3793103448275862,0.34192935985691997
20270831,slow reversible,0.35000000000000003,0.375,0.5777850886409557,-0.3879310344827586,0.3459563705350822
20270831,slow reversible,0.4,0.3833333333333333,0.608457877936212,-0.39655172413793105,0.3353644884706346
20270831,slow reversible,0.45,0.4000000000000001,0.6503637600705026,-0.41379310344827586,0.32825069683912467
20270831,slow reversible,0.5,0.4000000000000001,0.6638590419881716,-0.41379310344827586,0.30016208168549185
20270831,slow reversible,0.55,0.37500000000000006,0.6494508117950002,-0.3879310344827586,0.2674677925351967
20270831,slow reversible,0.6000000000000001,0.3333333333333334,0.5837432266386553,-0.3448275862068966,0.22455799108440488
20270831,slow reversible,0.65,0.3000000000000001,0.5372972216323256,-0.3103448275862069,0.18096494494044035
20270831,slow reversible,0.7000000000000001,0.2666666666666667,0.47453789811717506,-0.27586206896551724,0.13728331505206148
20270831,slow reversible,0.75,0.1750000000000001,0.3190653903415288,-0.1810344827586207,0.08381695781545595
20270831,slow reversible,0.8,0.12500000000000006,0.23199067578769128,-0.12931034482758622,0.04924694601373503
20270831,slow reversible,0.8500000000000001,0.025000000000000078,0.047320171955001156,-0.02586206896551724,0.01593713569647115
20270831,slow reversible,0.9,0.0,3.5069903748796705e-05,0.0,0.0022555285227308097
20270831,slow reversible,0.9500000000000001,0.0,-1.850050626084343e-05,0.0,-0.00017149457441811844
20270831,slow reversible,1.0,0.0,0.0,0.0,0.0
20270831,"slow reversible, slow ramp",0.0,0.0,-0.015158603280036875,0.0,0.0018109049872636826
20270831,"slow reversible, slow ramp",0.05,0.0,-0.025192586759006985,0.0,0.0015650328724456375
20270831,"slow reversible, slow ramp",0.1,0.0,-0.020655768168824085,0.0,0.004869468103614105
20270831,"slow reversible, slow ramp",0.15000000000000002,0.0,-0.024304884151258754,0.0,0.00798491705887519
20270831,"slow reversible, slow ramp",0.2,0.06666666666666665,0.07930377446717585,-0.06896551724137928,0.05158098935885935
20270831,"slow reversible, slow ramp",0.25,0.17500000000000004,0.2401548047887816,-0.1810344827586207,0.11887034378043038
20270831,"slow reversible, slow ramp",0.30000000000000004,0.275,0.3986311834222986,-0.2844827586206896,0.2095316432964372
20270831,"slow reversible, slow ramp",0.35000000000000003,0.31666666666666665,0.4817097769818827,-0.3275862068965517,0.2666161224934775
20270831,"slow reversible, slow ramp",0.4,0.3666666666666667,0.5788114971225921,-0.3793103448275862,0.3081468634298836
20270831,"slow reversible, slow ramp",0.45,0.3833333333333333,0.6237084434773728,-0.39655172413793105,0.306396762389817
20270831,"slow reversible, slow ramp",0.5,0.39166666666666666,0.6510963364632575,-0.4051724137931034,0.29237843297979005
20270831,"slow reversible, slow ramp",0.55,0.325,0.5365368381505855,-0.33620689655172414,0.2427104298010866
20270831,"slow reversible, slow ramp",0.6000000000000001,0.2,0.3306861534103165,-0.20689655172413793,0.14473853978067786
20270831,"slow reversible, slow ramp",0.65,0.0,3.5813201185841415e-05,0.0,0.0024875101292911594
20270831,"slow reversible, slow ramp",0.7000000000000001,0.0,-0.0001412427679780004,0.0,-1.319360011575732e-06
20270831,"slow reversible, slow ramp",0.75,0.0,-0.00012516031783138537,0.0,0.0003728394582553918
20270831,"slow reversible, slow ramp",0.8,0.0,5.034919559165907e-05,0.0,0.000499495290734786
20270831,"slow reversible, slow ramp",0.8500000000000001,0.0,0.00010795584084710708,0.0,0.0016129538399614063
20270831,"slow reversible, slow ramp",0.9,0.0,-0.0002762638820459351,0.0,-0.0018125636137092949
20270831,"slow reversible, slow ramp",0.9500000000000001,0.0,-4.636534925495095e-05,0.0,0.002880432052094428
20270831,"slow reversible, slow ramp",1.0,0.0,0.0,0.0,0.0
20270831,one-way boundary,0.0,0.4000000000000001,0.5683436508457462,-0.41379310344827586,0.2468142426758359
20270831,one-way boundary,0.05,0.4000000000000001,0.5667271398763055,-0.41379310344827586,0.32109910268597386
20270831,one-way boundary,0.1,0.4000000000000001,0.5677316355199826,-0.41379310344827586,0.36557575683857446
20270831,one-way boundary,0.15000000000000002,0.4000000000000001,0.5733473486583653,-0.41379310344827586,0.3912921242978968
20270831,one-way boundary,0.2,0.4000000000000001,0.5808145710953342,-0.41379310344827586,0.39957395014116587
20270831,one-way boundary,0.25,0.4000000000000001,0.5926058392335702,-0.41379310344827586,0.39787248905210193
20270831,one-way boundary,0.30000000000000004,0.4000000000000001,0.6056751339894841,-0.41379310344827586,0.38656351034540715
20270831,one-way boundary,0.35000000000000003,0.4000000000000001,0.6182103354576313,-0.41379310344827586,0.3714694321843742
20270831,one-way boundary,0.4,0.4000000000000001,0.6356421288747927,-0.41379310344827586,0.3517589803575022
20270831,one-way boundary,0.45,0.4000000000000001,0.6503574393497986,-0.41379310344827586,0.3281807955218178
20270831,one-way boundary,0.5,0.4000000000000001,0.6638606678436114,-0.41379310344827586,0.30013470245114904
20270831,one-way boundary,0.55,0.3916666666666667,0.6706904034419775,-0.4051724137931034,0.2757007100673837
20270831,one-way boundary,0.6000000000000001,0.35000000000000003,0.6076019899849758,-0.3620689655172414,0.23465231199061964
20270831,one-way boundary,0.65,0.2916666666666667,0.5109733060006056,-0.3017241379310345,0.18125213067272328
20270831,one-way boundary,0.7000000000000001,0.16666666666666669,0.29530206422863203,-0.1724137931034483,0.09686577432145682
20270831,one-way boundary,0.75,0.06666666666666671,0.12112317950293383,-0.06896551724137931,0.043315591136604326
20270831,one-way boundary,0.8,0.0,1.3782756514868488e-05,0.0,0.0027420539726952242
20270831,one-way boundary,0.8500000000000001,0.0,-3.597781040975967e-05,0.0,0.0020818041743259075
20270831,one-way boundary,0.9,0.0,3.3827439864242415e-05,0.0,0.0018210544028374187
20270831,one-way boundary,0.9500000000000001,0.0,-2.1936184726567554e-05,0.0,-0.00018269220818822873
20270831,one-way boundary,1.0,0.0,0.0,0.0,0.0
20270831,slow reversible + graph reset,0.0,0.0,0.038813281585269754,0.0,0.006802197359025514
20270831,slow reversible + graph reset,0.05,0.0,0.028643242425023308,0.0,0.009508199962085517
20270831,slow reversible + graph reset,0.1,0.0,0.02811019007989013,0.0,0.0103193716057558
20270831,slow reversible + graph reset,0.15000000000000002,0.0,0.016495426439778582,0.0,0.011893050060950872
20270831,slow reversible + graph reset,0.2,0.0,0.015786114452998212,0.0,0.009597119386390046
20270831,slow reversible + graph reset,0.25,0.0,0.00985898303377658,0.0,0.009449141040066944
20270831,slow reversible + graph reset,0.30000000000000004,0.0,0.007899375005997689,0.0,0.006304322012209651
20270831,slow reversible + graph reset,0.35000000000000003,0.0,0.00019643828384863227,0.0,0.00537598600257011
20270831,slow reversible + graph reset,0.4,0.0,0.0009931717992204825,0.0,0.0046775405326486275
20270831,slow reversible + graph reset,0.45,0.0,0.0007690248629182439,0.0,0.004160003210549323
20270831,slow reversible + graph reset,0.5,0.0,-0.000926571699412071,0.0,0.007638273213087632
20270831,slow reversible + graph reset,0.55,0.37500000000000006,0.6494508117950002,-0.3879310344827586,0.2674677925351967
20270831,slow reversible + graph reset,0.6000000000000001,0.3333333333333334,0.5837432266386553,-0.3448275862068966,0.22455799108440488
20270831,slow reversible + graph reset,0.65,0.3000000000000001,0.5372972216323256,-0.3103448275862069,0.18096494494044035
20270831,slow reversible + graph reset,0.7000000000000001,0.2666666666666667,0.47453789811717506,-0.27586206896551724,0.13728331505206148
20270831,slow reversible + graph reset,0.75,0.1750000000000001,0.3190653903415288,-0.1810344827586207,0.08381695781545595
20270831,slow reversible + graph reset,0.8,0.12500000000000006,0.23199067578769128,-0.12931034482758622,0.04924694601373503
20270831,slow reversible + graph reset,0.8500000000000001,0.025000000000000078,0.047320171955001156,-0.02586206896551724,0.01593713569647115
20270831,slow reversible + graph reset,0.9,0.0,3.5069903748796705e-05,0.0,0.0022555285227308097
20270831,slow reversible + graph reset,0.9500000000000001,0.0,-1.850050626084343e-05,0.0,-0.00017149457441811844
20270831,slow reversible + graph reset,1.0,0.0,0.0,0.0,0.0
20270832,no rewiring,0.0,0.0,0.019820423397359732,0.0,0.003025214310928323
20270832,no rewiring,0.05,0.0,0.03708875918998489,0.0,0.008925179108994069
20270832,no rewiring,0.1,0.0,0.01703288523658486,0.0,0.01116765610927685
20270832,no rewiring,0.15000000000000002,0.0,0.018906062125577328,0.0,0.008726627694763262
20270832,no rewiring,0.2,0.0,0.009787959537600643,0.0,0.010437030622532067
20270832,no rewiring,0.25,0.0,0.006048339919419832,0.0,0.008784966484299717
20270832,no rewiring,0.30000000000000004,0.0,0.0011225469371498598,0.0,0.008651383913358623
20270832,no rewiring,0.35000000000000003,0.0,0.0019695435237706005,0.0,0.0070520542698288
20270832,no rewiring,0.4,0.0,0.0006811565087852522,0.0,0.0048160458571190334
20270832,no rewiring,0.45,0.0,-0.0014081104225764363,0.0,0.0030520609293979706
20270832,no rewiring,0.5,0.0,0.0031381057891193276,0.0,0.00379615813365608
20270832,no rewiring,0.55,0.0,0.00220563347698155,0.0,0.001763801223335526
20270832,no rewiring,0.6000000000000001,0.0,0.0002755103508747525,0.0,0.0023389343198938484
20270832,no rewiring,0.65,0.0,-0.0005009054440896499,0.0,0.0013799792334926453
20270832,no rewiring,0.7000000000000001,0.0,-0.0013172520508697994,0.0,0.001259660540779306
20270832,no rewiring,0.75,0.0,0.0001731112263427259,0.0,0.0023455958119438236
20270832,no rewiring,0.8,0.0,-0.0008947848854237717,0.0,-0.0008373084096052752
20270832,no rewiring,0.8500000000000001,0.0,0.0014649143556872968,0.0,0.0025662377997395236
20270832,no rewiring,0.9,0.0,0.0005776140175974553,0.0,-2.3311562255323715e-05
20270832,no rewiring,0.9500000000000001,0.0,0.0008212298648987426,0.0,0.0010317991094879186
20270832,no rewiring,1.0,0.0,0.0,0.0,0.0
20270832,fast reversible,0.0,0.0,0.05342202362318893,0.0,0.004671972169255391
20270832,fast reversible,0.05,0.0,0.07120114383046033,0.0,0.012180835763670989
20270832,fast reversible,0.1,0.0,0.05377276647029183,0.0,0.016079471052246178
20270832,fast reversible,0.15000000000000002,0.0,0.05279467462028409,0.0,0.014984198355227296
20270832,fast reversible,0.2,0.0,0.04636775667531873,0.0,0.01617486242174726
20270832,fast reversible,0.25,0.0,0.03814857330098442,0.0,0.017086025021982865
20270832,fast reversible,0.30000000000000004,0.041666666666666685,0.06893445072891402,-0.04201680672268909,0.06685691707202218
20270832,fast reversible,0.35000000000000003,0.15833333333333338,0.22739354408975632,-0.1596638655462185,0.14626037147190307
20270832,fast reversible,0.4,0.26666666666666666,0.4309734936715262,-0.26890756302521013,0.2421268838045867
20270832,fast reversible,0.45,0.35833333333333334,0.6064854472450271,-0.36134453781512604,0.2957484389940453
20270832,fast reversible,0.5,0.39166666666666666,0.6758281519638527,-0.3949579831932773,0.2952797869075994
20270832,fast reversible,0.55,0.3833333333333333,0.6628994433099278,-0.38655462184873945,0.2622126023607406
20270832,fast reversible,0.6000000000000001,0.31666666666666665,0.5454712693027548,-0.31932773109243695,0.20913241969700003
20270832,fast reversible,0.65,0.25,0.4250336064274567,-0.25210084033613445,0.15598390492593794
20270832,fast reversible,0.7000000000000001,0.175,0.3004455887647516,-0.17647058823529413,0.10534212667393361
20270832,fast reversible,0.75,0.07499999999999996,0.13035470019521356,-0.07563025210084034,0.051696852052202646
20270832,fast reversible,0.8,0.0,-4.060156265017767e-05,0.0,0.0032733005781182545
20270832,fast reversible,0.8500000000000001,0.0,6.0830947367529475e-05,0.0,0.001708244881701182
20270832,fast reversible,0.9,0.0,-1.8556365904531802e-05,0.0,-0.0011455898089516303
20270832,fast reversible,0.9500000000000001,0.0,-0.00017723612448827808,0.0,-6.159164326080546e-05
20270832,fast reversible,1.0,0.0,0.0,0.0,0.0
20270832,"fast reversible, slow ramp",0.0,0.0,0.0014090695577991252,0.0,-0.0009182068243086816
20270832,"fast reversible, slow ramp",0.05,0.0,-0.003911610751605066,0.0,0.005703164762754009
20270832,"fast reversible, slow ramp",0.1,0.0,0.006928940293373542,0.0,0.005332691243973869
20270832,"fast reversible, slow ramp",0.15000000000000002,0.0,-0.001188836626626999,0.0,0.007854485341071388
20270832,"fast reversible, slow ramp",0.2,0.0,0.00465852216808077,0.0,0.006092942541319812
20270832,"fast reversible, slow ramp",0.25,0.0,-0.0005104374618948304,0.0,0.004462863407800999
20270832,"fast reversible, slow ramp",0.30000000000000004,0.0,0.005612986417122046,0.0,0.00668364229200652
20270832,"fast reversible, slow ramp",0.35000000000000003,0.0,0.004784028671796614,0.0,0.007041931715110472
20270832,"fast reversible, slow ramp",0.4,0.0,0.002213749777459695,0.0,0.01081895439411118
20270832,"fast reversible, slow ramp",0.45,0.26666666666666666,0.4523401663508443,-0.26890756302521013,0.21167839932740584
20270832,"fast reversible, slow ramp",0.5,0.4,0.6873583099044897,-0.40336134453781514,0.29961149915169405
20270832,"fast reversible, slow ramp",0.55,0.2916666666666667,0.5022793566662518,-0.29411764705882354,0.21522819420997152
20270832,"fast reversible, slow ramp",0.6000000000000001,0.06666666666666665,0.11671339741921416,-0.06722689075630252,0.06356228528934582
20270832,"fast reversible, slow ramp",0.65,0.0,1.9001287483333407e-05,0.0,0.0022565639277776217
20270832,"fast reversible, slow ramp",0.7000000000000001,0.0,-9.976440920045349e-07,0.0,0.0005706636037891011
20270832,"fast reversible, slow ramp",0.75,0.0,-3.4109081337163616e-06,0.0,0.0003081043195329869
20270832,"fast reversible, slow ramp",0.8,0.0,-9.370727233060094e-07,0.0,-0.00010548285955669368
20270832,"fast reversible, slow ramp",0.8500000000000001,0.0,5.462919460352822e-06,0.0,0.0015879295705659713
20270832,"fast reversible, slow ramp",0.9,0.0,3.2068757348624466e-05,0.0,0.0014399677355303453
20270832,"fast reversible, slow ramp",0.9500000000000001,0.0,-1.7338397553245954e-06,0.0,-0.002102255309653467
20270832,"fast reversible, slow ramp",1.0,0.0,0.0,0.0,0.0
20270832,slow reversible,0.0,0.10000000000000003,0.1774449504691032,-0.10084033613445381,0.0282669601873677
20270832,slow reversible,0.05,0.15833333333333338,0.2826879034264783,-0.1596638655462185,0.07007342242374817
20270832,slow reversible,0.1,0.18333333333333335,0.2866814416504605,-0.18487394957983194,0.12193141329329275
20270832,slow reversible,0.15000000000000002,0.2416666666666667,0.37901459493336653,-0.24369747899159666,0.19943502296774773
20270832,slow reversible,0.2,0.30833333333333335,0.4821950013305541,-0.31092436974789917,0.27966325420268634
20270832,slow reversible,0.25,0.33333333333333337,0.5275700016087557,-0.33613445378151263,0.3036884779731769
20270832,slow reversible,0.30000000000000004,0.35000000000000003,0.5594978403534429,-0.35294117647058826,0.3198760092267785
20270832,slow reversible,0.35000000000000003,0.3666666666666667,0.5970215465723883,-0.3697478991596639,0.3333659680243535
20270832,slow reversible,0.4,0.38333333333333336,0.6370371346971007,-0.3865546218487395,0.3332272737437567
20270832,slow reversible,0.45,0.4,0.6748597255014026,-0.40336134453781514,0.327182604152557
20270832,slow reversible,0.5,0.4,0.6898785072570675,-0.40336134453781514,0.3027749274323881
20270832,slow reversible,0.55,0.38333333333333336,0.6739805297058823,-0.3865546218487395,0.2685295655217661
20270832,slow reversible,0.6000000000000001,0.35833333333333334,0.6388839441323296,-0.36134453781512604,0.23144227343057355
20270832,slow reversible,0.65,0.30833333333333335,0.5557403359916813,-0.31092436974789917,0.18224561822778118
20270832,slow reversible,0.7000000000000001,0.2,0.36036468483778694,-0.20168067226890757,0.12124733721183711
20270832,slow reversible,0.75,0.14166666666666666,0.25481115858782266,-0.14285714285714285,0.07265604972942907
20270832,slow reversible,0.8,0.041666666666666685,0.07561336252075768,-0.04201680672268908,0.022759392231680997
20270832,slow reversible,0.8500000000000001,0.0,8.72828124121039e-06,0.0,0.0025397571631430305
20270832,slow reversible,0.9,0.0,1.8568534741691956e-05,0.0,-0.0011344085755522482
20270832,slow reversible,0.9500000000000001,0.0,-6.802108825976205e-06,0.0,-7.357309513178478e-05
20270832,slow reversible,1.0,0.0,0.0,0.0,0.0
20270832,"slow reversible, slow ramp",0.0,0.0,0.05780078622554441,0.0,0.0006568289488374304
20270832,"slow reversible, slow ramp",0.05,0.0,0.034868932260391394,0.0,0.007639444512101509
20270832,"slow reversible, slow ramp",0.1,0.0,0.050157643510379324,0.0,0.008839215211376483
20270832,"slow reversible, slow ramp",0.15000000000000002,0.0,0.043962396691826555,0.0,0.011951797421385774
20270832,"slow reversible, slow ramp",0.2,0.0,0.0530364092284224,0.0,0.01029346505137857
20270832,"slow reversible, slow ramp",0.25,0.05833333333333335,0.08746197812611461,-0.05882352941176472,0.04075806945049726
20270832,"slow reversible, slow ramp",0.30000000000000004,0.13333333333333336,0.2274134563328199,-0.13445378151260506,0.10151438094494186
20270832,"slow reversible, slow ramp",0.35000000000000003,0.20833333333333337,0.3585853450434053,-0.21008403361344538,0.16145005292776216
20270832,"slow reversible, slow ramp",0.4,0.30833333333333335,0.5159938736843791,-0.31092436974789917,0.2502790438519528
20270832,"slow reversible, slow ramp",0.45,0.39166666666666666,0.6608127943762404,-0.3949579831932773,0.3121576149964336
20270832,"slow reversible, slow ramp",0.5,0.4,0.6873558926122697,-0.40336134453781514,0.2996153599542384
20270832,"slow reversible, slow ramp",0.55,0.3416666666666667,0.609542985098162,-0.3445378151260504,0.24811317598098326
20270832,"slow reversible, slow ramp",0.6000000000000001,0.10833333333333334,0.18393774908405425,-0.1092436974789916,0.09291988143976038
20270832,"slow reversible, slow ramp",0.65,0.0,1.913513618601037e-05,0.0,0.002252080186120997
20270832,"slow reversible, slow ramp",0.7000000000000001,0.0,6.567000054191752e-06,0.0,0.0005728913175255812
20270832,"slow reversible, slow ramp",0.75,0.0,-6.639043105383102e-06,0.0,0.0003376251942563968
20270832,"slow reversible, slow ramp",0.8,0.0,-8.704611453858035e-07,0.0,-0.0001285959075857379
20270832,"slow reversible, slow ramp",0.8500000000000001,0.0,9.432484368576688e-06,0.0,0.0015764304167370513
20270832,"slow reversible, slow ramp",0.9,0.0,3.686867050134435e-05,0.0,0.0014397187104673304
20270832,"slow reversible, slow ramp",0.9500000000000001,0.0,1.2646928616577569e-06,0.0,-0.0021035319698444743
20270832,"slow reversible, slow ramp",1.0,0.0,0.0,0.0,0.0
20270832,one-way boundary,0.0,0.4,0.589621331961236,-0.40336134453781514,0.24735599539344927
20270832,one-way boundary,0.05,0.4,0.6141921011973341,-0.40336134453781514,0.3258897688101767
20270832,one-way boundary,0.1,0.4,0.6054633955943463,-0.40336134453781514,0.3727306728101772
20270832,one-way boundary,0.15000000000000002,0.4,0.6129744100273182,-0.40336134453781514,0.3944573174845394
20270832,one-way boundary,0.2,0.4,0.6185198063836699,-0.40336134453781514,0.404945960371654
20270832,one-way boundary,0.25,0.4,0.6269448266756369,-0.40336134453781514,0.40075925510958077
20270832,one-way boundary,0.30000000000000004,0.4,0.6367802110247116,-0.40336134453781514,0.3916978756237416
20270832,one-way boundary,0.35000000000000003,0.4,0.649757732203245,-0.40336134453781514,0.37341995359692115
20270832,one-way boundary,0.4,0.4,0.6638485075232952,-0.40336134453781514,0.35140638616564634
20270832,one-way boundary,0.45,0.4,0.6748545618350582,-0.40336134453781514,0.3271556849780733
20270832,one-way boundary,0.5,0.4,0.6898808010160173,-0.40336134453781514,0.3027805713431583
20270832,one-way boundary,0.55,0.39166666666666666,0.6891217447808228,-0.3949579831932773,0.2697784719134002
20270832,one-way boundary,0.6000000000000001,0.35,0.6139270660941695,-0.35294117647058826,0.22882957200673248
20270832,one-way boundary,0.65,0.2833333333333333,0.5001111820451007,-0.2857142857142857,0.1686991092543768
20270832,one-way boundary,0.7000000000000001,0.20833333333333331,0.3728876968615419,-0.21008403361344538,0.11826907467004466
20270832,one-way boundary,0.75,0.16666666666666669,0.298940764736939,-0.16806722689075632,0.07627333902013289
20270832,one-way boundary,0.8,0.11666666666666664,0.21220928342918055,-0.11764705882352941,0.041744037245032395
20270832,one-way boundary,0.8500000000000001,0.0,3.273330517350459e-05,0.0,0.006695117078894031
20270832,one-way boundary,0.9,0.0,2.116142800490106e-05,0.0,-0.0010372459729897088
20270832,one-way boundary,0.9500000000000001,0.0,-3.809903386997604e-06,0.0,-7.624401840811146e-05
20270832,one-way boundary,1.0,0.0,0.0,0.0,0.0
20270832,slow reversible + graph reset,0.0,0.0,0.019820423490070738,0.0,0.003025214033622145
20270832,slow reversible + graph reset,0.05,0.0,0.037088759440927654,0.0,0.008925178846709542
20270832,slow reversible + graph reset,0.1,0.0,0.01703288584137319,0.0,0.01116765561761067
20270832,slow reversible + graph reset,0.15000000000000002,0.0,0.01890606335962247,0.0,0.008726626791303482
20270832,slow reversible + graph reset,0.2,0.0,0.009787963774816388,0.0,0.010437029053853852
20270832,slow reversible + graph reset,0.25,0.0,0.006048364986488919,0.0,0.008784969417742428
20270832,slow reversible + graph reset,0.30000000000000004,0.0,0.0011227316043685986,0.0,0.008651484583187707
20270832,slow reversible + graph reset,0.35000000000000003,0.0,0.001971057671332821,0.0,0.007053200404369797
20270832,slow reversible + graph reset,0.4,0.0,0.0006951077722284205,0.0,0.004832992249921952
20270832,slow reversible + graph reset,0.45,0.0,-0.0012925369183020008,0.0,0.003374489941897818
20270832,slow reversible + graph reset,0.5,0.0,0.0027344066733548944,0.0,0.01168681508992031
20270832,slow reversible + graph reset,0.55,0.38333333333333336,0.6739805297058823,-0.3865546218487395,0.2685295655217661
20270832,slow reversible + graph reset,0.6000000000000001,0.35833333333333334,0.6388839441323296,-0.36134453781512604,0.23144227343057355
20270832,slow reversible + graph reset,0.65,0.30833333333333335,0.5557403359916813,-0.31092436974789917,0.18224561822778118
20270832,slow reversible + graph reset,0.7000000000000001,0.2,0.36036468483778694,-0.20168067226890757,0.12124733721183711
20270832,slow reversible + graph reset,0.75,0.14166666666666666,0.25481115858782266,-0.14285714285714285,0.07265604972942907
20270832,slow reversible + graph reset,0.8,0.041666666666666685,0.07561336252075768,-0.04201680672268908,0.022759392231680997
20270832,slow reversible + graph reset,0.8500000000000001,0.0,8.72828124121039e-06,0.0,0.0025397571631430305
20270832,slow reversible + graph reset,0.9,0.0,1.8568534741691956e-05,0.0,-0.0011344085755522482
20270832,slow reversible + graph reset,0.9500000000000001,0.0,-6.802108825976205e-06,0.0,-7.357309513178478e-05
20270832,slow reversible + graph reset,1.0,0.0,0.0,0.0,0.0
20270833,no rewiring,0.0,0.0,0.04292014460364452,0.0,0.006629809323426876
20270833,no rewiring,0.05,0.0,0.050029755191360104,0.0,0.015713441017440363
20270833,no rewiring,0.1,0.0,0.03611665335550773,0.0,0.01176631778092449
20270833,no rewiring,0.15000000000000002,0.0,0.026171466832253354,0.0,0.01314335966616717
20270833,no rewiring,0.2,0.0,0.0220693484306117,0.0,0.012123058189957903
20270833,no rewiring,0.25,0.0,0.01155007809227282,0.0,0.00963514636403684
20270833,no rewiring,0.30000000000000004,0.0,0.009558872363258641,0.0,0.008535595962091191
20270833,no rewiring,0.35000000000000003,0.0,0.003585304910807663,0.0,0.006561534031128913
20270833,no rewiring,0.4,0.0,0.0008519005288373793,0.0,0.0035383275130271286
20270833,no rewiring,0.45,0.0,0.0010583754191892947,0.0,0.00467527206196261
20270833,no rewiring,0.5,0.0,-0.002489300774484726,0.0,0.002589423679258407
20270833,no rewiring,0.55,0.0,0.0018042161373407195,0.0,0.004710687476653375
20270833,no rewiring,0.6000000000000001,0.0,0.0007045071689965599,0.0,0.002529562087795867
20270833,no rewiring,0.65,0.0,-0.000997648902688275,0.0,0.00183660022160137
20270833,no rewiring,0.7000000000000001,0.0,0.0014587582794709508,0.0,-0.0006629856896970265
20270833,no rewiring,0.75,0.0,0.0011053154785177766,0.0,0.0010274492970842042
20270833,no rewiring,0.8,0.0,-0.0004553451777719042,0.0,0.0025158418975529395
20270833,no rewiring,0.8500000000000001,0.0,9.676942649491926e-05,0.0,0.000715143573246424
20270833,no rewiring,0.9,0.0,-0.0012999525655205402,0.0,0.0013469274904831519
20270833,no rewiring,0.9500000000000001,0.0,-0.0006035259741137278,0.0,0.0013716165078005993
20270833,no rewiring,1.0,0.0,0.0,0.0,0.0
20270833,fast reversible,0.0,0.0,-0.015422252068319209,0.0,0.0027082645413280954
20270833,fast reversible,0.05,0.0,-0.015091093004130418,0.0,0.008797987094448664
20270833,fast reversible,0.1,0.0,-0.0236713355877452,0.0,0.004023384193044738
20270833,fast reversible,0.15000000000000002,0.0,-0.03293419258155833,0.0,0.004831729034579402
20270833,fast reversible,0.2,0.0,-0.033089965790188636,0.0,0.0032669520434576715
20270833,fast reversible,0.25,0.0,-0.04165299686745888,0.0,0.0031677051936407907
20270833,fast reversible,0.30000000000000004,0.0,-0.04166909688328574,0.0,0.018064129739818635
20270833,fast reversible,0.35000000000000003,0.09999999999999998,0.12301169779496107,-0.10810810810810811,0.1259985757633661
20270833,fast reversible,0.4,0.2833333333333333,0.44373998315941526,-0.30630630630630634,0.24468786537644238
20270833,fast reversible,0.45,0.3499999999999999,0.5695363999462177,-0.3783783783783784,0.2865898942258751
20270833,fast reversible,0.5,0.39999999999999997,0.6656765220844317,-0.43243243243243246,0.2959241630651117
20270833,fast reversible,0.55,0.38333333333333336,0.6589538577924087,-0.4144144144144144,0.26235536990549646
20270833,fast reversible,0.6000000000000001,0.35000000000000003,0.6140056108989106,-0.3783783783783784,0.225244716964201
20270833,fast reversible,0.65,0.3166666666666667,0.5652726799597184,-0.34234234234234234,0.18070943326915478
20270833,fast reversible,0.7000000000000001,0.20833333333333331,0.36873023545238093,-0.22522522522522523,0.11524477798415411
20270833,fast reversible,0.75,0.13333333333333336,0.23981151386312016,-0.14414414414414414,0.060760785450814536
20270833,fast reversible,0.8,0.05833333333333335,0.10558422060044481,-0.06306306306306306,0.029350568006098365
20270833,fast reversible,0.8500000000000001,0.0,-1.1257312686141496e-05,0.0,0.0010562516851900794
20270833,fast reversible,0.9,0.0,-6.018431424337223e-07,0.0,0.0003330925762572434
20270833,fast reversible,0.9500000000000001,0.0,-2.536098968497491e-06,0.0,0.000310393311430901
20270833,fast reversible,1.0,0.0,0.0,0.0,0.0
20270833,"fast reversible, slow ramp",0.0,0.0,-0.025466083649488935,0.0,-0.0009011723824734474
20270833,"fast reversible, slow ramp",0.05,0.0,-0.021886901725226504,0.0,-0.0017809285812590142
20270833,"fast reversible, slow ramp",0.1,0.0,-0.042615245203894925,0.0,-0.0040659974618170724
20270833,"fast reversible, slow ramp",0.15000000000000002,0.0,-0.038528657118055476,0.0,-0.0034943431676341397
20270833,"fast reversible, slow ramp",0.2,0.0,-0.030078901817182313,0.0,-0.006116821031575542
20270833,"fast reversible, slow ramp",0.25,0.0,-0.03234341895711168,0.0,-0.0032614690758681064
20270833,"fast reversible, slow ramp",0.30000000000000004,0.0,-0.03134188224589407,0.0,-0.0005658925872639164
20270833,"fast reversible, slow ramp",0.35000000000000003,0.0,-0.025511954606398934,0.0,-0.0014326113526897388
20270833,"fast reversible, slow ramp",0.4,0.008333333333333304,-0.011133971288107836,-0.009009009009009028,0.012048210041969265
20270833,"fast reversible, slow ramp",0.45,0.29166666666666663,0.46795206976001846,-0.3153153153153153,0.2148518180644014
20270833,"fast reversible, slow ramp",0.5,0.3916666666666666,0.6542105586503709,-0.42342342342342343,0.28398642999615664
20270833,"fast reversible, slow ramp",0.55,0.29999999999999993,0.5035185348321967,-0.3243243243243243,0.21549836564437352
20270833,"fast reversible, slow ramp",0.6000000000000001,0.15833333333333333,0.26962902027671987,-0.17117117117117117,0.11660225794463108
20270833,"fast reversible, slow ramp",0.65,0.0,0.00011444706443231034,0.0,-0.00023141314751695674
20270833,"fast reversible, slow ramp",0.7000000000000001,0.0,-0.00016609212725471334,0.0,0.001011005558595457
20270833,"fast reversible, slow ramp",0.75,0.0,1.2815448041214594e-05,0.0,0.0018844462769969095
20270833,"fast reversible, slow ramp",0.8,0.0,-3.284424323579671e-05,0.0,-0.0010225358875264323
20270833,"fast reversible, slow ramp",0.8500000000000001,0.0,0.00022312193473383868,0.0,-0.0011470502506792934
20270833,"fast reversible, slow ramp",0.9,0.0,1.678719858044797e-05,0.0,0.00047459115857395595
20270833,"fast reversible, slow ramp",0.9500000000000001,0.0,-0.00012911694956341258,0.0,0.0006333832558901298
20270833,"fast reversible, slow ramp",1.0,0.0,0.0,0.0,0.0
20270833,slow reversible,0.0,0.024999999999999967,0.04733113173798542,-0.02702702702702703,0.014905427795528746
20270833,slow reversible,0.05,0.11666666666666664,0.18901485737791274,-0.12612612612612617,0.053111591339836395
20270833,slow reversible,0.1,0.15833333333333333,0.21678942259976075,-0.1711711711711712,0.08829958806124338
20270833,slow reversible,0.15000000000000002,0.23333333333333328,0.32434576337244936,-0.2522522522522523,0.15069672058988268
20270833,slow reversible,0.2,0.25,0.3561378879068049,-0.2702702702702703,0.20136471767808128
20270833,slow reversible,0.25,0.29999999999999993,0.43293601772795465,-0.32432432432432434,0.2541715118694483
20270833,slow reversible,0.30000000000000004,0.32499999999999996,0.4869343679648474,-0.35135135135135137,0.27822617798839017
20270833,slow reversible,0.35000000000000003,0.3499999999999999,0.5389428011593185,-0.3783783783783784,0.32016883478788244
20270833,slow reversible,0.4,0.375,0.5967929664035958,-0.40540540540540543,0.32285792502770816
20270833,slow reversible,0.45,0.3916666666666666,0.6384167823175616,-0.42342342342342343,0.3157395029875464
20270833,slow reversible,0.5,0.39999999999999997,0.6656717568971365,-0.43243243243243246,0.29591599982478123
20270833,slow reversible,0.55,0.38333333333333336,0.6582686197386991,-0.4144144144144144,0.26653054523484865
20270833,slow reversible,0.6000000000000001,0.3166666666666667,0.5622332906438129,-0.34234234234234234,0.2127050639831598
20270833,slow reversible,0.65,0.24166666666666664,0.4301541708330453,-0.26126126126126126,0.15285222260932174
20270833,slow reversible,0.7000000000000001,0.14999999999999997,0.2685540231282725,-0.16216216216216217,0.08897340646127683
20270833,slow reversible,0.75,0.050000000000000044,0.08868709444456035,-0.05405405405405406,0.03731436593902471
20270833,slow reversible,0.8,0.0,1.708330567118388e-05,0.0,0.005258859499486901
20270833,slow reversible,0.8500000000000001,0.0,-1.653102571619325e-05,0.0,-0.0001978098545077911
20270833,slow reversible,0.9,0.0,-4.549815476595498e-07,0.0,0.00029690233955703693
20270833,slow reversible,0.9500000000000001,0.0,-2.889753304091691e-06,0.0,0.0003115933602551024
20270833,slow reversible,1.0,0.0,0.0,0.0,0.0
20270833,"slow reversible, slow ramp",0.0,0.0,0.013571385379996803,0.0,0.001354480598890588
20270833,"slow reversible, slow ramp",0.05,0.0,0.014953744203501651,0.0,0.002104532472721715
20270833,"slow reversible, slow ramp",0.1,0.0,0.010073932996294888,0.0,0.0014167764407528871
20270833,"slow reversible, slow ramp",0.15000000000000002,0.0,0.00902681949198969,0.0,0.0038793767098614373
20270833,"slow reversible, slow ramp",0.2,0.0,0.014849709047447812,0.0,0.0017056754165110932
20270833,"slow reversible, slow ramp",0.25,0.125,0.19825327670373166,-0.13513513513513514,0.07245204018628815
20270833,"slow reversible, slow ramp",0.30000000000000004,0.19999999999999996,0.30298801682882015,-0.21621621621621623,0.14248963142735216
20270833,"slow reversible, slow ramp",0.35000000000000003,0.29999999999999993,0.4643633832948672,-0.32432432432432434,0.24060950194731395
20270833,"slow reversible, slow ramp",0.4,0.3416666666666666,0.5451577867593471,-0.36936936936936937,0.27064813000467486
20270833,"slow reversible, slow ramp",0.45,0.375,0.61069933827376,-0.40540540540540543,0.28646474367665936
20270833,"slow reversible, slow ramp",0.5,0.3916666666666666,0.6543879328530099,-0.42342342342342343,0.28397570860197086
20270833,"slow reversible, slow ramp",0.55,0.30833333333333335,0.5292699490943701,-0.3333333333333333,0.21908432169206526
20270833,"slow reversible, slow ramp",0.6000000000000001,0.125,0.20339342432530316,-0.13513513513513514,0.09788456285479707
20270833,"slow reversible, slow ramp",0.65,0.0,-0.00015459956138408337,0.0,-0.00039984480391486166
20270833,"slow reversible, slow ramp",0.7000000000000001,0.0,0.00013731757628177022,0.0,0.0010354452309141449
20270833,"slow reversible, slow ramp",0.75,0.0,-0.00016812224121520725,0.0,0.0018070605193785116
20270833,"slow reversible, slow ramp",0.8,0.0,-1.6897444668817485e-05,0.0,-0.001030851528834642
20270833,"slow reversible, slow ramp",0.8500000000000001,0.0,0.00032461952786511095,0.0,-0.0011535491321881253
20270833,"slow reversible, slow ramp",0.9,0.0,4.26849802991347e-05,0.0,0.0004738477534484975
20270833,"slow reversible, slow ramp",0.9500000000000001,0.0,3.448855705590059e-05,0.0,0.0006387992689910194
20270833,"slow reversible, slow ramp",1.0,0.0,0.0,0.0,0.0
20270833,one-way boundary,0.0,0.39999999999999997,0.5544946684953385,-0.43243243243243246,0.24647471285413367
20270833,one-way boundary,0.05,0.39999999999999997,0.5748928229128731,-0.43243243243243246,0.3236995855902214
20270833,one-way boundary,0.1,0.39999999999999997,0.5724789391760049,-0.43243243243243246,0.36162915584288424
20270833,one-way boundary,0.15000000000000002,0.39999999999999997,0.5728168589782792,-0.43243243243243246,0.3872177899455673
20270833,one-way boundary,0.2,0.39999999999999997,0.5820772770013661,-0.43243243243243246,0.3954022288120353
20270833,one-way boundary,0.25,0.39999999999999997,0.5860683327570114,-0.43243243243243246,0.39147257735681684
20270833,one-way boundary,0.30000000000000004,0.39999999999999997,0.6031105979841695,-0.43243243243243246,0.381831489967359
20270833,one-way boundary,0.35000000000000003,0.39999999999999997,0.6199344095753814,-0.43243243243243246,0.36651133104841555
20270833,one-way boundary,0.4,0.39999999999999997,0.6366132678006828,-0.43243243243243246,0.34401450640434905
20270833,one-way boundary,0.45,0.39999999999999997,0.6522066833110892,-0.43243243243243246,0.322674744351387
20270833,one-way boundary,0.5,0.39999999999999997,0.6656693804082102,-0.43243243243243246,0.29590353578013184
20270833,one-way boundary,0.55,0.36666666666666664,0.6209756987330768,-0.3963963963963964,0.25876085137198646
20270833,one-way boundary,0.6000000000000001,0.3416666666666667,0.5920774311182878,-0.36936936936936937,0.21785813654003583
20270833,one-way boundary,0.65,0.2916666666666667,0.515340196223885,-0.3153153153153153,0.17227665944402515
20270833,one-way boundary,0.7000000000000001,0.2,0.36275046450153436,-0.21621621621621623,0.11355029661934846
20270833,one-way boundary,0.75,0.10000000000000003,0.18180925675494375,-0.10810810810810811,0.06276061266746669
20270833,one-way boundary,0.8,0.0,6.202267314159293e-05,0.0,0.00872680264837411
20270833,one-way boundary,0.8500000000000001,0.0,-1.4541936670942057e-05,0.0,-9.399788445740853e-05
20270833,one-way boundary,0.9,0.0,3.9525478134905256e-07,0.0,0.0003038832627160204
20270833,one-way boundary,0.9500000000000001,0.0,1.1046594462493786e-06,0.0,0.0003091277547421223
20270833,one-way boundary,1.0,0.0,0.0,0.0,0.0
20270833,slow reversible + graph reset,0.0,0.0,0.04292014397619098,0.0,0.006629802444803171
20270833,slow reversible + graph reset,0.05,0.0,0.05002975072773119,0.0,0.015713435322295563
20270833,slow reversible + graph reset,0.1,0.0,0.03611663776450863,0.0,0.011766310801023222
20270833,slow reversible + graph reset,0.15000000000000002,0.0,0.026171422789074805,0.0,0.013143343629927723
20270833,slow reversible + graph reset,0.2,0.0,0.022069226181650303,0.0,0.012123012941505723
20270833,slow reversible + graph reset,0.25,0.0,0.011549738015681543,0.0,0.009635006749713904
20270833,slow reversible + graph reset,0.30000000000000004,0.0,0.009557955386856387,0.0,0.008535192306208306
20270833,slow reversible + graph reset,0.35000000000000003,0.0,0.0035833982687238364,0.0,0.006562138452382016
20270833,slow reversible + graph reset,0.4,0.0,0.0008526504263309254,0.0,0.003559329362816166
20270833,slow reversible + graph reset,0.45,0.0,0.0011088896004795568,0.0,0.005016757584270004
20270833,slow reversible + graph reset,0.5,0.0,-0.0036434687533596355,0.0,0.01043542495999894
20270833,slow reversible + graph reset,0.55,0.38333333333333336,0.6582686197386991,-0.4144144144144144,0.26653054523484865
20270833,slow reversible + graph reset,0.6000000000000001,0.3166666666666667,0.5622332906438129,-0.34234234234234234,0.2127050639831598
20270833,slow reversible + graph reset,0.65,0.24166666666666664,0.4301541708330453,-0.26126126126126126,0.15285222260932174
20270833,slow reversible + graph reset,0.7000000000000001,0.14999999999999997,0.2685540231282725,-0.16216216216216217,0.08897340646127683
20270833,slow reversible + graph reset,0.75,0.050000000000000044,0.08868709444456035,-0.05405405405405406,0.03731436593902471
20270833,slow reversible + graph reset,0.8,0.0,1.708330567118388e-05,0.0,0.005258859499486901
20270833,slow reversible + graph reset,0.8500000000000001,0.0,-1.653102571619325e-05,0.0,-0.0001978098545077911
20270833,slow reversible + graph reset,0.9,0.0,-4.549815476595498e-07,0.0,0.00029690233955703693
20270833,slow reversible + graph reset,0.9500000000000001,0.0,-2.889753304091691e-06,0.0,0.0003115933602551024
20270833,slow reversible + graph reset,1.0,0.0,0.0,0.0,0.0
20270834,no rewiring,0.0,0.0,0.018898190969689643,0.0,0.005729736032124427
20270834,no rewiring,0.05,0.0,0.02499448079432426,0.0,0.010257709605755436
20270834,no rewiring,0.1,0.0,0.020579046391597022,0.0,0.012483092256686507
20270834,no rewiring,0.15000000000000002,0.0,0.018325352090209746,0.0,0.011957262828736409
20270834,no rewiring,0.2,0.0,0.008958718532293741,0.0,0.012310776519685124
20270834,no rewiring,0.25,0.0,0.007608611873616278,0.0,0.010384899700231986
20270834,no rewiring,0.30000000000000004,0.0,0.0083005077451348,0.0,0.008106974187182314
20270834,no rewiring,0.35000000000000003,0.0,0.004598920191684841,0.0,0.007410818779277295
20270834,no rewiring,0.4,0.0,0.004856757913617615,0.0,0.0066789456098201305
20270834,no rewiring,0.45,0.0,0.0014876271817925724,0.0,0.0042493582822850096
20270834,no rewiring,0.5,0.0,-0.0022101842268517635,0.0,0.004973040595509071
20270834,no rewiring,0.55,0.0,0.0010634664401174554,0.0,0.003881145743222403
20270834,no rewiring,0.6000000000000001,0.0,-0.0018611852126790285,0.0,0.00416280225383836
20270834,no rewiring,0.65,0.0,-0.0013001892211512711,0.0,0.002895778135132532
20270834,no rewiring,0.7000000000000001,0.0,0.0014266026818730015,0.0,0.001093147574663611
20270834,no rewiring,0.75,0.0,0.0005481885647289908,0.0,0.0017951672714733302
20270834,no rewiring,0.8,0.0,-0.0024884001067576045,0.0,0.0032302695413329863
20270834,no rewiring,0.8500000000000001,0.0,-0.002389503638426299,0.0,0.0015636525490909658
20270834,no rewiring,0.9,0.0,-0.0019934034798772537,0.0,0.00039590189003835263
20270834,no rewiring,0.9500000000000001,0.0,0.002105353866249382,0.0,0.0011413090756716704
20270834,no rewiring,1.0,0.0,0.0,0.0,0.0
20270834,fast reversible,0.0,0.0,-0.030210907825217792,0.0,0.004247941756263113
20270834,fast reversible,0.05,0.0,-0.025459019479247724,0.0,0.007665513973305865
20270834,fast reversible,0.1,0.0,-0.02528659507730202,0.0,0.009934228639489534
20270834,fast reversible,0.15000000000000002,0.0,-0.027036948523745163,0.0,0.008723551698088472
20270834,fast reversible,0.2,0.0,-0.02925728056048671,0.0,0.01009809762715222
20270834,fast reversible,0.25,0.0,-0.030266608669523964,0.0,0.009494895894780142
20270834,fast reversible,0.30000000000000004,0.0,-0.03307209056586963,0.0,0.021388616236044156
20270834,fast reversible,0.35000000000000003,0.1333333333333333,0.1700786565819412,-0.13559322033898308,0.14281919634093715
20270834,fast reversible,0.4,0.29166666666666663,0.4498963994428416,-0.29661016949152547,0.24480091871874593
20270834,fast reversible,0.45,0.375,0.5923172807084135,-0.38135593220338987,0.3001874606211292
20270834,fast reversible,0.5,0.3999999999999999,0.6482476503768967,-0.4067796610169492,0.2959706405866107
20270834,fast reversible,0.55,0.3833333333333333,0.6354501809527184,-0.3898305084745763,0.264820855741432
20270834,fast reversible,0.6000000000000001,0.31666666666666665,0.5358650115461117,-0.3220338983050847,0.2145671810039962
20270834,fast reversible,0.65,0.2749999999999999,0.4707597419329056,-0.2796610169491525,0.16382997540305555
20270834,fast reversible,0.7000000000000001,0.19166666666666665,0.33447980718932857,-0.19491525423728814,0.10531180942940332
20270834,fast reversible,0.75,0.06666666666666665,0.11464223522587447,-0.06779661016949153,0.04798470938374455
20270834,fast reversible,0.8,0.0,5.056649671209001e-07,0.0,0.00440501563913398
20270834,fast reversible,0.8500000000000001,0.0,-1.3279202622840103e-05,0.0,0.0006289586166798866
20270834,fast reversible,0.9,0.0,2.0098572135474058e-06,0.0,-0.0006929156356693111
20270834,fast reversible,0.9500000000000001,0.0,6.105586369264948e-06,0.0,9.039968525392794e-05
20270834,fast reversible,1.0,0.0,0.0,0.0,0.0
20270834,"fast reversible, slow ramp",0.0,0.0,-0.025811422875555712,0.0,-0.0014706329806314991
20270834,"fast reversible, slow ramp",0.05,0.0,-0.03570612567041126,0.0,-0.004239759090926665
20270834,"fast reversible, slow ramp",0.1,0.0,-0.03191427621202503,0.0,-0.0035564242019733017
20270834,"fast reversible, slow ramp",0.15000000000000002,0.0,-0.03327356026355799,0.0,-0.005600215611714476
20270834,"fast reversible, slow ramp",0.2,0.0,-0.0369915765420622,0.0,-0.0035812639003053037
20270834,"fast reversible, slow ramp",0.25,0.0,-0.03946069845666139,0.0,-0.0030876726866593263
20270834,"fast reversible, slow ramp",0.30000000000000004,0.0,-0.03399281419821504,0.0,-0.0028112478312521394
20270834,"fast reversible, slow ramp",0.35000000000000003,0.0,-0.03892598488328092,0.0,-0.0015455041497279831
20270834,"fast reversible, slow ramp",0.4,0.0,-0.036284413012468486,0.0,-0.0008948908859584548
20270834,"fast reversible, slow ramp",0.45,0.21666666666666667,0.3291106079611486,-0.22033898305084748,0.1416751337124889
20270834,"fast reversible, slow ramp",0.5,0.3999999999999999,0.650327016417068,-0.4067796610169492,0.2916796556337877
20270834,"fast reversible, slow ramp",0.55,0.31666666666666665,0.5339164115430548,-0.3220338983050847,0.22522060206833494
20270834,"fast reversible, slow ramp",0.6000000000000001,0.10833333333333328,0.18619039729052156,-0.11016949152542373,0.08519020346868933
20270834,"fast reversible, slow ramp",0.65,0.0,-5.342192860746664e-06,0.0,-0.0004320330428859709
20270834,"fast reversible, slow ramp",0.7000000000000001,0.0,-4.81202816671189e-06,0.0,0.0014268372772319182
20270834,"fast reversible, slow ramp",0.75,0.0,-7.0874538062870585e-06,0.0,0.0005778870802648495
20270834,"fast reversible, slow ramp",0.8,0.0,-2.365131022030731e-06,0.0,0.00018149622821894695
20270834,"fast reversible, slow ramp",0.8500000000000001,0.0,-7.404341180405893e-06,0.0,0.0008700006888048284
20270834,"fast reversible, slow ramp",0.9,0.0,2.6073306882201663e-05,0.0,0.0015377458717196202
20270834,"fast reversible, slow ramp",0.9500000000000001,0.0,-1.8495603700485752e-05,0.0,-0.0014487322475313924
20270834,"fast reversible, slow ramp",1.0,0.0,0.0,0.0,0.0
20270834,slow reversible,0.0,0.10833333333333328,0.11755546980772874,-0.11016949152542377,0.03153881481624897
20270834,slow reversible,0.05,0.21666666666666667,0.2835901250509001,-0.22033898305084748,0.09971501610596312
20270834,slow reversible,0.1,0.24166666666666659,0.326547709741878,-0.24576271186440682,0.14652365540333656
20270834,slow reversible,0.15000000000000002,0.29166666666666663,0.39643402595488103,-0.29661016949152547,0.22281904457781856
20270834,slow reversible,0.2,0.32499999999999996,0.4543744887573215,-0.3305084745762712,0.26787872380004274
20270834,slow reversible,0.25,0.32499999999999996,0.46095274053542296,-0.3305084745762712,0.2811166568879918
20270834,slow reversible,0.30000000000000004,0.3416666666666667,0.4995714467550455,-0.3474576271186441,0.2938131036579109
20270834,slow reversible,0.35000000000000003,0.3583333333333333,0.5351112873543881,-0.364406779661017,0.3191622504027332
20270834,slow reversible,0.4,0.3833333333333333,0.5917807237633863,-0.3898305084745763,0.33027300854685665
20270834,slow reversible,0.45,0.3999999999999999,0.6323507486143161,-0.4067796610169492,0.3192220370951474
20270834,slow reversible,0.5,0.3999999999999999,0.6482441223582474,-0.4067796610169492,0.29599605072538004
20270834,slow reversible,0.55,0.3916666666666666,0.6492472211944893,-0.3983050847457627,0.2654351551973211
20270834,slow reversible,0.6000000000000001,0.34166666666666656,0.5756561735713128,-0.3474576271186441,0.22453601455986072
20270834,slow reversible,0.65,0.29999999999999993,0.529605057025672,-0.3050847457627119,0.17961465867765902
20270834,slow reversible,0.7000000000000001,0.19999999999999996,0.35165743828313645,-0.2033898305084746,0.11653238150598222
20270834,slow reversible,0.75,0.09999999999999998,0.17964308994027556,-0.1016949152542373,0.06047417299375235
20270834,slow reversible,0.8,0.0,3.6495254767121565e-06,0.0,0.007631053634108542
20270834,slow reversible,0.8500000000000001,0.0,-1.4577173424568102e-05,0.0,0.0007235153073946732
20270834,slow reversible,0.9,0.0,5.591672765481448e-06,0.0,-0.000689471479505599
20270834,slow reversible,0.9500000000000001,0.0,2.530245348797422e-06,0.0,8.827734186755976e-05
20270834,slow reversible,1.0,0.0,0.0,0.0,0.0
20270834,"slow reversible, slow ramp",0.0,0.0,0.014153499454464036,0.0,-0.0012964459403206896
20270834,"slow reversible, slow ramp",0.05,0.0,0.019464345257577675,0.0,-0.0024240646050301407
20270834,"slow reversible, slow ramp",0.1,0.0,0.01785302062420452,0.0,-0.001736844226730816
20270834,"slow reversible, slow ramp",0.15000000000000002,0.0,0.010614932853913683,0.0,-0.0035863051192628337
20270834,"slow reversible, slow ramp",0.2,0.0,0.01221062454198879,0.0,-0.0016323352441251493
20270834,"slow reversible, slow ramp",0.25,0.06666666666666665,0.13295023395995054,-0.06779661016949157,0.04617659153123238
20270834,"slow reversible, slow ramp",0.30000000000000004,0.19166666666666665,0.2894389141281411,-0.19491525423728817,0.12318417227867784
20270834,"slow reversible, slow ramp",0.35000000000000003,0.2583333333333333,0.3977302304421952,-0.2627118644067797,0.1877785510572395
20270834,"slow reversible, slow ramp",0.4,0.32499999999999996,0.49883635699436923,-0.3305084745762712,0.24638450424198238
20270834,"slow reversible, slow ramp",0.45,0.3666666666666666,0.5782102402132157,-0.3728813559322034,0.2782910290483826
20270834,"slow reversible, slow ramp",0.5,0.3999999999999999,0.6503291800180129,-0.4067796610169492,0.29171085410431896
20270834,"slow reversible, slow ramp",0.55,0.3666666666666666,0.616266386505617,-0.3728813559322034,0.24874319445184534
20270834,"slow reversible, slow ramp",0.6000000000000001,0.15833333333333333,0.2804398915685269,-0.16101694915254236,0.12731663675464988
20270834,"slow reversible, slow ramp",0.65,0.0,-2.946947363025032e-06,0.0,-0.0004665458783801313
20270834,"slow reversible, slow ramp",0.7000000000000001,0.0,-3.904308503610565e-06,0.0,0.0014995901491422492
20270834,"slow reversible, slow ramp",0.75,0.0,-5.369506191676976e-06,0.0,0.0005898997508749781
20270834,"slow reversible, slow ramp",0.8,0.0,-8.429631109252433e-06,0.0,0.00017149910109104383
20270834,"slow reversible, slow ramp",0.8500000000000001,0.0,-2.6921893153675214e-06,0.0,0.0008847148322649323
20270834,"slow reversible, slow ramp",0.9,0.0,2.9540952316109426e-05,0.0,0.001540636228191672
20270834,"slow reversible, slow ramp",0.9500000000000001,0.0,-1.817973896001135e-05,0.0,-0.0014458217368802373
20270834,"slow reversible, slow ramp",1.0,0.0,0.0,0.0,0.0
20270834,one-way boundary,0.0,0.3999999999999999,0.5517380244088945,-0.4067796610169492,0.24611544889506187
20270834,one-way boundary,0.05,0.3999999999999999,0.5471888717732485,-0.4067796610169492,0.31889176847881695
20270834,one-way boundary,0.1,0.3999999999999999,0.5527443732390058,-0.4067796610169492,0.364396287995904
20270834,one-way boundary,0.15000000000000002,0.3999999999999999,0.5588816677963515,-0.4067796610169492,0.3858608049188378
20270834,one-way boundary,0.2,0.3999999999999999,0.5630717164500065,-0.4067796610169492,0.3941540986389188
20270834,one-way boundary,0.25,0.3999999999999999,0.572752546687356,-0.4067796610169492,0.388900377800971
20270834,one-way boundary,0.30000000000000004,0.3999999999999999,0.5860100315256485,-0.4067796610169492,0.37754862628906416
20270834,one-way boundary,0.35000000000000003,0.3999999999999999,0.6003444387930993,-0.4067796610169492,0.36296869449910724
20270834,one-way boundary,0.4,0.3999999999999999,0.6182241266907735,-0.4067796610169492,0.3439705992024125
20270834,one-way boundary,0.45,0.3999999999999999,0.6323525246411756,-0.4067796610169492,0.3192077492514549
20270834,one-way boundary,0.5,0.3999999999999999,0.648244747761388,-0.4067796610169492,0.2959698217732818
20270834,one-way boundary,0.55,0.3999999999999999,0.6658883287318461,-0.4067796610169492,0.269303696724117
20270834,one-way boundary,0.6000000000000001,0.37499999999999994,0.6426797591691242,-0.3813559322033898,0.23464310038008773
20270834,one-way boundary,0.65,0.31666666666666665,0.5415670893221305,-0.3220338983050847,0.1839615579787902
20270834,one-way boundary,0.7000000000000001,0.2583333333333333,0.4533606403238145,-0.2627118644067797,0.13090956332160664
20270834,one-way boundary,0.75,0.18333333333333324,0.33322343494963036,-0.1864406779661017,0.08633465839202248
20270834,one-way boundary,0.8,0.10833333333333328,0.20243267529305176,-0.11016949152542373,0.04421958397348058
20270834,one-way boundary,0.8500000000000001,0.0,6.2395451599916996e-06,0.0,0.004488307019224869
20270834,one-way boundary,0.9,0.0,-1.1075236312496628e-06,0.0,-0.0005909561367125615
20270834,one-way boundary,0.9500000000000001,0.0,1.0710928361801209e-05,0.0,9.171433381105487e-05
20270834,one-way boundary,1.0,0.0,0.0,0.0,0.0
20270834,slow reversible + graph reset,0.0,0.0,0.018898190642352708,0.0,0.005729735991625989
20270834,slow reversible + graph reset,0.05,0.0,0.024994479532028546,0.0,0.010257709344068139
20270834,slow reversible + graph reset,0.1,0.0,0.020579042429768657,0.0,0.012483089717454099
20270834,slow reversible + graph reset,0.15000000000000002,0.0,0.018325340104317744,0.0,0.0119572558282392
20270834,slow reversible + graph reset,0.2,0.0,0.008958680133993757,0.0,0.012310755625671355
20270834,slow reversible + graph reset,0.25,0.0,0.007608484871925447,0.0,0.010384837400738478
20270834,slow reversible + graph reset,0.30000000000000004,0.0,0.008300161995312083,0.0,0.008106834848795375
20270834,slow reversible + graph reset,0.35000000000000003,0.0,0.004598502575265007,0.0,0.007411201853081584
20270834,slow reversible + graph reset,0.4,0.0,0.004862516042631826,0.0,0.00669602609844866
20270834,slow reversible + graph reset,0.45,0.0,0.0015540577568012859,0.0,0.004565716885895299
20270834,slow reversible + graph reset,0.5,0.0,-0.00328433864846156,0.0,0.012532845877311516
20270834,slow reversible + graph reset,0.55,0.3916666666666666,0.6492472211944893,-0.3983050847457627,0.2654351551973211
20270834,slow reversible + graph reset,0.6000000000000001,0.34166666666666656,0.5756561735713128,-0.3474576271186441,0.22453601455986072
20270834,slow reversible + graph reset,0.65,0.29999999999999993,0.529605057025672,-0.3050847457627119,0.17961465867765902
20270834,slow reversible + graph reset,0.7000000000000001,0.19999999999999996,0.35165743828313645,-0.2033898305084746,0.11653238150598222
20270834,slow reversible + graph reset,0.75,0.09999999999999998,0.17964308994027556,-0.1016949152542373,0.06047417299375235
20270834,slow reversible + graph reset,0.8,0.0,3.6495254767121565e-06,0.0,0.007631053634108542
20270834,slow reversible + graph reset,0.8500000000000001,0.0,-1.4577173424568102e-05,0.0,0.0007235153073946732
20270834,slow reversible + graph reset,0.9,0.0,5.591672765481448e-06,0.0,-0.000689471479505599
20270834,slow reversible + graph reset,0.9500000000000001,0.0,2.530245348797422e-06,0.0,8.827734186755976e-05
20270834,slow reversible + graph reset,1.0,0.0,0.0,0.0,0.0
20270835,no rewiring,0.0,0.0,0.02640078742182933,0.0,0.0028071380187031786
20270835,no rewiring,0.05,0.0,0.04054375461513787,0.0,0.006043143636244072
20270835,no rewiring,0.1,0.0,0.022289192752647735,0.0,0.009031364787520452
20270835,no rewiring,0.15000000000000002,0.0,0.016693800532509018,0.0,0.00992783015765239
20270835,no rewiring,0.2,0.0,0.009522968203606208,0.0,0.006989710900291629
20270835,no rewiring,0.25,0.0,0.005212374498861305,0.0,0.0060350351406867064
20270835,no rewiring,0.30000000000000004,0.0,0.007041252887912242,0.0,0.006345138846084786
20270835,no rewiring,0.35000000000000003,0.0,0.003801832002205907,0.0,0.005184371384831854
20270835,no rewiring,0.4,0.0,-0.00045382415294142886,0.0,0.005618446414945022
20270835,no rewiring,0.45,0.0,-0.0007311908903261943,0.0,0.0033539796095767294
20270835,no rewiring,0.5,0.0,0.001483995135638294,0.0,0.0048351605149176136
20270835,no rewiring,0.55,0.0,0.0024804010967130474,0.0,0.002037997715759854
20270835,no rewiring,0.6000000000000001,0.0,-0.0018073491273094544,0.0,0.003730890246112395
20270835,no rewiring,0.65,0.0,0.0037252923908002167,0.0,0.004410562508160187
20270835,no rewiring,0.7000000000000001,0.0,0.0030999238220400516,0.0,0.003969428504031258
20270835,no rewiring,0.75,0.0,-0.0003662769250355469,0.0,0.001392116619232886
20270835,no rewiring,0.8,0.0,0.0007067002586411963,0.0,0.0023169560117384247
20270835,no rewiring,0.8500000000000001,0.0,-0.0010458783099593638,0.0,-6.466040657215899e-05
20270835,no rewiring,0.9,0.0,-0.0007118140329278877,0.0,0.00116153915692907
20270835,no rewiring,0.9500000000000001,0.0,-0.0001490693581150393,0.0,0.0012111333933129131
20270835,no rewiring,1.0,0.0,0.0,0.0,0.0
20270835,fast reversible,0.0,0.0,-0.0068132549634809525,0.0,0.0016360949387387025
20270835,fast reversible,0.05,0.0,-0.002087103530725498,0.0,0.002621990413643416
20270835,fast reversible,0.1,0.0,-0.016521243942766883,0.0,0.006503829575821685
20270835,fast reversible,0.15000000000000002,0.0,-0.020700784367234493,0.0,0.006081259360391139
20270835,fast reversible,0.2,0.0,-0.025580993075251135,0.0,0.0030634288529546305
20270835,fast reversible,0.25,0.0,-0.01921532771171297,0.0,0.006704658986836087
20270835,fast reversible,0.30000000000000004,0.041666666666666685,0.04454819657047293,-0.04201680672268909,0.060132765692709644
20270835,fast reversible,0.35000000000000003,0.17500000000000004,0.28249428825181083,-0.17647058823529413,0.1483968928709486
20270835,fast reversible,0.4,0.2416666666666667,0.3780450562996538,-0.24369747899159666,0.2318839574408985
20270835,fast reversible,0.45,0.375,0.6270649337493474,-0.37815126050420167,0.3048654948793738
20270835,fast reversible,0.5,0.39166666666666666,0.6666961459314058,-0.3949579831932773,0.29454082313817
20270835,fast reversible,0.55,0.3333333333333333,0.5912151659414897,-0.3361344537815126,0.24619819688142608
20270835,fast reversible,0.6000000000000001,0.3,0.537293497655333,-0.3025210084033613,0.201520082118255
20270835,fast reversible,0.65,0.2583333333333333,0.46672525049808034,-0.26050420168067223,0.15489284941399628
20270835,fast reversible,0.7000000000000001,0.20833333333333331,0.3783251546507549,-0.21008403361344538,0.11216467124240348
20270835,fast reversible,0.75,0.09166666666666662,0.1641520571189471,-0.09243697478991597,0.05398954680981016
20270835,fast reversible,0.8,0.033333333333333326,0.06309310659638201,-0.033613445378151266,0.01725261245025822
20270835,fast reversible,0.8500000000000001,0.0,-8.371577616284043e-05,0.0,-0.00044783290850269886
20270835,fast reversible,0.9,0.0,-3.556758051370679e-05,0.0,8.204263167888026e-05
20270835,fast reversible,0.9500000000000001,0.0,-0.00016524696031094965,0.0,0.00015330896802390193
20270835,fast reversible,1.0,0.0,0.0,0.0,0.0
20270835,"fast reversible, slow ramp",0.0,0.0,0.014089591821191405,0.0,0.0005050378783960086
20270835,"fast reversible, slow ramp",0.05,0.0,0.023902831763059795,0.0,0.000858374245011867
20270835,"fast reversible, slow ramp",0.1,0.0,0.021544209808315284,0.0,0.0026186711786270467
20270835,"fast reversible, slow ramp",0.15000000000000002,0.0,0.02048204979407814,0.0,0.0016210833383940304
20270835,"fast reversible, slow ramp",0.2,0.0,0.028899375005751293,0.0,0.0020886190127415993
20270835,"fast reversible, slow ramp",0.25,0.0,0.026039022377367882,0.0,0.003214652223758885
20270835,"fast reversible, slow ramp",0.30000000000000004,0.0,0.01786844602034854,0.0,0.00034691294142108475
20270835,"fast reversible, slow ramp",0.35000000000000003,0.0,0.02412251342415156,0.0,0.0011141790583467648
20270835,"fast reversible, slow ramp",0.4,0.0,0.018872214235513163,0.0,0.01362916118144214
20270835,"fast reversible, slow ramp",0.45,0.25833333333333336,0.4376591976833448,-0.2605042016806723,0.19413096993821194
20270835,"fast reversible, slow ramp",0.5,0.39166666666666666,0.6672887348678616,-0.3949579831932773,0.29097325944673047
20270835,"fast reversible, slow ramp",0.55,0.29166666666666663,0.5157486720247679,-0.2941176470588235,0.22258025314926455
20270835,"fast reversible, slow ramp",0.6000000000000001,0.10833333333333328,0.18495321836433298,-0.1092436974789916,0.09111230022823713
20270835,"fast reversible, slow ramp",0.65,0.0,3.1612917577028554e-05,0.0,-0.0013402017626251705
20270835,"fast reversible, slow ramp",0.7000000000000001,0.0,-2.808543345567127e-05,0.0,2.390327903323275e-05
20270835,"fast reversible, slow ramp",0.75,0.0,5.245554623234394e-05,0.0,0.0007810805241408314
20270835,"fast reversible, slow ramp",0.8,0.0,-0.00012773328406823214,0.0,-0.0004461031244262781
20270835,"fast reversible, slow ramp",0.8500000000000001,0.0,-0.00021781348731908512,0.0,-0.0006359710459830081
20270835,"fast reversible, slow ramp",0.9,0.0,0.0001360931924052622,0.0,-0.0011757279428137313
20270835,"fast reversible, slow ramp",0.9500000000000001,0.0,0.00015835402587205394,0.0,0.00026373911028121366
20270835,"fast reversible, slow ramp",1.0,0.0,0.0,0.0,0.0
20270835,slow reversible,0.0,0.18333333333333335,0.29086970495971365,-0.18487394957983194,0.052415908737698094
20270835,slow reversible,0.05,0.22500000000000003,0.3719979834078596,-0.226890756302521,0.10739074142187964
20270835,slow reversible,0.1,0.23333333333333334,0.36511072124082355,-0.23529411764705882,0.16333685180175275
20270835,slow reversible,0.15000000000000002,0.2833333333333334,0.4424140683189092,-0.2857142857142857,0.21933817645582881
20270835,slow reversible,0.2,0.2916666666666667,0.4464376120302447,-0.29411764705882354,0.2612408444747989
20270835,slow reversible,0.25,0.325,0.5052275752313405,-0.3277310924369748,0.2932794525591548
20270835,slow reversible,0.30000000000000004,0.35833333333333334,0.5652390413121657,-0.36134453781512604,0.3455252205248329
20270835,slow reversible,0.35000000000000003,0.38333333333333336,0.6154252568958551,-0.3865546218487395,0.347212177878956
20270835,slow reversible,0.4,0.38333333333333336,0.6254419061783953,-0.3865546218487395,0.3387220525732709
20270835,slow reversible,0.45,0.39166666666666666,0.654784758239535,-0.3949579831932773,0.31711717821686397
20270835,slow reversible,0.5,0.39166666666666666,0.6666075393611366,-0.3949579831932773,0.29462805373377254
20270835,slow reversible,0.55,0.375,0.6523360560735416,-0.37815126050420167,0.2597079733974549
20270835,slow reversible,0.6000000000000001,0.3333333333333333,0.5830115279446147,-0.3361344537815126,0.21864114826987358
20270835,slow reversible,0.65,0.2583333333333333,0.4608289567447965,-0.26050420168067223,0.16224000220624402
20270835,slow reversible,0.7000000000000001,0.16666666666666663,0.30412011468597877,-0.16806722689075632,0.1005088483011859
20270835,slow reversible,0.75,0.0,0.00027803340040066793,0.0,0.022807302205190116
20270835,slow reversible,0.8,0.0,7.892124432229419e-05,0.0,0.002207258866527173
20270835,slow reversible,0.8500000000000001,0.0,-0.0002736371499131307,0.0,-0.0010758719138724837
20270835,slow reversible,0.9,0.0,-0.00015467422211878912,0.0,5.871984829330934e-05
20270835,slow reversible,0.9500000000000001,0.0,-0.00010449668357892516,0.0,0.00015077472076474585
20270835,slow reversible,1.0,0.0,0.0,0.0,0.0
20270835,"slow reversible, slow ramp",0.0,0.0,-0.05185387958510529,0.0,-0.0017372348205967406
20270835,"slow reversible, slow ramp",0.05,0.0,-0.0578961686253997,0.0,-0.00428031788740843
20270835,"slow reversible, slow ramp",0.1,0.0,-0.04851110627573568,0.0,-0.004224457109603008
20270835,"slow reversible, slow ramp",0.15000000000000002,0.0,-0.054754862866370546,0.0,-0.006891920568243448
20270835,"slow reversible, slow ramp",0.2,0.05833333333333335,0.07726266181876912,-0.05882352941176472,0.03199497453588032
20270835,"slow reversible, slow ramp",0.25,0.18333333333333335,0.2821512910090962,-0.18487394957983194,0.11597770505271393
20270835,"slow reversible, slow ramp",0.30000000000000004,0.23333333333333334,0.35615455129940254,-0.23529411764705882,0.1639136265578966
20270835,"slow reversible, slow ramp",0.35000000000000003,0.2916666666666667,0.4765696906419144,-0.29411764705882354,0.22931693291976596
20270835,"slow reversible, slow ramp",0.4,0.35833333333333334,0.5880395369766072,-0.36134453781512604,0.29212829356176945
20270835,"slow reversible, slow ramp",0.45,0.38333333333333336,0.6408341634844995,-0.3865546218487395,0.3040441594598164
20270835,"slow reversible, slow ramp",0.5,0.39166666666666666,0.6681591478536921,-0.3949579831932773,0.2900870366708823
20270835,"slow reversible, slow ramp",0.55,0.2833333333333333,0.48518093128606543,-0.2857142857142857,0.2123993560629005
20270835,"slow reversible, slow ramp",0.6000000000000001,0.09999999999999998,0.16887590255126983,-0.10084033613445378,0.0837864774593472
20270835,"slow reversible, slow ramp",0.65,0.0,-0.00017522149538495846,0.0,-0.0015606657654295697
20270835,"slow reversible, slow ramp",0.7000000000000001,0.0,-1.0623565189771256e-05,0.0,6.326956722801924e-05
20270835,"slow reversible, slow ramp",0.75,0.0,-0.00010017356529379295,0.0,0.0007632063560245594
20270835,"slow reversible, slow ramp",0.8,0.0,-3.3992563825635536e-05,0.0,-0.000458848977584303
20270835,"slow reversible, slow ramp",0.8500000000000001,0.0,-0.0001445746213016852,0.0,-0.000638917380061832
20270835,"slow reversible, slow ramp",0.9,0.0,-0.0001269601879076987,0.0,-0.0011869380236630978
20270835,"slow reversible, slow ramp",0.9500000000000001,0.0,0.00031008682678868027,0.0,0.00026397482544637807
20270835,"slow reversible, slow ramp",1.0,0.0,0.0,0.0,0.0
20270835,one-way boundary,0.0,0.39166666666666666,0.5803666127422461,-0.3949579831932773,0.22760714660760417
20270835,one-way boundary,0.05,0.39166666666666666,0.5908745822651378,-0.3949579831932773,0.30129705594658696
20270835,one-way boundary,0.1,0.39166666666666666,0.581102565664365,-0.3949579831932773,0.35051052211474487
20270835,one-way boundary,0.15000000000000002,0.39166666666666666,0.5886602880403955,-0.3949579831932773,0.37541582246776256
20270835,one-way boundary,0.2,0.39166666666666666,0.5927977663347385,-0.3949579831932773,0.3821674510532686
20270835,one-way boundary,0.25,0.39166666666666666,0.6039464226235159,-0.3949579831932773,0.3822057674249947
20270835,one-way boundary,0.30000000000000004,0.39166666666666666,0.61937316019714,-0.3949579831932773,0.3752351146649966
20270835,one-way boundary,0.35000000000000003,0.39166666666666666,0.6288166680215963,-0.3949579831932773,0.35935764639571344
20270835,one-way boundary,0.4,0.39166666666666666,0.6414674280992599,-0.3949579831932773,0.3413487542412198
20270835,one-way boundary,0.45,0.39166666666666666,0.6550364416057701,-0.3949579831932773,0.31793041907189984
20270835,one-way boundary,0.5,0.39166666666666666,0.6670167078699829,-0.3949579831932773,0.2954383906151201
20270835,one-way boundary,0.55,0.3583333333333333,0.6244285404593316,-0.36134453781512604,0.25500084720047733
20270835,one-way boundary,0.6000000000000001,0.31666666666666665,0.5610114007319473,-0.31932773109243695,0.21116552837721891
20270835,one-way boundary,0.65,0.24166666666666664,0.44374366966217804,-0.24369747899159663,0.14861743698409768
20270835,one-way boundary,0.7000000000000001,0.14166666666666666,0.2551050059326365,-0.14285714285714285,0.08714166257809663
20270835,one-way boundary,0.75,0.016666666666666663,0.02984860029311076,-0.016806722689075633,0.023322719635448075
20270835,one-way boundary,0.8,0.0,-6.06286265182332e-05,0.0,0.0022664119601127908
20270835,one-way boundary,0.8500000000000001,0.0,-0.0002682073420807729,0.0,-0.001082225008884885
20270835,one-way boundary,0.9,0.0,0.00012777962071908178,0.0,5.6079313137002984e-05
20270835,one-way boundary,0.9500000000000001,0.0,-0.00012537359788955538,0.0,0.00015278002753671416
20270835,one-way boundary,1.0,0.0,0.0,0.0,0.0
20270835,slow reversible + graph reset,0.0,0.0,0.026400787303615503,0.0,0.002807137812901178
20270835,slow reversible + graph reset,0.05,0.0,0.040543754131894316,0.0,0.0060431431252787465
20270835,slow reversible + graph reset,0.1,0.0,0.02228919147863323,0.0,0.009031362763035539
20270835,slow reversible + graph reset,0.15000000000000002,0.0,0.01669379676163618,0.0,0.009927825268864626
20270835,slow reversible + graph reset,0.2,0.0,0.009522958817595073,0.0,0.00698969841086769
20270835,slow reversible + graph reset,0.25,0.0,0.00521235108743745,0.0,0.006035023905792358
20270835,slow reversible + graph reset,0.30000000000000004,0.0,0.007041263135479092,0.0,0.006345248985444196
20270835,slow reversible + graph reset,0.35000000000000003,0.0,0.003802629893153886,0.0,0.005185569268393142
20270835,slow reversible + graph reset,0.4,0.0,-0.0004437092219090055,0.0,0.005635513606052411
20270835,slow reversible + graph reset,0.45,0.0,-0.0006400576898197285,0.0,0.0036704689790349465
20270835,slow reversible + graph reset,0.5,0.0,0.0008463272015984957,0.0,0.012523318056727906
20270835,slow reversible + graph reset,0.55,0.375,0.6523360560735416,-0.37815126050420167,0.2597079733974549
20270835,slow reversible + graph reset,0.6000000000000001,0.3333333333333333,0.5830115279446147,-0.3361344537815126,0.21864114826987358
20270835,slow reversible + graph reset,0.65,0.2583333333333333,0.4608289567447965,-0.26050420168067223,0.16224000220624402
20270835,slow reversible + graph reset,0.7000000000000001,0.16666666666666663,0.30412011468597877,-0.16806722689075632,0.1005088483011859
20270835,slow reversible + graph reset,0.75,0.0,0.00027803340040066793,0.0,0.022807302205190116
20270835,slow reversible + graph reset,0.8,0.0,7.892124432229419e-05,0.0,0.002207258866527173
20270835,slow reversible + graph reset,0.8500000000000001,0.0,-0.0002736371499131307,0.0,-0.0010758719138724837
20270835,slow reversible + graph reset,0.9,0.0,-0.00015467422211878912,0.0,5.871984829330934e-05
20270835,slow reversible + graph reset,0.9500000000000001,0.0,-0.00010449668357892516,0.0,0.00015077472076474585
20270835,slow reversible + graph reset,1.0,0.0,0.0,0.0,0.0
20270836,no rewiring,0.0,0.0,0.03701894712894538,0.0,0.006379818220902479
20270836,no rewiring,0.05,0.0,0.03834470441680721,0.0,0.011432917451056249
20270836,no rewiring,0.1,0.0,0.0260970263011317,0.0,0.011806903388504791
20270836,no rewiring,0.15000000000000002,0.0,0.018650014402329385,0.0,0.01140762767869638
20270836,no rewiring,0.2,0.0,0.012061280192821267,0.0,0.010277863308621626
20270836,no rewiring,0.25,0.0,0.01232051194308903,0.0,0.009821496544352548
20270836,no rewiring,0.30000000000000004,0.0,0.0024534145468522173,0.0,0.007133967266472252
20270836,no rewiring,0.35000000000000003,0.0,0.0028895603240865486,0.0,0.0037580803413080344
20270836,no rewiring,0.4,0.0,0.0006993685780241066,0.0,0.00423505772377164
20270836,no rewiring,0.45,0.0,0.0013439608027703276,0.0,0.0029025048664684805
20270836,no rewiring,0.5,0.0,0.0033781896828692926,0.0,0.0026379824711267874
20270836,no rewiring,0.55,0.0,-0.0015520046366405138,0.0,0.00672444032466657
20270836,no rewiring,0.6000000000000001,0.0,0.0004259979382794654,0.0,0.0026538978363422894
20270836,no rewiring,0.65,0.0,0.0021569859404799163,0.0,0.002012224641783189
20270836,no rewiring,0.7000000000000001,0.0,-0.000950260557312288,0.0,0.0037169552720920374
20270836,no rewiring,0.75,0.0,-0.000525395899091341,0.0,-0.0004433292606809136
20270836,no rewiring,0.8,0.0,-0.0009194928730200669,0.0,0.00038639461158684885
20270836,no rewiring,0.8500000000000001,0.0,-0.0010785824718511083,0.0,0.0021501541171854432
20270836,no rewiring,0.9,0.0,-0.0009259040940048091,0.0,0.0003954671697244949
20270836,no rewiring,0.9500000000000001,0.0,-0.0004099083022485184,0.0,0.0013091083471811205
20270836,no rewiring,1.0,0.0,0.0,0.0,0.0
20270836,fast reversible,0.0,0.0,-0.004090507162022972,0.0,0.004188176662431792
20270836,fast reversible,0.05,0.0,-0.003014358813410556,0.0,0.0076421096086619345
20270836,fast reversible,0.1,0.0,0.0007439713164279493,0.0,0.008890783489014842
20270836,fast reversible,0.15000000000000002,0.0,-0.009107085475810905,0.0,0.008051770254850099
20270836,fast reversible,0.2,0.0,-0.012703648111635601,0.0,0.008473486087557991
20270836,fast reversible,0.25,0.0,-0.012148511374159121,0.0,0.011094495157694895
20270836,fast reversible,0.30000000000000004,0.033333333333333326,0.029457414382774993,-0.03418803418803418,0.05669964881394557
20270836,fast reversible,0.35000000000000003,0.2083333333333334,0.2935123042963326,-0.21367521367521367,0.18852306458548818
20270836,fast reversible,0.4,0.31666666666666665,0.48995998255932033,-0.32478632478632474,0.2708666678120041
20270836,fast reversible,0.45,0.375,0.5984105790368212,-0.3846153846153846,0.30096728823570573
20270836,fast reversible,0.5,0.3916666666666666,0.6432667283915583,-0.40170940170940167,0.28990812936801846
20270836,fast reversible,0.55,0.3749999999999999,0.6357223075536309,-0.3846153846153846,0.2649785840849308
20270836,fast reversible,0.6000000000000001,0.31666666666666665,0.5528503939841186,-0.32478632478632474,0.21107363457659578
20270836,fast reversible,0.65,0.2666666666666666,0.47891444490462054,-0.2735042735042735,0.16337680856064818
20270836,fast reversible,0.7000000000000001,0.17499999999999993,0.3170366318450767,-0.1794871794871795,0.1061369010759936
20270836,fast reversible,0.75,0.09166666666666656,0.16875641120709306,-0.09401709401709402,0.050438322834960414
20270836,fast reversible,0.8,0.0,0.00040276134634897875,0.0,0.005548600738154774
20270836,fast reversible,0.8500000000000001,0.0,-0.0002877601970155963,0.0,0.0013905730330995292
20270836,fast reversible,0.9,0.0,0.00014717600500246952,0.0,-0.0006449232552562245
20270836,fast reversible,0.9500000000000001,0.0,3.509536069068453e-05,0.0,0.0002953693678028335
20270836,fast reversible,1.0,0.0,0.0,0.0,0.0
20270836,"fast reversible, slow ramp",0.0,0.0,-0.03717447230964466,0.0,0.0007879061283446107
20270836,"fast reversible, slow ramp",0.05,0.0,-0.006403407530674143,0.0,0.002252554857936309
20270836,"fast reversible, slow ramp",0.1,0.0,-0.005245192041748559,0.0,0.005640388313848915
20270836,"fast reversible, slow ramp",0.15000000000000002,0.0,-0.007915699233072226,0.0,-0.00032970672073717733
20270836,"fast reversible, slow ramp",0.2,0.0,-0.014335583229307503,0.0,0.004820404394093508
20270836,"fast reversible, slow ramp",0.25,0.0,-0.01654473681171864,0.0,0.005963420824298626
20270836,"fast reversible, slow ramp",0.30000000000000004,0.0,-0.01727345624560883,0.0,0.009875545469084257
20270836,"fast reversible, slow ramp",0.35000000000000003,0.0,-0.014946195863278888,0.0,0.010375409811367198
20270836,"fast reversible, slow ramp",0.4,0.0,-0.015135426893254866,0.0,0.011788264130539461
20270836,"fast reversible, slow ramp",0.45,0.2166666666666667,0.3440599191770904,-0.2222222222222222,0.16737142598712834
20270836,"fast reversible, slow ramp",0.5,0.3999999999999999,0.6565855490205235,-0.41025641025641024,0.2933921155023317
20270836,"fast reversible, slow ramp",0.55,0.3583333333333333,0.6010650782138076,-0.36752136752136755,0.24563019873785485
20270836,"fast reversible, slow ramp",0.6000000000000001,0.19166666666666654,0.31131207037399267,-0.19658119658119658,0.1372616823326328
20270836,"fast reversible, slow ramp",0.65,0.0,5.071257953792596e-06,0.0,0.0030475220284427174
20270836,"fast reversible, slow ramp",0.7000000000000001,0.0,2.4197066299080916e-05,0.0,-0.0003208829897072274
20270836,"fast reversible, slow ramp",0.75,0.0,-8.349243129757156e-06,0.0,0.0003414965830104144
20270836,"fast reversible, slow ramp",0.8,0.0,3.2918638709356074e-06,0.0,-0.00280887751956449
20270836,"fast reversible, slow ramp",0.8500000000000001,0.0,9.326809090604016e-07,0.0,0.0008180289412313968
20270836,"fast reversible, slow ramp",0.9,0.0,-2.3314828861309422e-05,0.0,0.0012786786272871442
20270836,"fast reversible, slow ramp",0.9500000000000001,0.0,3.45162694475043e-05,0.0,0.0010889429438296627
20270836,"fast reversible, slow ramp",1.0,0.0,0.0,0.0,0.0
20270836,slow reversible,0.0,0.15833333333333335,0.1984523043586538,-0.16239316239316237,0.04377975083678038
20270836,slow reversible,0.05,0.2083333333333334,0.29254258151363416,-0.21367521367521367,0.08544975915014077
20270836,slow reversible,0.1,0.225,0.317304373386763,-0.23076923076923075,0.12689613644920533
20270836,slow reversible,0.15000000000000002,0.24166666666666672,0.3316978651621218,-0.24786324786324784,0.159770722766924
20270836,slow reversible,0.2,0.2583333333333333,0.35788938114065333,-0.2649572649572649,0.1971824794206605
20270836,slow reversible,0.25,0.2833333333333333,0.388802338216394,-0.29059829059829057,0.25730523219390966
20270836,slow reversible,0.30000000000000004,0.33333333333333337,0.4926807768778019,-0.3418803418803419,0.29579685153165497
20270836,slow reversible,0.35000000000000003,0.3666666666666667,0.5570090397117373,-0.37606837606837606,0.31998195885907343
20270836,slow reversible,0.4,0.3833333333333333,0.5974822189049676,-0.39316239316239315,0.3268946322080707
20270836,slow reversible,0.45,0.3916666666666666,0.6255810756782257,-0.40170940170940167,0.31433926514166455
20270836,slow reversible,0.5,0.3999999999999999,0.6567233859484546,-0.41025641025641024,0.2979627406798224
20270836,slow reversible,0.55,0.3583333333333333,0.5880348349322584,-0.36752136752136755,0.26404694726887035
20270836,slow reversible,0.6000000000000001,0.30833333333333324,0.5267682262568647,-0.3162393162393162,0.2101463723780067
20270836,slow reversible,0.65,0.2666666666666666,0.4622991940781902,-0.27350427350427353,0.1624513862783491
20270836,slow reversible,0.7000000000000001,0.19166666666666654,0.338548058438379,-0.19658119658119658,0.11360972569233141
20270836,slow reversible,0.75,0.08333333333333326,0.1499801523339237,-0.08547008547008547,0.05067831337678064
20270836,slow reversible,0.8,0.0,1.5916985702135733e-05,0.0,0.006397034287823233
20270836,slow reversible,0.8500000000000001,0.0,1.0571629431299634e-05,0.0,0.0014060384823332273
20270836,slow reversible,0.9,0.0,5.961500398443675e-06,0.0,-0.0006823478717425946
20270836,slow reversible,0.9500000000000001,0.0,3.424956871111995e-06,0.0,0.00027166942543954686
20270836,slow reversible,1.0,0.0,0.0,0.0,0.0
20270836,"slow reversible, slow ramp",0.0,0.0,-0.055549593259267005,0.0,-0.0011939540359404144
20270836,"slow reversible, slow ramp",0.05,0.0,-0.03640678549624765,0.0,-0.0026722439953554694
20270836,"slow reversible, slow ramp",0.1,0.0,-0.04440193566749068,0.0,-0.0015582682565193073
20270836,"slow reversible, slow ramp",0.15000000000000002,0.0,-0.045725179995140086,0.0,-0.008352849409169943
20270836,"slow reversible, slow ramp",0.2,0.0,-0.056708775175126014,0.0,0.00048697139738024253
20270836,"slow reversible, slow ramp",0.25,0.10000000000000003,0.11400802255420572,-0.10256410256410253,0.0654250518279868
20270836,"slow reversible, slow ramp",0.30000000000000004,0.2083333333333334,0.30200432125933624,-0.21367521367521367,0.1521166714172078
20270836,"slow reversible, slow ramp",0.35000000000000003,0.29166666666666663,0.4451081399681812,-0.29914529914529914,0.2321675472882736
20270836,"slow reversible, slow ramp",0.4,0.375,0.5800493325257767,-0.3846153846153846,0.3098352345255415
20270836,"slow reversible, slow ramp",0.45,0.3833333333333333,0.6106330706373941,-0.39316239316239315,0.30390598090247506
20270836,"slow reversible, slow ramp",0.5,0.3916666666666666,0.6431902666810676,-0.40170940170940167,0.28489237288087466
20270836,"slow reversible, slow ramp",0.55,0.30833333333333324,0.4967681180658159,-0.3162393162393162,0.21498847049094372
20270836,"slow reversible, slow ramp",0.6000000000000001,0.19999999999999996,0.332056012507855,-0.20512820512820512,0.14310021930377548
20270836,"slow reversible, slow ramp",0.65,0.0,0.00012256735465321356,0.0,0.0012739162706810747
20270836,"slow reversible, slow ramp",0.7000000000000001,0.0,2.341941981898188e-06,0.0,-0.00031367316267572054
20270836,"slow reversible, slow ramp",0.75,0.0,-0.00023326665109746347,0.0,0.0002812152365215814
20270836,"slow reversible, slow ramp",0.8,0.0,-5.1243402275802374e-05,0.0,-0.002800293164190726
20270836,"slow reversible, slow ramp",0.8500000000000001,0.0,0.00010187652977700079,0.0,0.0008170046018228794
20270836,"slow reversible, slow ramp",0.9,0.0,-5.60635710028512e-05,0.0,0.0012802033158593185
20270836,"slow reversible, slow ramp",0.9500000000000001,0.0,-3.9808155350096186e-05,0.0,0.0010870826124631527
20270836,"slow reversible, slow ramp",1.0,0.0,0.0,0.0,0.0
20270836,one-way boundary,0.0,0.3999999999999999,0.5557546011464962,-0.41025641025641024,0.24543755735517928
20270836,one-way boundary,0.05,0.3999999999999999,0.5595460341004246,-0.41025641025641024,0.3187825930424347
20270836,one-way boundary,0.1,0.3999999999999999,0.5638667117940374,-0.41025641025641024,0.3626747067256111
20270836,one-way boundary,0.15000000000000002,0.3999999999999999,0.5616814684932832,-0.41025641025641024,0.38422968186139955
20270836,one-way boundary,0.2,0.3999999999999999,0.5689136920398719,-0.41025641025641024,0.3944080982885573
20270836,one-way boundary,0.25,0.3999999999999999,0.5812716691808252,-0.41025641025641024,0.39224834904061623
20270836,one-way boundary,0.30000000000000004,0.3999999999999999,0.5925130071447741,-0.41025641025641024,0.38266594066680054
20270836,one-way boundary,0.35000000000000003,0.3999999999999999,0.6077203784608738,-0.41025641025641024,0.365223381164134
20270836,one-way boundary,0.4,0.3999999999999999,0.6225809572725713,-0.41025641025641024,0.3476235386736125
20270836,one-way boundary,0.45,0.3999999999999999,0.638725501607996,-0.41025641025641024,0.32292960624048206
20270836,one-way boundary,0.5,0.3999999999999999,0.6567196021631675,-0.41025641025641024,0.29797025154179513
20270836,one-way boundary,0.55,0.3833333333333332,0.6351979629867046,-0.39316239316239315,0.26982624808074696
20270836,one-way boundary,0.6000000000000001,0.3583333333333333,0.5931496714193474,-0.36752136752136755,0.22434177141814726
20270836,one-way boundary,0.65,0.2666666666666666,0.454026219016637,-0.27350427350427353,0.16944290710495313
20270836,one-way boundary,0.7000000000000001,0.1333333333333332,0.2367052264178119,-0.13675213675213677,0.08608553689360343
20270836,one-way boundary,0.75,0.033333333333333215,0.060282518257546824,-0.03418803418803419,0.025312527740084412
20270836,one-way boundary,0.8,0.0,-1.9779402026132153e-05,0.0,0.0007322444606273626
20270836,one-way boundary,0.8500000000000001,0.0,8.553412969569685e-06,0.0,0.001219639977657505
20270836,one-way boundary,0.9,0.0,3.151110384957967e-06,0.0,-0.0006850735897284688
20270836,one-way boundary,0.9500000000000001,0.0,5.980471442290636e-06,0.0,0.000263271212505245
20270836,one-way boundary,1.0,0.0,0.0,0.0,0.0
20270836,slow reversible + graph reset,0.0,0.0,0.03701894545264067,0.0,0.006379812944399488
20270836,slow reversible + graph reset,0.05,0.0,0.038344696290597224,0.0,0.01143290599367508
20270836,slow reversible + graph reset,0.1,0.0,0.02609700086540223,0.0,0.011806878469857618
20270836,slow reversible + graph reset,0.15000000000000002,0.0,0.018649945475870067,0.0,0.011407579809515511
20270836,slow reversible + graph reset,0.2,0.0,0.012061089456266494,0.0,0.010277738268610753
20270836,slow reversible + graph reset,0.25,0.0,0.012319983710631754,0.0,0.009821148892305398
20270836,slow reversible + graph reset,0.30000000000000004,0.0,0.0024519573179796472,0.0,0.007133523969476974
20270836,slow reversible + graph reset,0.35000000000000003,0.0,0.0028859321953800254,0.0,0.003759711829740109
20270836,slow reversible + graph reset,0.4,0.0,0.0006947709115976974,0.0,0.004254414060284983
20270836,slow reversible + graph reset,0.45,0.0,0.0013715084557647805,0.0,0.0032356437703159324
20270836,slow reversible + graph reset,0.5,0.0,0.002011405793432619,0.0,0.010498570186855405
20270836,slow reversible + graph reset,0.55,0.3583333333333333,0.5880348349322584,-0.36752136752136755,0.26404694726887035
20270836,slow reversible + graph reset,0.6000000000000001,0.30833333333333324,0.5267682262568647,-0.3162393162393162,0.2101463723780067
20270836,slow reversible + graph reset,0.65,0.2666666666666666,0.4622991940781902,-0.27350427350427353,0.1624513862783491
20270836,slow reversible + graph reset,0.7000000000000001,0.19166666666666654,0.338548058438379,-0.19658119658119658,0.11360972569233141
20270836,slow reversible + graph reset,0.75,0.08333333333333326,0.1499801523339237,-0.08547008547008547,0.05067831337678064
20270836,slow reversible + graph reset,0.8,0.0,1.5916985702135733e-05,0.0,0.006397034287823233
20270836,slow reversible + graph reset,0.8500000000000001,0.0,1.0571629431299634e-05,0.0,0.0014060384823332273
20270836,slow reversible + graph reset,0.9,0.0,5.961500398443675e-06,0.0,-0.0006823478717425946
20270836,slow reversible + graph reset,0.9500000000000001,0.0,3.424956871111995e-06,0.0,0.00027166942543954686
20270836,slow reversible + graph reset,1.0,0.0,0.0,0.0,0.0
20270837,no rewiring,0.0,0.0,0.023359710582344706,0.0,0.0038273201364188436
20270837,no rewiring,0.05,0.0,0.04736316696584636,0.0,0.011169063069506602
20270837,no rewiring,0.1,0.0,0.013701544706679503,0.0,0.012550374857928398
20270837,no rewiring,0.15000000000000002,0.0,0.02153225732516406,0.0,0.010704035091970543
20270837,no rewiring,0.2,0.0,0.011295565146609399,0.0,0.007588327498997405
20270837,no rewiring,0.25,0.0,0.011897433891912668,0.0,0.007953512678493757
20270837,no rewiring,0.30000000000000004,0.0,0.006941096944530989,0.0,0.00797331746269625
20270837,no rewiring,0.35000000000000003,0.0,0.005322292510274107,0.0,0.004498525239583551
20270837,no rewiring,0.4,0.0,0.002224085724883973,0.0,0.006513010455425572
20270837,no rewiring,0.45,0.0,-0.0007052326028899603,0.0,0.004691527501419657
20270837,no rewiring,0.5,0.0,0.00018500740552757078,0.0,0.004162641307027148
20270837,no rewiring,0.55,0.0,-0.0008296059258885435,0.0,0.002894909388474032
20270837,no rewiring,0.6000000000000001,0.0,-0.0015005738234161181,0.0,0.0014088679080715982
20270837,no rewiring,0.65,0.0,-0.000326754427275755,0.0,0.0024616994826646144
20270837,no rewiring,0.7000000000000001,0.0,-0.0019254732912240002,0.0,0.001655811731491541
20270837,no rewiring,0.75,0.0,0.00020776589678156432,0.0,0.0028675196470093756
20270837,no rewiring,0.8,0.0,-0.0005844371502997381,0.0,0.0010652832895827746
20270837,no rewiring,0.8500000000000001,0.0,-0.0001064100032007187,0.0,0.0012289764622309685
20270837,no rewiring,0.9,0.0,-0.0004285048000045588,0.0,0.003059018630025112
20270837,no rewiring,0.9500000000000001,0.0,-0.00035018562283825605,0.0,0.0018940629096673156
20270837,no rewiring,1.0,0.0,0.0,0.0,0.0
20270837,fast reversible,0.0,0.0,0.08127400404844892,0.0,0.004316110556506367
20270837,fast reversible,0.05,0.0,0.09745345403938477,0.0,0.011717707526434917
20270837,fast reversible,0.1,0.0,0.06964554751366914,0.0,0.01326255788138464
20270837,fast reversible,0.15000000000000002,0.0,0.07286417534880796,0.0,0.011068423675090117
20270837,fast reversible,0.2,0.0,0.0664724244528116,0.0,0.008405904524230429
20270837,fast reversible,0.25,0.0,0.055944498098532025,0.0,0.00956664510274613
20270837,fast reversible,0.30000000000000004,0.01666666666666672,0.05211671224872333,-0.01785714285714285,0.04981656432554937
20270837,fast reversible,0.35000000000000003,0.19166666666666665,0.3088215058775385,-0.20535714285714282,0.16731159801800766
20270837,fast reversible,0.4,0.31666666666666665,0.5286100542067665,-0.33928571428571425,0.26477655428418245
20270837,fast reversible,0.45,0.36666666666666675,0.6181806408103151,-0.39285714285714285,0.2932552000250117
20270837,fast reversible,0.5,0.4,0.6839049066422671,-0.42857142857142855,0.29544207701849845
20270837,fast reversible,0.55,0.39166666666666666,0.6789674358628119,-0.41964285714285715,0.2656535858890352
20270837,fast reversible,0.6000000000000001,0.3416666666666667,0.597775424733302,-0.36607142857142855,0.21868453046368153
20270837,fast reversible,0.65,0.30833333333333335,0.5410473192290881,-0.33035714285714285,0.17150211821584382
20270837,fast reversible,0.7000000000000001,0.23333333333333334,0.4154664298479155,-0.25,0.11501922107561968
20270837,fast reversible,0.75,0.15833333333333333,0.2856887433498916,-0.16964285714285715,0.07891140242509742
20270837,fast reversible,0.8,0.06666666666666665,0.1185304094570222,-0.07142857142857142,0.030792385183194382
20270837,fast reversible,0.8500000000000001,0.0,4.107238883521713e-05,0.0,0.002756074196262448
20270837,fast reversible,0.9,0.0,-1.7718907863173428e-06,0.0,0.002073034650442951
20270837,fast reversible,0.9500000000000001,0.0,8.732859372195811e-06,0.0,0.0008500263129767038
20270837,fast reversible,1.0,0.0,0.0,0.0,0.0
20270837,"fast reversible, slow ramp",0.0,0.0,-0.0005181303906573453,0.0,-0.0020719379025919277
20270837,"fast reversible, slow ramp",0.05,0.0,0.002913679267457281,0.0,-0.000697570809783124
20270837,"fast reversible, slow ramp",0.1,0.0,-0.0074140085602350525,0.0,-0.004732711738937412
20270837,"fast reversible, slow ramp",0.15000000000000002,0.0,-0.00319463795595637,0.0,-0.00540357906763933
20270837,"fast reversible, slow ramp",0.2,0.0,-0.0050148416735243395,0.0,-0.004957080479243731
20270837,"fast reversible, slow ramp",0.25,0.0,-0.003233132692890772,0.0,-0.008201632296583883
20270837,"fast reversible, slow ramp",0.30000000000000004,0.0,0.005168794487537098,0.0,-0.005917428015091986
20270837,"fast reversible, slow ramp",0.35000000000000003,0.0,0.004449932929982803,0.0,-0.007387898806280935
20270837,"fast reversible, slow ramp",0.4,0.0,0.0030869027523678927,0.0,-0.006388509698458056
20270837,"fast reversible, slow ramp",0.45,0.22500000000000003,0.39475008223581554,-0.24107142857142855,0.14886588507228005
20270837,"fast reversible, slow ramp",0.5,0.4,0.6840734484862917,-0.42857142857142855,0.29090514865181394
20270837,"fast reversible, slow ramp",0.55,0.30833333333333335,0.5209719664589572,-0.33035714285714285,0.2237008663411868
20270837,"fast reversible, slow ramp",0.6000000000000001,0.14166666666666666,0.24372915362789727,-0.15178571428571427,0.10733435425047755
20270837,"fast reversible, slow ramp",0.65,0.0,-1.3121027211293601e-05,0.0,0.0006222427852894397
20270837,"fast reversible, slow ramp",0.7000000000000001,0.0,-1.7974540021170604e-05,0.0,0.0009917270087613783
20270837,"fast reversible, slow ramp",0.75,0.0,1.8058436946133405e-05,0.0,0.000564059468543876
20270837,"fast reversible, slow ramp",0.8,0.0,-1.244450636717076e-05,0.0,-0.000937579013402412
20270837,"fast reversible, slow ramp",0.8500000000000001,0.0,2.883614224302722e-05,0.0,-0.0008582911875205657
20270837,"fast reversible, slow ramp",0.9,0.0,9.691575109771478e-06,0.0,-0.00029068819662947387
20270837,"fast reversible, slow ramp",0.9500000000000001,0.0,-8.182661979438954e-06,0.0,-0.0006955500273316817
20270837,"fast reversible, slow ramp",1.0,0.0,0.0,0.0,0.0
20270837,slow reversible,0.0,0.14166666666666672,0.23837256209335173,-0.15178571428571425,0.042182997980259325
20270837,slow reversible,0.05,0.2,0.3523434022363623,-0.21428571428571427,0.09708012288762663
20270837,slow reversible,0.1,0.2416666666666667,0.3758632783251102,-0.2589285714285714,0.1577835671389787
20270837,slow reversible,0.15000000000000002,0.2833333333333333,0.44692553022196124,-0.30357142857142855,0.21595778390229894
20270837,slow reversible,0.2,0.2916666666666667,0.4479030557663754,-0.3125,0.25389938860560723
20270837,slow reversible,0.25,0.325,0.5041110013824514,-0.3482142857142857,0.29373744130318213
20270837,slow reversible,0.30000000000000004,0.3416666666666667,0.5376113262269528,-0.36607142857142855,0.32406011055740447
20270837,slow reversible,0.35000000000000003,0.36666666666666675,0.5934676586335135,-0.39285714285714285,0.3273126002455964
20270837,slow reversible,0.4,0.38333333333333336,0.6305951334436646,-0.4107142857142857,0.32667899257720423
20270837,slow reversible,0.45,0.3916666666666667,0.6563316049476222,-0.4196428571428571,0.3144759123463541
20270837,slow reversible,0.5,0.4,0.6839040641875638,-0.42857142857142855,0.2953435166225826
20270837,slow reversible,0.55,0.39166666666666666,0.679659574314512,-0.41964285714285715,0.26546360186631823
20270837,slow reversible,0.6000000000000001,0.35833333333333334,0.6402680946657953,-0.38392857142857145,0.22586754778485307
20270837,slow reversible,0.65,0.3,0.5326437165384856,-0.32142857142857145,0.17368183311155427
20270837,slow reversible,0.7000000000000001,0.26666666666666666,0.47681577664882646,-0.2857142857142857,0.13039055103672126
20270837,slow reversible,0.75,0.20833333333333337,0.3796592271135959,-0.22321428571428573,0.09478407696605828
20270837,slow reversible,0.8,0.09166666666666667,0.173343920447265,-0.09821428571428571,0.04644915361399693
20270837,slow reversible,0.8500000000000001,0.0,5.4961594973756966e-05,0.0,0.004360451468115811
20270837,slow reversible,0.9,0.0,-6.023413610334316e-06,0.0,0.002113546666469124
20270837,slow reversible,0.9500000000000001,0.0,3.0422122186957168e-06,0.0,0.0008485620598109866
20270837,slow reversible,1.0,0.0,0.0,0.0,0.0
20270837,"slow reversible, slow ramp",0.0,0.0,0.004082667796565298,0.0,-0.001493538088202774
20270837,"slow reversible, slow ramp",0.05,0.0,-0.009443159324031114,0.0,0.00025111390000337463
20270837,"slow reversible, slow ramp",0.1,0.0,-0.012606054330876748,0.0,-0.003256486397692049
20270837,"slow reversible, slow ramp",0.15000000000000002,0.0,-0.012337875539426224,0.0,-0.001307826147406127
20270837,"slow reversible, slow ramp",0.2,0.125,0.2167896660894697,-0.1339285714285714,0.07872971234529011
20270837,"slow reversible, slow ramp",0.25,0.18333333333333335,0.3097415459397762,-0.1964285714285714,0.12692747472848792
20270837,"slow reversible, slow ramp",0.30000000000000004,0.2666666666666667,0.44184378511116884,-0.2857142857142857,0.2120483700936891
20270837,"slow reversible, slow ramp",0.35000000000000003,0.33333333333333337,0.5596094550109989,-0.3571428571428571,0.26519827085125686
20270837,"slow reversible, slow ramp",0.4,0.35,0.5946969864842265,-0.375,0.2756181525958054
20270837,"slow reversible, slow ramp",0.45,0.38333333333333336,0.6472134189819956,-0.4107142857142857,0.2940750495124488
20270837,"slow reversible, slow ramp",0.5,0.3916666666666667,0.6733809638773062,-0.4196428571428571,0.28029609774296926
20270837,"slow reversible, slow ramp",0.55,0.30000000000000004,0.5271603370814057,-0.3214285714285714,0.21843144851834229
20270837,"slow reversible, slow ramp",0.6000000000000001,0.125,0.21431296327312166,-0.13392857142857142,0.09584429221506707
20270837,"slow reversible, slow ramp",0.65,0.0,-0.00021359409669285956,0.0,0.0009875336761380193
20270837,"slow reversible, slow ramp",0.7000000000000001,0.0,-3.653991568208781e-07,0.0,0.0010124016406442005
20270837,"slow reversible, slow ramp",0.75,0.0,0.00021464841995300077,0.0,0.0005794166870844997
20270837,"slow reversible, slow ramp",0.8,0.0,5.428627196846225e-05,0.0,-0.0009450644815425235
20270837,"slow reversible, slow ramp",0.8500000000000001,0.0,0.00011699580015755995,0.0,-0.0008701026137920564
20270837,"slow reversible, slow ramp",0.9,0.0,-0.00025126315131751564,0.0,-0.00029158595539102716
20270837,"slow reversible, slow ramp",0.9500000000000001,0.0,0.00024038361508627037,0.0,-0.0006916518038988517
20270837,"slow reversible, slow ramp",1.0,0.0,0.0,0.0,0.0
20270837,one-way boundary,0.0,0.4,0.580135471702462,-0.42857142857142855,0.2424260969598738
20270837,one-way boundary,0.05,0.4,0.6132891326146414,-0.42857142857142855,0.3213660838047848
20270837,one-way boundary,0.1,0.4,0.5915151789600028,-0.42857142857142855,0.3661923494673155
20270837,one-way boundary,0.15000000000000002,0.4,0.6056213560231479,-0.42857142857142855,0.3875245012637025
20270837,one-way boundary,0.2,0.4,0.6082910105121406,-0.42857142857142855,0.3929692359183916
20270837,one-way boundary,0.25,0.4,0.6212050520645396,-0.42857142857142855,0.39134424108487553
20270837,one-way boundary,0.30000000000000004,0.4,0.6331582360263166,-0.42857142857142855,0.38188490692983224
20270837,one-way boundary,0.35000000000000003,0.4,0.6459280128915992,-0.42857142857142855,0.36340771782719994
20270837,one-way boundary,0.4,0.4,0.6579073126458036,-0.42857142857142855,0.34519248406577296
20270837,one-way boundary,0.45,0.4,0.6704900909069617,-0.42857142857142855,0.3207283223845687
20270837,one-way boundary,0.5,0.4,0.6839015195678493,-0.42857142857142855,0.2953998839600226
20270837,one-way boundary,0.55,0.3666666666666667,0.63458112979633,-0.39285714285714285,0.254263654387049
20270837,one-way boundary,0.6000000000000001,0.3416666666666667,0.5969080362112826,-0.36607142857142855,0.2173441197418403
20270837,one-way boundary,0.65,0.2833333333333333,0.4990601501416948,-0.30357142857142855,0.16905326856788516
20270837,one-way boundary,0.7000000000000001,0.23333333333333334,0.41765897063397683,-0.25,0.12132284516142677
20270837,one-way boundary,0.75,0.1333333333333333,0.23722064449350067,-0.14285714285714285,0.0685842457918785
20270837,one-way boundary,0.8,0.024999999999999967,0.04700692788405081,-0.026785714285714284,0.019504152528778906
20270837,one-way boundary,0.8500000000000001,0.0,1.7592567760349453e-05,0.0,0.0007952516704501367
20270837,one-way boundary,0.9,0.0,-4.398763620017121e-06,0.0,0.0020243712571659245
20270837,one-way boundary,0.9500000000000001,0.0,7.2300806440717125e-06,0.0,0.0008499412455806876
20270837,one-way boundary,1.0,0.0,0.0,0.0,0.0
20270837,slow reversible + graph reset,0.0,0.0,0.023359710121895194,0.0,0.0038273160085109947
20270837,slow reversible + graph reset,0.05,0.0,0.047363164082736386,0.0,0.011169057696683443
20270837,slow reversible + graph reset,0.1,0.0,0.013701535726484304,0.0,0.012550367567740417
20270837,slow reversible + graph reset,0.15000000000000002,0.0,0.021532233321248873,0.0,0.010704026561760699
20270837,slow reversible + graph reset,0.2,0.0,0.011295505691150953,0.0,0.007588306008273454
20270837,slow reversible + graph reset,0.25,0.0,0.011897287062993478,0.0,0.007953494521121762
20270837,slow reversible + graph reset,0.30000000000000004,0.0,0.006940776242047808,0.0,0.007973299085457408
20270837,slow reversible + graph reset,0.35000000000000003,0.0,0.00532206283762704,0.0,0.0044992758332535465
20270837,slow reversible + graph reset,0.4,0.0,0.0022300031854381452,0.0,0.00653268316221578
20270837,slow reversible + graph reset,0.45,0.0,-0.0006377170335568616,0.0,0.005036323232772921
20270837,slow reversible + graph reset,0.5,0.0,-0.0004957333238629347,0.0,0.012209155848149855
20270837,slow reversible + graph reset,0.55,0.39166666666666666,0.679659574314512,-0.41964285714285715,0.26546360186631823
20270837,slow reversible + graph reset,0.6000000000000001,0.35833333333333334,0.6402680946657953,-0.38392857142857145,0.22586754778485307
20270837,slow reversible + graph reset,0.65,0.3,0.5326437165384856,-0.32142857142857145,0.17368183311155427
20270837,slow reversible + graph reset,0.7000000000000001,0.26666666666666666,0.47681577664882646,-0.2857142857142857,0.13039055103672126
20270837,slow reversible + graph reset,0.75,0.20833333333333337,0.3796592271135959,-0.22321428571428573,0.09478407696605828
20270837,slow reversible + graph reset,0.8,0.09166666666666667,0.173343920447265,-0.09821428571428571,0.04644915361399693
20270837,slow reversible + graph reset,0.8500000000000001,0.0,5.4961594973756966e-05,0.0,0.004360451468115811
20270837,slow reversible + graph reset,0.9,0.0,-6.023413610334316e-06,0.0,0.002113546666469124
20270837,slow reversible + graph reset,0.9500000000000001,0.0,3.0422122186957168e-06,0.0,0.0008485620598109866
20270837,slow reversible + graph reset,1.0,0.0,0.0,0.0,0.0
20270838,no rewiring,0.0,0.0,0.026752510806753116,0.0,0.0038119477650682826
20270838,no rewiring,0.05,0.0,0.032238230006985225,0.0,0.008249870420509897
20270838,no rewiring,0.1,0.0,0.022173312554907565,0.0,0.008104303762047516
20270838,no rewiring,0.15000000000000002,0.0,0.0242918540453399,0.0,0.009389914729403537
20270838,no rewiring,0.2,0.0,0.012627019299722708,0.0,0.008371889778911012
20270838,no rewiring,0.25,0.0,0.006407687111873173,0.0,0.007347022069260967
20270838,no rewiring,0.30000000000000004,0.0,0.0023752061511461142,0.0,0.006253992278657361
20270838,no rewiring,0.35000000000000003,0.0,0.00016808090338854553,0.0,0.0038965011120711823
20270838,no rewiring,0.4,0.0,0.0016941979632621451,0.0,0.00369558519638552
20270838,no rewiring,0.45,0.0,0.0006943738345533412,0.0,0.005637925928965115
20270838,no rewiring,0.5,0.0,0.0026537140541849635,0.0,0.003004934306552798
20270838,no rewiring,0.55,0.0,0.0008058682043629029,0.0,0.003060719473715112
20270838,no rewiring,0.6000000000000001,0.0,-4.274377316970668e-05,0.0,0.002809812852282212
20270838,no rewiring,0.65,0.0,0.00010547056319748505,0.0,0.0036459953699123915
20270838,no rewiring,0.7000000000000001,0.0,0.001252039612102851,0.0,0.004224133407092712
20270838,no rewiring,0.75,0.0,-0.0016745446121746999,0.0,0.0018534484117247452
20270838,no rewiring,0.8,0.0,-0.0006424537270000863,0.0,0.00013749674811291968
20270838,no rewiring,0.8500000000000001,0.0,0.0002828682299334806,0.0,0.0016680394237710283
20270838,no rewiring,0.9,0.0,0.0005125168306474859,0.0,-0.00034773683303457315
20270838,no rewiring,0.9500000000000001,0.0,0.0002654244745580181,0.0,0.00189483654461009
20270838,no rewiring,1.0,0.0,0.0,0.0,0.0
20270838,fast reversible,0.0,0.0,0.0638208859755311,0.0,0.006934333089877877
20270838,fast reversible,0.05,0.0,0.06597434426199489,0.0,0.012330088207687023
20270838,fast reversible,0.1,0.0,0.06119576846569447,0.0,0.014374648190430411
20270838,fast reversible,0.15000000000000002,0.0,0.06295389515224886,0.0,0.016478213415308307
20270838,fast reversible,0.2,0.0,0.04833572258232105,0.0,0.01644777930249816
20270838,fast reversible,0.25,0.0,0.04234420334628641,0.0,0.02614735180277672
20270838,fast reversible,0.30000000000000004,0.09999999999999998,0.17288873353665501,-0.10000000000000003,0.10488267808058732
20270838,fast reversible,0.35000000000000003,0.2416666666666667,0.40037581451863424,-0.2416666666666667,0.19249384484426885
20270838,fast reversible,0.4,0.33333333333333337,0.556473026691667,-0.33333333333333337,0.2787607761213838
20270838,fast reversible,0.45,0.3666666666666667,0.6220820382827392,-0.3666666666666667,0.2969700499175341
20270838,fast reversible,0.5,0.4,0.6916320552856884,-0.4,0.2974898085276426
20270838,fast reversible,0.55,0.3666666666666667,0.6318817083800108,-0.36666666666666664,0.2612000434148143
20270838,fast reversible,0.6000000000000001,0.30833333333333335,0.5304057073243977,-0.30833333333333335,0.20428409676583215
20270838,fast reversible,0.65,0.25,0.43635279591918885,-0.25,0.15528997543741196
20270838,fast reversible,0.7000000000000001,0.19166666666666665,0.3413850239710787,-0.19166666666666668,0.10578664424854334
20270838,fast reversible,0.75,0.09166666666666667,0.16360364714827857,-0.09166666666666666,0.05450280970867449
20270838,fast reversible,0.8,0.0,0.00010361117437851508,0.0,0.008652881843372984
20270838,fast reversible,0.8500000000000001,0.0,-3.6875881115339126e-06,0.0,0.0008773966120638743
20270838,fast reversible,0.9,0.0,2.144140516469051e-06,0.0,-0.0014629728998626357
20270838,fast reversible,0.9500000000000001,0.0,-1.496000677669862e-06,0.0,0.0008351049710507708
20270838,fast reversible,1.0,0.0,0.0,0.0,0.0
20270838,"fast reversible, slow ramp",0.0,0.0,0.05643112971469716,0.0,0.0032472353216656466
20270838,"fast reversible, slow ramp",0.05,0.0,0.00978041637363003,0.0,0.00291446400992508
20270838,"fast reversible, slow ramp",0.1,0.0,0.01779617255654642,0.0,0.0031410498975104895
20270838,"fast reversible, slow ramp",0.15000000000000002,0.0,0.019805319023099677,0.0,0.007693348491409957
20270838,"fast reversible, slow ramp",0.2,0.0,0.019994702434498912,0.0,0.005605233451291353
20270838,"fast reversible, slow ramp",0.25,0.0,0.02132904150954973,0.0,0.00502662209798177
20270838,"fast reversible, slow ramp",0.30000000000000004,0.0,0.015341951791518815,0.0,0.003702058237528616
20270838,"fast reversible, slow ramp",0.35000000000000003,0.0,0.021123896161123035,0.0,0.005900282430993942
20270838,"fast reversible, slow ramp",0.4,0.0,0.015235130839968303,0.0,0.010027028291173856
20270838,"fast reversible, slow ramp",0.45,0.2666666666666667,0.4606369677937933,-0.2666666666666667,0.18898596009064084
20270838,"fast reversible, slow ramp",0.5,0.3916666666666667,0.6753149325445292,-0.39166666666666666,0.28571118076647917
20270838,"fast reversible, slow ramp",0.55,0.31666666666666665,0.541087123525706,-0.31666666666666665,0.22497494193943612
20270838,"fast reversible, slow ramp",0.6000000000000001,0.16666666666666674,0.2845803346370579,-0.16666666666666666,0.1273324360715572
20270838,"fast reversible, slow ramp",0.65,0.0,-8.472707780349253e-05,0.0,0.0015566729575652305
20270838,"fast reversible, slow ramp",0.7000000000000001,0.0,-1.1894750224894501e-05,0.0,-0.0007171858073571347
20270838,"fast reversible, slow ramp",0.75,0.0,-8.421152223991868e-06,0.0,0.001100991140553731
20270838,"fast reversible, slow ramp",0.8,0.0,-0.00016852019055269007,0.0,-0.0007307277066733731
20270838,"fast reversible, slow ramp",0.8500000000000001,0.0,-1.7953343862786575e-05,0.0,-0.0003666746253315756
20270838,"fast reversible, slow ramp",0.9,0.0,0.00010687721201796396,0.0,-0.0002549277075667433
20270838,"fast reversible, slow ramp",0.9500000000000001,0.0,0.00022797375990368796,0.0,0.002822024959677538
20270838,"fast reversible, slow ramp",1.0,0.0,0.0,0.0,0.0
20270838,slow reversible,0.0,0.1333333333333333,0.24690224751927836,-0.13333333333333336,0.04057205591158242
20270838,slow reversible,0.05,0.19166666666666665,0.3200287999477177,-0.19166666666666668,0.09257933901858184
20270838,slow reversible,0.1,0.22499999999999998,0.34658025621722993,-0.22500000000000003,0.1510578133886394
20270838,slow reversible,0.15000000000000002,0.2666666666666667,0.4198086625204317,-0.2666666666666667,0.19988724660280233
20270838,slow reversible,0.2,0.2833333333333333,0.4409256033846562,-0.2833333333333333,0.237684354406471
20270838,slow reversible,0.25,0.30833333333333335,0.47925844336072987,-0.30833333333333335,0.2931545355202343
20270838,slow reversible,0.30000000000000004,0.3666666666666667,0.5809315534122773,-0.3666666666666667,0.3404158481891613
20270838,slow reversible,0.35000000000000003,0.3833333333333333,0.621869936227962,-0.38333333333333336,0.34160732490798634
20270838,slow reversible,0.4,0.3833333333333333,0.6352399266295408,-0.38333333333333336,0.3263469034255408
20270838,slow reversible,0.45,0.3916666666666667,0.6635435244826557,-0.39166666666666666,0.3155052775616359
20270838,slow reversible,0.5,0.3916666666666667,0.6787038589552067,-0.39166666666666666,0.2887185428789337
20270838,slow reversible,0.55,0.3666666666666667,0.6310005833164929,-0.36666666666666664,0.25097922485966107
20270838,slow reversible,0.6000000000000001,0.35,0.6173189112460262,-0.35,0.22216515005674464
20270838,slow reversible,0.65,0.2833333333333333,0.4973765449498253,-0.2833333333333333,0.1725768210384745
20270838,slow reversible,0.7000000000000001,0.19166666666666665,0.33146179834352163,-0.19166666666666668,0.10696045073275895
20270838,slow reversible,0.75,0.125,0.21814997823942395,-0.125,0.06578878567910063
20270838,slow reversible,0.8,0.0,-0.00013567293958627324,0.0,0.011495898625037193
20270838,slow reversible,0.8500000000000001,0.0,-3.175307570890684e-05,0.0,0.0010113674333869227
20270838,slow reversible,0.9,0.0,-5.115079612050266e-05,0.0,-0.0014231829426164522
20270838,slow reversible,0.9500000000000001,0.0,0.00016420323392885017,0.0,0.0008636056778000833
20270838,slow reversible,1.0,0.0,0.0,0.0,0.0
20270838,"slow reversible, slow ramp",0.0,0.0,0.06743248478722419,0.0,0.0037889295613060398
20270838,"slow reversible, slow ramp",0.05,0.0,0.04478123815186702,0.0,0.004394825144874714
20270838,"slow reversible, slow ramp",0.1,0.0,0.04277958617750621,0.0,0.004568756393273643
20270838,"slow reversible, slow ramp",0.15000000000000002,0.0,0.04911725565122277,0.0,0.009477936148352128
20270838,"slow reversible, slow ramp",0.2,0.01666666666666672,0.05991403383701477,-0.016666666666666663,0.01919166668116956
20270838,"slow reversible, slow ramp",0.25,0.1166666666666667,0.20110957134519863,-0.1166666666666667,0.07760555624422344
20270838,"slow reversible, slow ramp",0.30000000000000004,0.21666666666666667,0.3816189341462301,-0.2166666666666667,0.16226628195150805
20270838,"slow reversible, slow ramp",0.35000000000000003,0.30000000000000004,0.5118589102883059,-0.30000000000000004,0.2387538944847376
20270838,"slow reversible, slow ramp",0.4,0.35,0.5875573257768629,-0.35000000000000003,0.28328703817272965
20270838,"slow reversible, slow ramp",0.45,0.3583333333333334,0.6128006335584053,-0.35833333333333334,0.281192337734932
20270838,"slow reversible, slow ramp",0.5,0.3916666666666667,0.6761717192590094,-0.39166666666666666,0.2866615022669142
20270838,"slow reversible, slow ramp",0.55,0.31666666666666665,0.5542273627663108,-0.31666666666666665,0.23478215877859643
20270838,"slow reversible, slow ramp",0.6000000000000001,0.18333333333333335,0.3149642589263658,-0.18333333333333335,0.1282612964216454
20270838,"slow reversible, slow ramp",0.65,0.0,0.00013035948010275966,0.0,0.01469114808160732
20270838,"slow reversible, slow ramp",0.7000000000000001,0.0,-0.0002807393086794452,0.0,-0.000697565630613739
20270838,"slow reversible, slow ramp",0.75,0.0,-2.3425376469377035e-05,0.0,0.0010999853271735915
20270838,"slow reversible, slow ramp",0.8,0.0,-0.0002627915224763244,0.0,-0.0007506650607367327
20270838,"slow reversible, slow ramp",0.8500000000000001,0.0,-0.00015968214363415445,0.0,-0.0004006471161677183
20270838,"slow reversible, slow ramp",0.9,0.0,-2.745333526354976e-05,0.0,-0.0002709009812289498
20270838,"slow reversible, slow ramp",0.9500000000000001,0.0,-0.00021409127601079714,0.0,0.0028215704220790894
20270838,"slow reversible, slow ramp",1.0,0.0,0.0,0.0,0.0
20270838,one-way boundary,0.0,0.4,0.5801211713229157,-0.4,0.24761133155213358
20270838,one-way boundary,0.05,0.4,0.6046134281843022,-0.4,0.3217311376864874
20270838,one-way boundary,0.1,0.4,0.6008919471921828,-0.4,0.3666346069998171
20270838,one-way boundary,0.15000000000000002,0.4,0.6135627745370428,-0.4,0.3913296738614765
20270838,one-way boundary,0.2,0.4,0.6157531395460809,-0.4,0.3994199668380061
20270838,one-way boundary,0.25,0.4,0.6233257991899614,-0.4,0.3950165088927745
20270838,one-way boundary,0.30000000000000004,0.4,0.6340726995139705,-0.4,0.3838058702948672
20270838,one-way boundary,0.35000000000000003,0.4,0.6469725915914792,-0.4,0.3655651716188973
20270838,one-way boundary,0.4,0.4,0.6609552823346263,-0.4,0.3453283307205041
20270838,one-way boundary,0.45,0.4,0.676331181570369,-0.4,0.32544850439649026
20270838,one-way boundary,0.5,0.4,0.6916269482939486,-0.4,0.29746000668714856
20270838,one-way boundary,0.55,0.3833333333333333,0.6723525276275142,-0.38333333333333336,0.2678180187242061
20270838,one-way boundary,0.6000000000000001,0.3666666666666667,0.6466933683877347,-0.36666666666666664,0.2274359728717228
20270838,one-way boundary,0.65,0.31666666666666665,0.5658888840093079,-0.31666666666666665,0.18393172340718267
20270838,one-way boundary,0.7000000000000001,0.21666666666666667,0.39402830370889885,-0.21666666666666667,0.12135458900808116
20270838,one-way boundary,0.75,0.08333333333333337,0.15205405022258522,-0.08333333333333333,0.06006741842861196
20270838,one-way boundary,0.8,0.0,2.680315111081022e-06,0.0,0.0034041118802733417
20270838,one-way boundary,0.8500000000000001,0.0,-2.9691344568538725e-06,0.0,0.0007319646061517693
20270838,one-way boundary,0.9,0.0,4.994356484600004e-06,0.0,-0.0014616697629413755
20270838,one-way boundary,0.9500000000000001,0.0,-5.972066892123706e-07,0.0,0.0008350466288459257
20270838,one-way boundary,1.0,0.0,0.0,0.0,0.0
20270838,slow reversible + graph reset,0.0,0.0,0.026752510800954032,0.0,0.003811947656433945
20270838,slow reversible + graph reset,0.05,0.0,0.03223822997798542,0.0,0.008249870306091894
20270838,slow reversible + graph reset,0.1,0.0,0.02217331257509647,0.0,0.008104303552294578
20270838,slow reversible + graph reset,0.15000000000000002,0.0,0.02429185475382767,0.0,0.009389914956378198
20270838,slow reversible + graph reset,0.2,0.0,0.012627025046915263,0.0,0.008371891496267297
20270838,slow reversible + graph reset,0.25,0.0,0.006407724169182283,0.0,0.0073470346389076235
20270838,slow reversible + graph reset,0.30000000000000004,0.0,0.002375447943285869,0.0,0.006254100575599053
20270838,slow reversible + graph reset,0.35000000000000003,0.0,0.0001699124616041936,0.0,0.0038976841040694876
20270838,slow reversible + graph reset,0.4,0.0,0.0017095103870293782,0.0,0.003712536259956989
20270838,slow reversible + graph reset,0.45,0.0,0.0008189630556159622,0.0,0.005954691459480188
20270838,slow reversible + graph reset,0.5,0.0,0.0022691666417852807,0.0,0.010722149165397488
20270838,slow reversible + graph reset,0.55,0.3666666666666667,0.6310005833164929,-0.36666666666666664,0.25097922485966107
20270838,slow reversible + graph reset,0.6000000000000001,0.35,0.6173189112460262,-0.35,0.22216515005674464
20270838,slow reversible + graph reset,0.65,0.2833333333333333,0.4973765449498253,-0.2833333333333333,0.1725768210384745
20270838,slow reversible + graph reset,0.7000000000000001,0.19166666666666665,0.33146179834352163,-0.19166666666666668,0.10696045073275895
20270838,slow reversible + graph reset,0.75,0.125,0.21814997823942395,-0.125,0.06578878567910063
20270838,slow reversible + graph reset,0.8,0.0,-0.00013567293958627324,0.0,0.011495898625037193
20270838,slow reversible + graph reset,0.8500000000000001,0.0,-3.175307570890684e-05,0.0,0.0010113674333869227
20270838,slow reversible + graph reset,0.9,0.0,-5.115079612050266e-05,0.0,-0.0014231829426164522
20270838,slow reversible + graph reset,0.9500000000000001,0.0,0.00016420323392885017,0.0,0.0008636056778000833
20270838,slow reversible + graph reset,1.0,0.0,0.0,0.0,0.0
20270839,no rewiring,0.0,0.0,0.03102168633292618,0.0,0.004945456992797456
20270839,no rewiring,0.05,0.0,0.037208782490633086,0.0,0.009302455788761696
20270839,no rewiring,0.1,0.0,0.029478621221850854,0.0,0.008428866759834036
20270839,no rewiring,0.15000000000000002,0.0,0.024508518159842174,0.0,0.010014724281502851
20270839,no rewiring,0.2,0.0,0.018340870843175705,0.0,0.011493761255587959
20270839,no rewiring,0.25,0.0,0.010163646690907635,0.0,0.009177531520468685
20270839,no rewiring,0.30000000000000004,0.0,0.006153339133450786,0.0,0.006450279334915321
20270839,no rewiring,0.35000000000000003,0.0,0.00445948390508355,0.0,0.004928235277057047
20270839,no rewiring,0.4,0.0,-0.000284630026605448,0.0,0.002963630207488188
20270839,no rewiring,0.45,0.0,0.00021479906214205702,0.0,0.0027958871279727404
20270839,no rewiring,0.5,0.0,-0.00123251369210442,0.0,0.004915944721317622
20270839,no rewiring,0.55,0.0,-0.0018667861324240809,0.0,0.0023578298427294753
20270839,no rewiring,0.6000000000000001,0.0,0.0013676094158261987,0.0,0.0012244731138457698
20270839,no rewiring,0.65,0.0,0.0005409537520563723,0.0,0.002576827860082731
20270839,no rewiring,0.7000000000000001,0.0,0.0018345484246555799,0.0,0.0035727087029743254
20270839,no rewiring,0.75,0.0,0.0010676285332290036,0.0,0.001820636657149377
20270839,no rewiring,0.8,0.0,-0.000502047148653928,0.0,0.0014952286822009775
20270839,no rewiring,0.8500000000000001,0.0,-0.0015053742829637395,0.0,0.003771548828018223
20270839,no rewiring,0.9,0.0,0.00021271597782424045,0.0,0.0017442553187656529
20270839,no rewiring,0.9500000000000001,0.0,0.0002389460566321333,0.0,-0.00031118120243534
20270839,no rewiring,1.0,0.0,0.0,0.0,0.0
20270839,fast reversible,0.0,0.0,0.06260247848168399,0.0,0.008395105247293574
20270839,fast reversible,0.05,0.0,0.060360218556110234,0.0,0.014395965978709818
20270839,fast reversible,0.1,0.0,0.06237014712441463,0.0,0.014611637714641162
20270839,fast reversible,0.15000000000000002,0.0,0.049240186298060595,0.0,0.01722570626138442
20270839,fast reversible,0.2,0.0,0.04456556570014697,0.0,0.01913859271214044
20270839,fast reversible,0.25,0.0,0.035594060535936556,0.0,0.018455111195598506
20270839,fast reversible,0.30000000000000004,0.0,0.019358821862662245,0.0,0.0387603726819179
20270839,fast reversible,0.35000000000000003,0.16666666666666663,0.27679906552574746,-0.17391304347826084,0.15869698100624224
20270839,fast reversible,0.4,0.29999999999999993,0.49456284419704855,-0.31304347826086953,0.26190400736985775
20270839,fast reversible,0.45,0.35,0.5748088626761023,-0.3652173913043478,0.29523934504077276
20270839,fast reversible,0.5,0.39166666666666666,0.6594987423150629,-0.408695652173913,0.29879245768687945
20270839,fast reversible,0.55,0.37500000000000006,0.6457635196852277,-0.391304347826087,0.2632199853636614
20270839,fast reversible,0.6000000000000001,0.34166666666666673,0.5989340302909258,-0.3565217391304348,0.22448638094568718
20270839,fast reversible,0.65,0.26666666666666666,0.458884727079785,-0.2782608695652174,0.16590930914514568
20270839,fast reversible,0.7000000000000001,0.2,0.34865966490295597,-0.20869565217391303,0.11108782915664128
20270839,fast reversible,0.75,0.12500000000000006,0.22215600330795438,-0.13043478260869565,0.07026802231704654
20270839,fast reversible,0.8,0.025000000000000022,0.04566637577670496,-0.026086956521739132,0.022567559642681423
20270839,fast reversible,0.8500000000000001,0.0,8.552514119053445e-05,0.0,0.00363399683330512
20270839,fast reversible,0.9,0.0,6.868497395606799e-05,0.0,0.0007084692654583113
20270839,fast reversible,0.9500000000000001,0.0,-0.00023235254221298796,0.0,-0.001399664085593999
20270839,fast reversible,1.0,0.0,0.0,0.0,0.0
20270839,"fast reversible, slow ramp",0.0,0.0,0.01480112197159833,0.0,0.0016553855976167986
20270839,"fast reversible, slow ramp",0.05,0.0,-0.0046306668697960185,0.0,0.0006854133760692688
20270839,"fast reversible, slow ramp",0.1,0.0,-0.0068910440746836055,0.0,0.001837525894624381
20270839,"fast reversible, slow ramp",0.15000000000000002,0.0,0.0042909058292198154,0.0,0.004409473711512235
20270839,"fast reversible, slow ramp",0.2,0.0,-0.0023324939435510617,0.0,0.005112432457609478
20270839,"fast reversible, slow ramp",0.25,0.0,0.00021682422271596113,0.0,0.004279793006009058
20270839,"fast reversible, slow ramp",0.30000000000000004,0.0,0.0003293362255246124,0.0,0.005969366056293279
20270839,"fast reversible, slow ramp",0.35000000000000003,0.0,-0.0032396332718238607,0.0,0.007344539340833456
20270839,"fast reversible, slow ramp",0.4,0.0,-0.0007365043932303084,0.0,0.0076274599025062395
20270839,"fast reversible, slow ramp",0.45,0.22499999999999998,0.37495888213640655,-0.23478260869565215,0.1607123506961997
20270839,"fast reversible, slow ramp",0.5,0.4,0.673336362535387,-0.41739130434782606,0.29930204463871835
20270839,"fast reversible, slow ramp",0.55,0.30000000000000004,0.5045759552907588,-0.3130434782608696,0.21840304921822706
20270839,"fast reversible, slow ramp",0.6000000000000001,0.1833333333333334,0.3125956859148923,-0.19130434782608696,0.14006704277825144
20270839,"fast reversible, slow ramp",0.65,0.0,1.7799961150699595e-05,0.0,0.0003631678377804537
20270839,"fast reversible, slow ramp",0.7000000000000001,0.0,9.551005188068729e-06,0.0,0.0013304941448892826
20270839,"fast reversible, slow ramp",0.75,0.0,1.2317936841643728e-06,0.0,0.0011565092832955814
20270839,"fast reversible, slow ramp",0.8,0.0,-7.790282223751888e-06,0.0,0.0010000527506469625
20270839,"fast reversible, slow ramp",0.8500000000000001,0.0,9.990726738240419e-06,0.0,0.00025460161411106075
20270839,"fast reversible, slow ramp",0.9,0.0,-1.0971058176156845e-05,0.0,0.0007970409222768371
20270839,"fast reversible, slow ramp",0.9500000000000001,0.0,-1.2284601138778939e-05,0.0,0.001960243775658843
20270839,"fast reversible, slow ramp",1.0,0.0,0.0,0.0,0.0
20270839,slow reversible,0.0,0.125,0.19111540491946177,-0.13043478260869562,0.03166917946106257
20270839,slow reversible,0.05,0.16666666666666663,0.2464043617221644,-0.17391304347826084,0.0728354074213324
20270839,slow reversible,0.1,0.21666666666666662,0.31369764857225835,-0.2260869565217391,0.13528445466993605
20270839,slow reversible,0.15000000000000002,0.25,0.3577297205680651,-0.26086956521739124,0.21588187049654028
20270839,slow reversible,0.2,0.3083333333333333,0.4444597810320644,-0.3217391304347826,0.3010868149904723
20270839,slow reversible,0.25,0.3583333333333333,0.5350978308328256,-0.3739130434782608,0.3563580154585642
20270839,slow reversible,0.30000000000000004,0.38333333333333325,0.5885428690930393,-0.39999999999999997,0.3640448827366235
20270839,slow reversible,0.35000000000000003,0.39166666666666666,0.61773839596476,-0.408695652173913,0.36413517552455993
20270839,slow reversible,0.4,0.4,0.6430936650842658,-0.41739130434782606,0.351751509489844
20270839,slow reversible,0.45,0.4,0.6579815533163185,-0.41739130434782606,0.3287444857412979
20270839,slow reversible,0.5,0.4,0.6737076586783952,-0.41739130434782606,0.3059079324062073
20270839,slow reversible,0.55,0.37500000000000006,0.6394708418000347,-0.391304347826087,0.2666941729593426
20270839,slow reversible,0.6000000000000001,0.3500000000000001,0.6112767410361781,-0.3652173913043478,0.22390650275761648
20270839,slow reversible,0.65,0.2583333333333334,0.44506425603350686,-0.26956521739130435,0.16353732499941875
20270839,slow reversible,0.7000000000000001,0.15833333333333338,0.2788383848079322,-0.16521739130434782,0.09950994435668514
20270839,slow reversible,0.75,0.050000000000000044,0.08983715205638587,-0.05217391304347826,0.03965968505245854
20270839,slow reversible,0.8,0.0,2.5816439899184473e-06,0.0,0.003025005544287085
20270839,slow reversible,0.8500000000000001,0.0,7.401451745936427e-07,0.0,0.0029746503848405714
20270839,slow reversible,0.9,0.0,-4.686859122138287e-06,0.0,0.0006590667173994591
20270839,slow reversible,0.9500000000000001,0.0,-2.310279191852782e-05,0.0,-0.001421456152314371
20270839,slow reversible,1.0,0.0,0.0,0.0,0.0
20270839,"slow reversible, slow ramp",0.0,0.0,0.02212094585000285,0.0,0.002512845254638442
20270839,"slow reversible, slow ramp",0.05,0.0,0.02504004619071204,0.0,0.0021720581355106072
20270839,"slow reversible, slow ramp",0.1,0.0,0.02325504235567405,0.0,0.004140324281725366
20270839,"slow reversible, slow ramp",0.15000000000000002,0.0,0.023213158142365076,0.0,0.006364482581825592
20270839,"slow reversible, slow ramp",0.2,0.0,0.01960270617408061,0.0,0.007523072691229871
20270839,"slow reversible, slow ramp",0.25,0.10833333333333328,0.14642364037156547,-0.11304347826086952,0.07231346691835383
20270839,"slow reversible, slow ramp",0.30000000000000004,0.21666666666666662,0.33340018746931127,-0.2260869565217391,0.1520223292357083
20270839,"slow reversible, slow ramp",0.35000000000000003,0.2666666666666666,0.41976617857703985,-0.27826086956521734,0.20659928085057433
20270839,"slow reversible, slow ramp",0.4,0.32499999999999996,0.5274903978640815,-0.3391304347826087,0.26011727429102816
20270839,"slow reversible, slow ramp",0.45,0.35,0.5802638076766995,-0.3652173913043478,0.2700466154376634
20270839,"slow reversible, slow ramp",0.5,0.39166666666666666,0.6595900463992133,-0.408695652173913,0.29279351423326405
20270839,"slow reversible, slow ramp",0.55,0.30000000000000004,0.5179456888613838,-0.31304347826086953,0.22476758577725275
20270839,"slow reversible, slow ramp",0.6000000000000001,0.12500000000000006,0.2061542311435387,-0.13043478260869565,0.10334722740991509
20270839,"slow reversible, slow ramp",0.65,0.0,0.00011207914059352397,0.0,-0.0003809059809731785
20270839,"slow reversible, slow ramp",0.7000000000000001,0.0,-0.00017173673502546283,0.0,0.0013069727137440257
20270839,"slow reversible, slow ramp",0.75,0.0,6.525820585845388e-05,0.0,0.001159465415478289
20270839,"slow reversible, slow ramp",0.8,0.0,3.0271845115947826e-05,0.0,0.00102503007931809
20270839,"slow reversible, slow ramp",0.8500000000000001,0.0,0.00011194973522776763,0.0,0.00024500951578454444
20270839,"slow reversible, slow ramp",0.9,0.0,4.377579528203057e-05,0.0,0.000794460065140834
20270839,"slow reversible, slow ramp",0.9500000000000001,0.0,0.0002757706228156964,0.0,0.0019628797741235715
20270839,"slow reversible, slow ramp",1.0,0.0,0.0,0.0,0.0
20270839,one-way boundary,0.0,0.4,0.5696371973830835,-0.41739130434782606,0.24692412342352454
20270839,one-way boundary,0.05,0.4,0.5810438168412017,-0.41739130434782606,0.3224134801480283
20270839,one-way boundary,0.1,0.4,0.5856092507099754,-0.41739130434782606,0.36542322161687313
20270839,one-way boundary,0.15000000000000002,0.4,0.5885514158112359,-0.41739130434782606,0.39218095524924584
20270839,one-way boundary,0.2,0.4,0.5970296695898344,-0.41739130434782606,0.4023474809008649
20270839,one-way boundary,0.25,0.4,0.6041529262154866,-0.41739130434782606,0.3988132741982489
20270839,one-way boundary,0.30000000000000004,0.4,0.6139591739454369,-0.41739130434782606,0.38758945066838246
20270839,one-way boundary,0.35000000000000003,0.4,0.6306892976797072,-0.41739130434782606,0.3722360442194577
20270839,one-way boundary,0.4,0.4,0.6430976623810042,-0.41739130434782606,0.3516236316114001
20270839,one-way boundary,0.45,0.4,0.6579842540366119,-0.41739130434782606,0.32872094959502896
20270839,one-way boundary,0.5,0.4,0.6737090179108112,-0.41739130434782606,0.3059024459706956
20270839,one-way boundary,0.55,0.3916666666666667,0.6746256115029141,-0.40869565217391307,0.2714351711993961
20270839,one-way boundary,0.6000000000000001,0.3583333333333334,0.6235895671630771,-0.3739130434782609,0.2311041965015188
20270839,one-way boundary,0.65,0.29166666666666674,0.5168404322451202,-0.30434782608695654,0.17751907811729406
20270839,one-way boundary,0.7000000000000001,0.17500000000000004,0.3022407409851229,-0.1826086956521739,0.10589141626790577
20270839,one-way boundary,0.75,0.050000000000000044,0.09009196901949001,-0.05217391304347826,0.03801860020926706
20270839,one-way boundary,0.8,0.0,3.575425480129013e-07,0.0,0.0023300529625550626
20270839,one-way boundary,0.8500000000000001,0.0,-6.765122895213693e-08,0.0,0.0029637075523561984
20270839,one-way boundary,0.9,0.0,-8.713607778654264e-06,0.0,0.0006528847396743975
20270839,one-way boundary,0.9500000000000001,0.0,-3.421044205775825e-05,0.0,-0.001425803136743009
20270839,one-way boundary,1.0,0.0,0.0,0.0,0.0
20270839,slow reversible + graph reset,0.0,0.0,0.03102168643363984,0.0,0.004945456475115337
20270839,slow reversible + graph reset,0.05,0.0,0.03720878231416169,0.0,0.009302453738326943
20270839,slow reversible + graph reset,0.1,0.0,0.02947861947338043,0.0,0.008428865095574667
20270839,slow reversible + graph reset,0.15000000000000002,0.0,0.024508509065731432,0.0,0.010014719981471382
20270839,slow reversible + graph reset,0.2,0.0,0.01834083381356283,0.0,0.011493746266048432
20270839,slow reversible + graph reset,0.25,0.0,0.010163506092399521,0.0,0.009177474926888751
20270839,slow reversible + graph reset,0.30000000000000004,0.0,0.0061528916915168375,0.0,0.006450100545947357
20270839,slow reversible + graph reset,0.35000000000000003,0.0,0.0044585781197226115,0.0,0.004928242998313903
20270839,slow reversible + graph reset,0.4,0.0,-0.0002807302397120903,0.0,0.0029808265816728685
20270839,slow reversible + graph reset,0.45,0.0,0.0002741909734083059,0.0,0.0031141036933746147
20270839,slow reversible + graph reset,0.5,0.0,-0.002112259213425116,0.0,0.012720886697054623
20270839,slow reversible + graph reset,0.55,0.37500000000000006,0.6394708418000347,-0.391304347826087,0.2666941729593426
20270839,slow reversible + graph reset,0.6000000000000001,0.3500000000000001,0.6112767410361781,-0.3652173913043478,0.22390650275761648
20270839,slow reversible + graph reset,0.65,0.2583333333333334,0.44506425603350686,-0.26956521739130435,0.16353732499941875
20270839,slow reversible + graph reset,0.7000000000000001,0.15833333333333338,0.2788383848079322,-0.16521739130434782,0.09950994435668514
20270839,slow reversible + graph reset,0.75,0.050000000000000044,0.08983715205638587,-0.05217391304347826,0.03965968505245854
20270839,slow reversible + graph reset,0.8,0.0,2.5816439899184473e-06,0.0,0.003025005544287085
20270839,slow reversible + graph reset,0.8500000000000001,0.0,7.401451745936427e-07,0.0,0.0029746503848405714
20270839,slow reversible + graph reset,0.9,0.0,-4.686859122138287e-06,0.0,0.0006590667173994591
20270839,slow reversible + graph reset,0.9500000000000001,0.0,-2.310279191852782e-05,0.0,-0.001421456152314371
20270839,slow reversible + graph reset,1.0,0.0,0.0,0.0,0.0
20270840,no rewiring,0.0,0.0,0.010477671167015812,0.0,0.003189861054165459
20270840,no rewiring,0.05,0.0,0.03093568257565782,0.0,0.00838752806939147
20270840,no rewiring,0.1,0.0,0.01390018013271066,0.0,0.00901218100589224
20270840,no rewiring,0.15000000000000002,0.0,0.017594807242104493,0.0,0.00995868885805068
20270840,no rewiring,0.2,0.0,0.010644954237347404,0.0,0.006658957665997722
20270840,no rewiring,0.25,0.0,0.007804467403172588,0.0,0.006755830750873604
20270840,no rewiring,0.30000000000000004,0.0,0.004346157430393793,0.0,0.0061953125743679505
20270840,no rewiring,0.35000000000000003,0.0,0.003820202544315976,0.0,0.004509354448174907
20270840,no rewiring,0.4,0.0,0.0016017354903860581,0.0,0.0019792343051240335
20270840,no rewiring,0.45,0.0,0.00014640296364581973,0.0,0.003755542907133591
20270840,no rewiring,0.5,0.0,0.0001378195943841365,0.0,0.004685121726812902
20270840,no rewiring,0.55,0.0,0.0017136410895240983,0.0,0.0008094495126287349
20270840,no rewiring,0.6000000000000001,0.0,0.00065854149068717,0.0,0.002214031641589509
20270840,no rewiring,0.65,0.0,-0.0014367338120878648,0.0,0.0016866596451378113
20270840,no rewiring,0.7000000000000001,0.0,0.0005656484047366073,0.0,0.0018692626149411362
20270840,no rewiring,0.75,0.0,-0.00015798493623991883,0.0,0.00019997985399056173
20270840,no rewiring,0.8,0.0,-0.0022917519312626866,0.0,0.0011230316958894537
20270840,no rewiring,0.8500000000000001,0.0,0.0005172204389589929,0.0,0.004830816502839008
20270840,no rewiring,0.9,0.0,0.0006547339835913935,0.0,0.0010641267657274245
20270840,no rewiring,0.9500000000000001,0.0,-0.000170170859155383,0.0,2.1891224593506564e-05
20270840,no rewiring,1.0,0.0,0.0,0.0,0.0
20270840,fast reversible,0.0,0.0,0.050199892927280276,0.0,0.005326624344086588
20270840,fast reversible,0.05,0.0,0.06499876216389794,0.0,0.010971670745361511
20270840,fast reversible,0.1,0.0,0.04896913734325753,0.0,0.012227468838215405
20270840,fast reversible,0.15000000000000002,0.0,0.04801860834791383,0.0,0.013642033486803457
20270840,fast reversible,0.2,0.0,0.04568535963723369,0.0,0.010756424504891643
20270840,fast reversible,0.25,0.0,0.03956517649870578,0.0,0.013227099267302145
20270840,fast reversible,0.30000000000000004,0.04999999999999993,0.08036302481887864,-0.05217391304347824,0.065360067774143
20270840,fast reversible,0.35000000000000003,0.16666666666666663,0.254669523563696,-0.17391304347826084,0.17204919465817192
20270840,fast reversible,0.4,0.29166666666666663,0.4795583169364047,-0.3043478260869565,0.2562502896558566
20270840,fast reversible,0.45,0.36666666666666664,0.6215948637337252,-0.38260869565217387,0.29945479740062697
20270840,fast reversible,0.5,0.39166666666666666,0.6738676808869988,-0.408695652173913,0.2983915038428344
20270840,fast reversible,0.55,0.37500000000000006,0.6610937130066128,-0.391304347826087,0.26327952812552013
20270840,fast reversible,0.6000000000000001,0.325,0.5834854710381986,-0.3391304347826087,0.21397214986252777
20270840,fast reversible,0.65,0.3166666666666667,0.5723214484625228,-0.33043478260869563,0.18068528160724995
20270840,fast reversible,0.7000000000000001,0.2416666666666667,0.4418527231612164,-0.25217391304347825,0.12482123664598821
20270840,fast reversible,0.75,0.1166666666666667,0.2137971109456086,-0.1217391304347826,0.06740980428135679
20270840,fast reversible,0.8,0.0,0.0002569227125711615,0.0,0.007195197684622956
20270840,fast reversible,0.8500000000000001,0.0,0.00017790225390246217,0.0,0.0043643737905659785
20270840,fast reversible,0.9,0.0,-0.00016274411601702177,0.0,7.062319247230775e-05
20270840,fast reversible,0.9500000000000001,0.0,0.00022544318304751343,0.0,-0.00104058195894019
20270840,fast reversible,1.0,0.0,0.0,0.0,0.0
20270840,"fast reversible, slow ramp",0.0,0.0,0.008101921519102107,0.0,0.0007710116094897246
20270840,"fast reversible, slow ramp",0.05,0.0,-0.00027960992445802413,0.0,-0.0005183128180042268
20270840,"fast reversible, slow ramp",0.1,0.0,0.012853171177110823,0.0,0.0022019289742458703
20270840,"fast reversible, slow ramp",0.15000000000000002,0.0,0.007077904174300598,0.0,0.004483930493084598
20270840,"fast reversible, slow ramp",0.2,0.0,0.013740474953141735,0.0,0.004985604789452702
20270840,"fast reversible, slow ramp",0.25,0.0,0.008887869672826287,0.0,0.0036187223937553803
20270840,"fast reversible, slow ramp",0.30000000000000004,0.0,0.012426824900867495,0.0,0.005305998015273983
20270840,"fast reversible, slow ramp",0.35000000000000003,0.0,0.013763305550893057,0.0,0.009858368782474647
20270840,"fast reversible, slow ramp",0.4,0.0,0.011297752853149823,0.0,0.007857805140613738
20270840,"fast reversible, slow ramp",0.45,0.25,0.433310357582772,-0.26086956521739124,0.19256657444587366
20270840,"fast reversible, slow ramp",0.5,0.4,0.6858133553344142,-0.41739130434782606,0.3011481640826663
20270840,"fast reversible, slow ramp",0.55,0.30000000000000004,0.5181144003302544,-0.3130434782608696,0.22288289935199945
20270840,"fast reversible, slow ramp",0.6000000000000001,0.1916666666666667,0.33518005721190636,-0.2,0.13864958357635504
20270840,"fast reversible, slow ramp",0.65,0.0,1.788376303490935e-05,0.0,-8.845049292027785e-05
20270840,"fast reversible, slow ramp",0.7000000000000001,0.0,-2.0817878310985805e-05,0.0,-0.0018543551596653662
20270840,"fast reversible, slow ramp",0.75,0.0,-1.3691145490324352e-05,0.0,-0.001909005047175838
20270840,"fast reversible, slow ramp",0.8,0.0,-4.585538558632418e-05,0.0,-0.0003751635064617176
20270840,"fast reversible, slow ramp",0.8500000000000001,0.0,6.4891268354294596e-06,0.0,0.0007001331722074067
20270840,"fast reversible, slow ramp",0.9,0.0,-1.573631416207366e-05,0.0,0.001277765214023674
20270840,"fast reversible, slow ramp",0.9500000000000001,0.0,1.373732407494721e-06,0.0,-0.0015519240568581116
20270840,"fast reversible, slow ramp",1.0,0.0,0.0,0.0,0.0
20270840,slow reversible,0.0,0.1333333333333333,0.22933493945372946,-0.13913043478260867,0.034307153040467095
20270840,slow reversible,0.05,0.17499999999999993,0.30188999795551474,-0.18260869565217389,0.08335908268326842
20270840,slow reversible,0.1,0.22499999999999998,0.35968222635077485,-0.23478260869565215,0.14057556682568106
20270840,slow reversible,0.15000000000000002,0.25,0.39104404192237,-0.26086956521739124,0.18687027674905324
20270840,slow reversible,0.2,0.27499999999999997,0.4386268690401389,-0.28695652173913044,0.22349674436978478
20270840,slow reversible,0.25,0.29166666666666663,0.4625766173359552,-0.3043478260869565,0.26517894146856213
20270840,slow reversible,0.30000000000000004,0.31666666666666665,0.5116884506351518,-0.33043478260869563,0.29093898049298433
20270840,slow reversible,0.35000000000000003,0.3416666666666666,0.5618960227900262,-0.3565217391304348,0.3095296978721729
20270840,slow reversible,0.4,0.3583333333333333,0.5972623905127574,-0.3739130434782608,0.31109498282544235
20270840,slow reversible,0.45,0.38333333333333325,0.648080054307497,-0.39999999999999997,0.3161146891681538
20270840,slow reversible,0.5,0.39166666666666666,0.6733020054592767,-0.408695652173913,0.29692876548396807
20270840,slow reversible,0.55,0.35833333333333334,0.6319296951101788,-0.3739130434782609,0.25963856692635756
20270840,slow reversible,0.6000000000000001,0.30833333333333335,0.5310575207032319,-0.3217391304347826,0.20956423851802075
20270840,slow reversible,0.65,0.2916666666666667,0.5025412361950023,-0.30434782608695654,0.1695655445513523
20270840,slow reversible,0.7000000000000001,0.20833333333333337,0.36965012830419053,-0.21739130434782608,0.1200405065232738
20270840,slow reversible,0.75,0.13333333333333336,0.24098404390077877,-0.1391304347826087,0.06433631609743018
20270840,slow reversible,0.8,0.041666666666666685,0.07532230516917582,-0.043478260869565216,0.02739452570357126
20270840,slow reversible,0.8500000000000001,0.0,-0.00013603425926445034,0.0,0.0053796274013308
20270840,slow reversible,0.9,0.0,-5.4610068765614805e-05,0.0,8.305826589660725e-05
20270840,slow reversible,0.9500000000000001,0.0,-0.00015715877607436202,0.0,-0.0010431775860728631
20270840,slow reversible,1.0,0.0,0.0,0.0,0.0
20270840,"slow reversible, slow ramp",0.0,0.0,0.012550631729011719,0.0,0.00037390269836482665
20270840,"slow reversible, slow ramp",0.05,0.0,0.016014591586258675,0.0,-0.000578193779763439
20270840,"slow reversible, slow ramp",0.1,0.0,0.018446989513611067,0.0,0.0009328986236571968
20270840,"slow reversible, slow ramp",0.15000000000000002,0.0,0.0061985075979868465,0.0,0.0033198743611187187
20270840,"slow reversible, slow ramp",0.2,0.0,0.008950981915401668,0.0,0.003561005851464266
20270840,"slow reversible, slow ramp",0.25,0.04166666666666663,0.08508087101105866,-0.04347826086956519,0.029161896323091907
20270840,"slow reversible, slow ramp",0.30000000000000004,0.15833333333333333,0.26350496872262347,-0.16521739130434782,0.11185778199881863
20270840,"slow reversible, slow ramp",0.35000000000000003,0.24166666666666664,0.387326174858793,-0.25217391304347825,0.19138384485314036
20270840,"slow reversible, slow ramp",0.4,0.32499999999999996,0.5341120529643972,-0.3391304347826087,0.2594594016408364
20270840,"slow reversible, slow ramp",0.45,0.38333333333333325,0.6449542247222662,-0.39999999999999997,0.3082270996098435
20270840,"slow reversible, slow ramp",0.5,0.39166666666666666,0.6725267275832496,-0.408695652173913,0.2940426875179557
20270840,"slow reversible, slow ramp",0.55,0.3166666666666667,0.5594642533681837,-0.33043478260869563,0.22986461488503807
20270840,"slow reversible, slow ramp",0.6000000000000001,0.18333333333333335,0.3148944659026881,-0.19130434782608696,0.13898723541086044
20270840,"slow reversible, slow ramp",0.65,0.0,-6.270875773206619e-06,0.0,0.00037245748741487894
20270840,"slow reversible, slow ramp",0.7000000000000001,0.0,-6.809152142506214e-05,0.0,-0.0018398677936973806
20270840,"slow reversible, slow ramp",0.75,0.0,0.00012652744072405575,0.0,-0.0019130247254377508
20270840,"slow reversible, slow ramp",0.8,0.0,-0.00021033507102208304,0.0,-0.0003901193501875122
20270840,"slow reversible, slow ramp",0.8500000000000001,0.0,0.0001561232373150645,0.0,0.0006874630677422555
20270840,"slow reversible, slow ramp",0.9,0.0,0.00045022094053670525,0.0,0.0012826504344164436
20270840,"slow reversible, slow ramp",0.9500000000000001,0.0,-0.00012804760163631634,0.0,-0.0015493871348384314
20270840,"slow reversible, slow ramp",1.0,0.0,0.0,0.0,0.0
20270840,one-way boundary,0.0,0.39166666666666666,0.5853107599044367,-0.408695652173913,0.22876691698292356
20270840,one-way boundary,0.05,0.39166666666666666,0.5983657148504631,-0.408695652173913,0.3041051999236719
20270840,one-way boundary,0.1,0.39166666666666666,0.5913206611673423,-0.408695652173913,0.3493587257566031
20270840,one-way boundary,0.15000000000000002,0.39166666666666666,0.6005620066862962,-0.408695652173913,0.3749415265233881
20270840,one-way boundary,0.2,0.39166666666666666,0.6066584100806568,-0.408695652173913,0.3817467141581888
20270840,one-way boundary,0.25,0.39166666666666666,0.614240845461137,-0.408695652173913,0.3812729619028222
20270840,one-way boundary,0.30000000000000004,0.39166666666666666,0.6237303901670201,-0.408695652173913,0.37341522398147037
20270840,one-way boundary,0.35000000000000003,0.39166666666666666,0.6370283997149483,-0.408695652173913,0.35897096588418953
20270840,one-way boundary,0.4,0.39166666666666666,0.6501322564314919,-0.408695652173913,0.3382406950067428
20270840,one-way boundary,0.45,0.39166666666666666,0.6618338527651341,-0.408695652173913,0.318278206042257
20270840,one-way boundary,0.5,0.39166666666666666,0.6738014616317674,-0.408695652173913,0.29543031404671927
20270840,one-way boundary,0.55,0.38333333333333336,0.6749416152654606,-0.4,0.26543033320191844
20270840,one-way boundary,0.6000000000000001,0.3666666666666667,0.6540973738630864,-0.3826086956521739,0.23368403704528096
20270840,one-way boundary,0.65,0.2916666666666667,0.5229014466228482,-0.30434782608695654,0.17971884453404363
20270840,one-way boundary,0.7000000000000001,0.16666666666666669,0.3071381724774642,-0.17391304347826086,0.10854383197276662
20270840,one-way boundary,0.75,0.050000000000000044,0.09013762707365691,-0.052173913043478265,0.035661378575124525
20270840,one-way boundary,0.8,0.0,-4.663053414732943e-05,0.0,0.004333116700781403
20270840,one-way boundary,0.8500000000000001,0.0,-4.684254637510321e-05,0.0,0.004255900708393101
20270840,one-way boundary,0.9,0.0,-0.00018897258624983593,0.0,4.3940556725852176e-05
20270840,one-way boundary,0.9500000000000001,0.0,-9.776691603069487e-06,0.0,-0.0010345872412257373
20270840,one-way boundary,1.0,0.0,0.0,0.0,0.0
20270840,slow reversible + graph reset,0.0,0.0,0.010477671010392986,0.0,0.0031898600002475616
20270840,slow reversible + graph reset,0.05,0.0,0.030935681663567693,0.0,0.008387527042818463
20270840,slow reversible + graph reset,0.1,0.0,0.013900177259420443,0.0,0.009012181457877688
20270840,slow reversible + graph reset,0.15000000000000002,0.0,0.017594799586184706,0.0,0.009958689902005186
20270840,slow reversible + graph reset,0.2,0.0,0.010644936240324476,0.0,0.006658959341050624
20270840,slow reversible + graph reset,0.25,0.0,0.007804432008089002,0.0,0.006755791498904151
20270840,slow reversible + graph reset,0.30000000000000004,0.0,0.004346167399824741,0.0,0.006195207235633937
20270840,slow reversible + graph reset,0.35000000000000003,0.0,0.003821115059765734,0.0,0.004510713051115722
20270840,slow reversible + graph reset,0.4,0.0,0.0016128969225507328,0.0,0.0019966275673212186
20270840,slow reversible + graph reset,0.45,0.0,0.0002454934750191762,0.0,0.004072000845264823
20270840,slow reversible + graph reset,0.5,0.0,-0.00039726871299661237,0.0,0.012386184423869517
20270840,slow reversible + graph reset,0.55,0.35833333333333334,0.6319296951101788,-0.3739130434782609,0.25963856692635756
20270840,slow reversible + graph reset,0.6000000000000001,0.30833333333333335,0.5310575207032319,-0.3217391304347826,0.20956423851802075
20270840,slow reversible + graph reset,0.65,0.2916666666666667,0.5025412361950023,-0.30434782608695654,0.1695655445513523
20270840,slow reversible + graph reset,0.7000000000000001,0.20833333333333337,0.36965012830419053,-0.21739130434782608,0.1200405065232738
20270840,slow reversible + graph reset,0.75,0.13333333333333336,0.24098404390077877,-0.1391304347826087,0.06433631609743018
20270840,slow reversible + graph reset,0.8,0.041666666666666685,0.07532230516917582,-0.043478260869565216,0.02739452570357126
20270840,slow reversible + graph reset,0.8500000000000001,0.0,-0.00013603425926445034,0.0,0.0053796274013308
20270840,slow reversible + graph reset,0.9,0.0,-5.4610068765614805e-05,0.0,8.305826589660725e-05
20270840,slow reversible + graph reset,0.9500000000000001,0.0,-0.00015715877607436202,0.0,-0.0010431775860728631
20270840,slow reversible + graph reset,1.0,0.0,0.0,0.0,0.0
20270841,no rewiring,0.0,0.0,0.014705185955706523,0.0,0.004674037274321516
20270841,no rewiring,0.05,0.0,0.03816769868670955,0.0,0.007954787197618496
20270841,no rewiring,0.1,0.0,0.026150359690370883,0.0,0.010326478169940465
20270841,no rewiring,0.15000000000000002,0.0,0.014369355100137315,0.0,0.007101011807925245
20270841,no rewiring,0.2,0.0,0.01115723810930086,0.0,0.007861259523973263
20270841,no rewiring,0.25,0.0,0.005431252781088081,0.0,0.007759897248101555
20270841,no rewiring,0.30000000000000004,0.0,0.0009201537026412576,0.0,0.008667383614335777
20270841,no rewiring,0.35000000000000003,0.0,0.0029490205548400317,0.0,0.005811253862175514
20270841,no rewiring,0.4,0.0,0.0013188279892999422,0.0,0.004232379614037829
20270841,no rewiring,0.45,0.0,0.002655973460845451,0.0,0.002587642154294467
20270841,no rewiring,0.5,0.0,-0.002005444357982722,0.0,0.005470378971554002
20270841,no rewiring,0.55,0.0,-0.0006984727256511003,0.0,0.0028106043221080013
20270841,no rewiring,0.6000000000000001,0.0,-0.0003049456778914106,0.0,0.003274551254910385
20270841,no rewiring,0.65,0.0,-0.0005681573775551119,0.0,0.0016283909268666186
20270841,no rewiring,0.7000000000000001,0.0,0.0016486357401256924,0.0,0.0014480558034297708
20270841,no rewiring,0.75,0.0,-0.0014422724802769515,0.0,0.0005503721859378974
20270841,no rewiring,0.8,0.0,-0.0013733817122777436,0.0,0.0029452992775635956
20270841,no rewiring,0.8500000000000001,0.0,0.0006678193145655265,0.0,0.0023115218166566143
20270841,no rewiring,0.9,0.0,-0.001267772557761948,0.0,0.0009627892438112129
20270841,no rewiring,0.9500000000000001,0.0,-0.0008286715666652456,0.0,0.002104189056881034
20270841,no rewiring,1.0,0.0,0.0,0.0,0.0
20270841,fast reversible,0.0,0.0,0.04801037486283144,0.0,0.008348612812791298
20270841,fast reversible,0.05,0.0,0.06541805027073844,0.0,0.014478965184823861
20270841,fast reversible,0.1,0.0,0.05299490384165467,0.0,0.019118827541538472
20270841,fast reversible,0.15000000000000002,0.0,0.044388956758397935,0.0,0.017789064544427385
20270841,fast reversible,0.2,0.0,0.03616377921021319,0.0,0.01926574299219075
20270841,fast reversible,0.25,0.0,0.0382734531716421,0.0,0.023350507902560658
20270841,fast reversible,0.30000000000000004,0.033333333333333326,0.08105776662106323,-0.03389830508474578,0.07099767467443707
20270841,fast reversible,0.35000000000000003,0.17499999999999993,0.29734472827473796,-0.17796610169491528,0.16919475644237025
20270841,fast reversible,0.4,0.2833333333333333,0.46156982230770366,-0.288135593220339,0.2674206399224293
20270841,fast reversible,0.45,0.3833333333333333,0.6404005830398023,-0.3898305084745763,0.3144491007329391
20270841,fast reversible,0.5,0.3999999999999999,0.6766363427278457,-0.4067796610169492,0.3059123051462458
20270841,fast reversible,0.55,0.3999999999999999,0.690893952881015,-0.4067796610169492,0.2767940076573283
20270841,fast reversible,0.6000000000000001,0.3666666666666666,0.6441459556431736,-0.3728813559322034,0.23516387481302414
20270841,fast reversible,0.65,0.2749999999999999,0.47347506154731445,-0.2796610169491525,0.1779529153937277
20270841,fast reversible,0.7000000000000001,0.20833333333333326,0.36119787809552584,-0.211864406779661,0.12062906941797402
20270841,fast reversible,0.75,0.10833333333333328,0.18578668134690712,-0.11016949152542373,0.07068491269827337
20270841,fast reversible,0.8,0.0,0.00010009565108393126,0.0,0.011410703421599666
20270841,fast reversible,0.8500000000000001,0.0,1.9785138313244133e-06,0.0,0.0015510984924601567
20270841,fast reversible,0.9,0.0,-5.04609722173921e-06,0.0,-8.181181727240361e-05
20270841,fast reversible,0.9500000000000001,0.0,-1.29775099004803e-05,0.0,0.001029612833408966
20270841,fast reversible,1.0,0.0,0.0,0.0,0.0
20270841,"fast reversible, slow ramp",0.0,0.0,0.018376148559763827,0.0,0.00012469221179626372
20270841,"fast reversible, slow ramp",0.05,0.0,0.016307508033188645,0.0,0.0022867010716971503
20270841,"fast reversible, slow ramp",0.1,0.0,0.008184125002198284,0.0,0.004966280424394287
20270841,"fast reversible, slow ramp",0.15000000000000002,0.0,0.009227928466355784,0.0,0.007187514762823172
20270841,"fast reversible, slow ramp",0.2,0.0,0.0085772487784605,0.0,0.008608999837566078
20270841,"fast reversible, slow ramp",0.25,0.0,0.01396559602794667,0.0,0.010484549820869882
20270841,"fast reversible, slow ramp",0.30000000000000004,0.0,0.011981121932995276,0.0,0.01002593622670167
20270841,"fast reversible, slow ramp",0.35000000000000003,0.0,0.009950288914207961,0.0,0.01017640884740656
20270841,"fast reversible, slow ramp",0.4,0.0,0.011259075075442548,0.0,0.008584050511212582
20270841,"fast reversible, slow ramp",0.45,0.2666666666666666,0.4382417744801966,-0.27118644067796616,0.20489073402844082
20270841,"fast reversible, slow ramp",0.5,0.3916666666666666,0.6634075550031389,-0.39830508474576276,0.2918239247781038
20270841,"fast reversible, slow ramp",0.55,0.2583333333333333,0.45428846590939964,-0.2627118644067797,0.196091384129784
20270841,"fast reversible, slow ramp",0.6000000000000001,0.10833333333333328,0.1798128227553233,-0.11016949152542373,0.08620344551446812
20270841,"fast reversible, slow ramp",0.65,0.0,6.232314144161144e-05,0.0,0.0004816105820930616
20270841,"fast reversible, slow ramp",0.7000000000000001,0.0,5.5117225618572796e-05,0.0,-0.00048824984560935647
20270841,"fast reversible, slow ramp",0.75,0.0,5.660728844569807e-05,0.0,-0.001856425678528395
20270841,"fast reversible, slow ramp",0.8,0.0,1.4370693647181021e-05,0.0,-0.0007603116883562189
20270841,"fast reversible, slow ramp",0.8500000000000001,0.0,-9.72366888862819e-05,0.0,-0.002190676676761316
20270841,"fast reversible, slow ramp",0.9,0.0,-8.915194967817897e-07,0.0,-0.0006698454922051678
20270841,"fast reversible, slow ramp",0.9500000000000001,0.0,0.00011905518176957841,0.0,0.0007434236294594498
20270841,"fast reversible, slow ramp",1.0,0.0,0.0,0.0,0.0
20270841,slow reversible,0.0,0.09999999999999998,0.20032727315889154,-0.1016949152542373,0.03066638683875597
20270841,slow reversible,0.05,0.1333333333333333,0.23800988867367806,-0.13559322033898308,0.07041974115772365
20270841,slow reversible,0.1,0.20833333333333326,0.3146351478869137,-0.21186440677966104,0.14477471621445914
20270841,slow reversible,0.15000000000000002,0.2833333333333333,0.4228654333988194,-0.288135593220339,0.21662934746803153
20270841,slow reversible,0.2,0.29999999999999993,0.45120788271436046,-0.3050847457627119,0.26233772497731556
20270841,slow reversible,0.25,0.32499999999999996,0.5001087668961314,-0.3305084745762712,0.30811292845710236
20270841,slow reversible,0.30000000000000004,0.3666666666666666,0.5713431425158803,-0.3728813559322034,0.35608104724137835
20270841,slow reversible,0.35000000000000003,0.3833333333333333,0.6108127577717617,-0.3898305084745763,0.3659033025255679
20270841,slow reversible,0.4,0.3999999999999999,0.6505606336544918,-0.4067796610169492,0.3523288878880459
20270841,slow reversible,0.45,0.3999999999999999,0.6672150964601997,-0.4067796610169492,0.32791306237521023
20270841,slow reversible,0.5,0.3999999999999999,0.6766404515283384,-0.4067796610169492,0.30589433030189017
20270841,slow reversible,0.55,0.3916666666666666,0.6769697832667627,-0.3983050847457627,0.27224445536384956
20270841,slow reversible,0.6000000000000001,0.34166666666666656,0.6015911406319824,-0.3474576271186441,0.22358431005050095
20270841,slow reversible,0.65,0.29999999999999993,0.520387359713214,-0.3050847457627119,0.17518940866961108
20270841,slow reversible,0.7000000000000001,0.23333333333333328,0.41198136538129837,-0.23728813559322035,0.12396614020913588
20270841,slow reversible,0.75,0.12499999999999994,0.21962501436809467,-0.1271186440677966,0.06341901444025255
20270841,slow reversible,0.8,0.0,0.0002587117333997524,0.0,0.01642924925888045
20270841,slow reversible,0.8500000000000001,0.0,1.4313041841740315e-06,0.0,0.001720201947526645
20270841,slow reversible,0.9,0.0,-5.387066362660953e-06,0.0,-7.556172783473869e-05
20270841,slow reversible,0.9500000000000001,0.0,-1.1931666305309285e-05,0.0,0.0010241272071799257
20270841,slow reversible,1.0,0.0,0.0,0.0,0.0
20270841,"slow reversible, slow ramp",0.0,0.0,0.005095135896127034,0.0,-0.0015012371999205826
20270841,"slow reversible, slow ramp",0.05,0.0,0.004471044972682636,0.0,-0.0006700570345308798
20270841,"slow reversible, slow ramp",0.1,0.0,-0.009919624612279188,0.0,-0.00023699334416282802
20270841,"slow reversible, slow ramp",0.15000000000000002,0.0,-0.0015305045581043841,0.0,0.0002845026110349924
20270841,"slow reversible, slow ramp",0.2,0.0,0.005833413003225096,0.0,0.001308273658584741
20270841,"slow reversible, slow ramp",0.25,0.04166666666666663,0.07639387427052552,-0.04237288135593226,0.03223496244801388
20270841,"slow reversible, slow ramp",0.30000000000000004,0.19166666666666665,0.30473852789690525,-0.19491525423728817,0.12805047650850365
20270841,"slow reversible, slow ramp",0.35000000000000003,0.31666666666666665,0.5221943947798641,-0.3220338983050848,0.2624355521305575
20270841,"slow reversible, slow ramp",0.4,0.3583333333333333,0.5962474331106318,-0.364406779661017,0.2921510629442353
20270841,"slow reversible, slow ramp",0.45,0.3916666666666666,0.652808890537814,-0.39830508474576276,0.3147145141061237
20270841,"slow reversible, slow ramp",0.5,0.3916666666666666,0.6655647146795718,-0.39830508474576276,0.29204632582964574
20270841,"slow reversible, slow ramp",0.55,0.29999999999999993,0.509900205367597,-0.3050847457627119,0.2176826038808478
20270841,"slow reversible, slow ramp",0.6000000000000001,0.10833333333333328,0.1821452614230652,-0.11016949152542373,0.08655108167103898
20270841,"slow reversible, slow ramp",0.65,0.0,-0.0002045883983954333,0.0,0.0004725652072280484
20270841,"slow reversible, slow ramp",0.7000000000000001,0.0,0.00017738894969987484,0.0,-0.0004734945114460709
20270841,"slow reversible, slow ramp",0.75,0.0,-6.463307874238211e-05,0.0,-0.0018418077782129672
20270841,"slow reversible, slow ramp",0.8,0.0,-0.0003160955195029569,0.0,-0.0007787754957290227
20270841,"slow reversible, slow ramp",0.8500000000000001,0.0,0.00010309996638757646,0.0,-0.0021946820285864144
20270841,"slow reversible, slow ramp",0.9,0.0,-4.428018398527911e-05,0.0,-0.0006751807229149476
20270841,"slow reversible, slow ramp",0.9500000000000001,0.0,-0.0002345706091454458,0.0,0.000737209690627405
20270841,"slow reversible, slow ramp",1.0,0.0,0.0,0.0,0.0
20270841,one-way boundary,0.0,0.3916666666666666,0.5713071795682279,-0.39830508474576276,0.2284856171518121
20270841,one-way boundary,0.05,0.3916666666666666,0.5885260839208775,-0.39830508474576276,0.3048726724577342
20270841,one-way boundary,0.1,0.3916666666666666,0.5900946134414907,-0.39830508474576276,0.3526949147318005
20270841,one-way boundary,0.15000000000000002,0.3916666666666666,0.5878553237512927,-0.39830508474576276,0.3754713110686538
20270841,one-way boundary,0.2,0.3916666666666666,0.5921197919724774,-0.39830508474576276,0.38818543991464066
20270841,one-way boundary,0.25,0.3916666666666666,0.6040090981624797,-0.39830508474576276,0.3876004422687678
20270841,one-way boundary,0.30000000000000004,0.3916666666666666,0.6120096680350108,-0.39830508474576276,0.3804989738800011
20270841,one-way boundary,0.35000000000000003,0.3916666666666666,0.6270558372919539,-0.39830508474576276,0.3627653514403929
20270841,one-way boundary,0.4,0.3916666666666666,0.6372054355190202,-0.39830508474576276,0.3424843505048502
20270841,one-way boundary,0.45,0.3916666666666666,0.6534457329314272,-0.39830508474576276,0.31923460192278874
20270841,one-way boundary,0.5,0.3916666666666666,0.6627286592353749,-0.39830508474576276,0.29837126055546437
20270841,one-way boundary,0.55,0.36666666666666664,0.6226178980962445,-0.3728813559322034,0.2604043845955253
20270841,one-way boundary,0.6000000000000001,0.30833333333333335,0.5250600958287425,-0.3135593220338983,0.2151273836460167
20270841,one-way boundary,0.65,0.24166666666666664,0.4077308533955448,-0.24576271186440676,0.14681525035854281
20270841,one-way boundary,0.7000000000000001,0.17499999999999993,0.3105805102291074,-0.17796610169491525,0.10423843103140584
20270841,one-way boundary,0.75,0.125,0.22205201455753631,-0.1271186440677966,0.057534846426240294
20270841,one-way boundary,0.8,0.0,0.00044958781115034263,0.0,0.012620739393006564
20270841,one-way boundary,0.8500000000000001,0.0,-0.00018096915477627817,0.0,0.0016250668762020082
20270841,one-way boundary,0.9,0.0,-8.19728486024518e-05,0.0,-6.693952403635794e-05
20270841,one-way boundary,0.9500000000000001,0.0,-2.3056868342918868e-05,0.0,0.001048406336914387
20270841,one-way boundary,1.0,0.0,0.0,0.0,0.0
20270841,slow reversible + graph reset,0.0,0.0,0.014705185929271392,0.0,0.004674037055145797
20270841,slow reversible + graph reset,0.05,0.0,0.03816769844445972,0.0,0.007954786780014877
20270841,slow reversible + graph reset,0.1,0.0,0.026150359210470764,0.0,0.010326479333369512
20270841,slow reversible + graph reset,0.15000000000000002,0.0,0.014369353740380009,0.0,0.007101012369226473
20270841,slow reversible + graph reset,0.2,0.0,0.011157237869808379,0.0,0.007861261336767844
20270841,slow reversible + graph reset,0.25,0.0,0.005431271086282219,0.0,0.0077599072631719945
20270841,slow reversible + graph reset,0.30000000000000004,0.0,0.000920320191753532,0.0,0.008667469544182516
20270841,slow reversible + graph reset,0.35000000000000003,0.0,0.002950402343011471,0.0,0.0058123141633287245
20270841,slow reversible + graph reset,0.4,0.0,0.0013310897100030639,0.0,0.004249027018365825
20270841,slow reversible + graph reset,0.45,0.0,0.002761784324279537,0.0,0.0029115151076545276
20270841,slow reversible + graph reset,0.5,0.0,-0.0023161132799805473,0.0,0.013376346051634513
20270841,slow reversible + graph reset,0.55,0.3916666666666666,0.6769697832667627,-0.3983050847457627,0.27224445536384956
20270841,slow reversible + graph reset,0.6000000000000001,0.34166666666666656,0.6015911406319824,-0.3474576271186441,0.22358431005050095
20270841,slow reversible + graph reset,0.65,0.29999999999999993,0.520387359713214,-0.3050847457627119,0.17518940866961108
20270841,slow reversible + graph reset,0.7000000000000001,0.23333333333333328,0.41198136538129837,-0.23728813559322035,0.12396614020913588
20270841,slow reversible + graph reset,0.75,0.12499999999999994,0.21962501436809467,-0.1271186440677966,0.06341901444025255
20270841,slow reversible + graph reset,0.8,0.0,0.0002587117333997524,0.0,0.01642924925888045
20270841,slow reversible + graph reset,0.8500000000000001,0.0,1.4313041841740315e-06,0.0,0.001720201947526645
20270841,slow reversible + graph reset,0.9,0.0,-5.387066362660953e-06,0.0,-7.556172783473869e-05
20270841,slow reversible + graph reset,0.9500000000000001,0.0,-1.1931666305309285e-05,0.0,0.0010241272071799257
20270841,slow reversible + graph reset,1.0,0.0,0.0,0.0,0.0
20270842,no rewiring,0.0,0.0,0.028168223771990575,0.0,0.0042666312644469365
20270842,no rewiring,0.05,0.0,0.019472668959466977,0.0,0.009843280160985207
20270842,no rewiring,0.1,0.0,0.02320788453533673,0.0,0.011269767727570545
20270842,no rewiring,0.15000000000000002,0.0,0.015432753537412969,0.0,0.00974854995866642
20270842,no rewiring,0.2,0.0,0.008800293055426234,0.0,0.010918090078336912
20270842,no rewiring,0.25,0.0,0.008301280035351244,0.0,0.006277865688412709
20270842,no rewiring,0.30000000000000004,0.0,0.0060602754517193325,0.0,0.005450100008354386
20270842,no rewiring,0.35000000000000003,0.0,0.005476229959164358,0.0,0.006590635065768791
20270842,no rewiring,0.4,0.0,0.00549132324532059,0.0,0.004248517704442456
20270842,no rewiring,0.45,0.0,0.00015919365259431384,0.0,0.0031036296426837917
20270842,no rewiring,0.5,0.0,0.0008077584992711717,0.0,0.0006200160748426331
20270842,no rewiring,0.55,0.0,0.0012671997632737741,0.0,0.004577671509792713
20270842,no rewiring,0.6000000000000001,0.0,-0.002624286727778369,0.0,0.003569262531738504
20270842,no rewiring,0.65,0.0,0.0007508093303610908,0.0,0.0023736042522406464
20270842,no rewiring,0.7000000000000001,0.0,0.0009453004408559451,0.0,0.0044812481528242465
20270842,no rewiring,0.75,0.0,0.0013074535074441007,0.0,5.482898676212322e-05
20270842,no rewiring,0.8,0.0,-0.0006660158750210754,0.0,0.002686777703433063
20270842,no rewiring,0.8500000000000001,0.0,-0.0009364618783836431,0.0,0.0019997937939347787
20270842,no rewiring,0.9,0.0,-0.00040075139753065203,0.0,0.0023732582660073165
20270842,no rewiring,0.9500000000000001,0.0,-0.00016659885027622834,0.0,0.0012309860940880046
20270842,no rewiring,1.0,0.0,0.0,0.0,0.0
20270842,fast reversible,0.0,0.0,0.001104086636505519,0.0,0.005351553820909016
20270842,fast reversible,0.05,0.0,-5.590704366953414e-05,0.0,0.011750611984882378
20270842,fast reversible,0.1,0.0,0.00813826087306807,0.0,0.014828869925295779
20270842,fast reversible,0.15000000000000002,0.0,0.0022932600272668746,0.0,0.014654510000984639
20270842,fast reversible,0.2,0.0,-0.0030835357133769947,0.0,0.017344540719678142
20270842,fast reversible,0.25,0.0,-0.003492151149797562,0.0,0.014201783353248398
20270842,fast reversible,0.30000000000000004,0.0,-0.00046199580352823677,0.0,0.024272690601301217
20270842,fast reversible,0.35000000000000003,0.09999999999999998,0.13373032707568538,-0.10344827586206895,0.12791009162528594
20270842,fast reversible,0.4,0.30000000000000004,0.47730292650261835,-0.3103448275862069,0.26382707032085684
20270842,fast reversible,0.45,0.3666666666666667,0.6054925693850203,-0.3793103448275862,0.29636507538117224
20270842,fast reversible,0.5,0.3833333333333333,0.6430916672781699,-0.39655172413793105,0.2838085074853345
20270842,fast reversible,0.55,0.3416666666666666,0.5917855674441634,-0.353448275862069,0.2519558875412956
20270842,fast reversible,0.6000000000000001,0.2749999999999999,0.4874256716611845,-0.28448275862068967,0.19573216599241772
20270842,fast reversible,0.65,0.19999999999999996,0.36215437098948355,-0.20689655172413793,0.1294542446984791
20270842,fast reversible,0.7000000000000001,0.09166666666666662,0.16536485253250577,-0.09482758620689655,0.07318663309026752
20270842,fast reversible,0.75,0.0,0.0006301266643783388,0.0,0.015691178274205075
20270842,fast reversible,0.8,0.0,-0.0002212603850201278,0.0,0.0022904107698895615
20270842,fast reversible,0.8500000000000001,0.0,8.586006991828654e-05,0.0,0.0009869403183772052
20270842,fast reversible,0.9,0.0,-0.0002691909159884265,0.0,0.0014375623936526694
20270842,fast reversible,0.9500000000000001,0.0,0.0002010422538569756,0.0,0.00023559540316708816
20270842,fast reversible,1.0,0.0,0.0,0.0,0.0
20270842,"fast reversible, slow ramp",0.0,0.0,-0.008632944502540596,0.0,-0.0001022335045216538
20270842,"fast reversible, slow ramp",0.05,0.0,-0.002867043613622444,0.0,0.0008931716782749344
20270842,"fast reversible, slow ramp",0.1,0.0,-0.015163718717135732,0.0,-0.001907120031387849
20270842,"fast reversible, slow ramp",0.15000000000000002,0.0,-0.004909547429880701,0.0,-0.002657067178503364
20270842,"fast reversible, slow ramp",0.2,0.0,-0.007602797797541638,0.0,-0.0018934151696121393
20270842,"fast reversible, slow ramp",0.25,0.0,-0.004941466957994911,0.0,-0.003110201251489253
20270842,"fast reversible, slow ramp",0.30000000000000004,0.0,-0.005901490389816688,0.0,-0.0025077541315212115
20270842,"fast reversible, slow ramp",0.35000000000000003,0.0,-0.003869409242303723,0.0,-0.0026371575499485878
20270842,"fast reversible, slow ramp",0.4,0.033333333333333326,0.04178257562105686,-0.03448275862068967,0.034667400133890136
20270842,"fast reversible, slow ramp",0.45,0.30833333333333335,0.5113457391601408,-0.31896551724137934,0.23453452445138956
20270842,"fast reversible, slow ramp",0.5,0.4000000000000001,0.667017725673324,-0.41379310344827586,0.29825886774725174
20270842,"fast reversible, slow ramp",0.55,0.3333333333333334,0.5582447139142943,-0.3448275862068966,0.2362357739273091
20270842,"fast reversible, slow ramp",0.6000000000000001,0.2,0.3285070610257139,-0.20689655172413793,0.14305816777034708
20270842,"fast reversible, slow ramp",0.65,0.0,-1.7561116028019796e-07,0.0,0.0006971450978016103
20270842,"fast reversible, slow ramp",0.7000000000000001,0.0,4.59652144690903e-06,0.0,3.865898232646714e-06
20270842,"fast reversible, slow ramp",0.75,0.0,-1.6035287490945294e-05,0.0,-0.0002724398574078801
20270842,"fast reversible, slow ramp",0.8,0.0,1.5703502063146857e-06,0.0,0.0019146835006451646
20270842,"fast reversible, slow ramp",0.8500000000000001,0.0,-1.883909304933873e-05,0.0,0.0004989031345796757
20270842,"fast reversible, slow ramp",0.9,0.0,2.031067313956747e-05,0.0,0.001739340169302217
20270842,"fast reversible, slow ramp",0.9500000000000001,0.0,-1.048375988943473e-05,0.0,0.00017686535362726463
20270842,"fast reversible, slow ramp",1.0,0.0,0.0,0.0,0.0
20270842,slow reversible,0.0,0.025000000000000022,0.03412267640650929,-0.025862068965517238,0.011468730948665823
20270842,slow reversible,0.05,0.09999999999999998,0.12969290273743594,-0.10344827586206895,0.042270673051444135
20270842,slow reversible,0.1,0.15000000000000002,0.213896810861685,-0.15517241379310343,0.07093658384095122
20270842,slow reversible,0.15000000000000002,0.15833333333333333,0.21741449748006947,-0.16379310344827586,0.0930913215355342
20270842,slow reversible,0.2,0.20000000000000007,0.26760005949523286,-0.20689655172413793,0.14958045215076607
20270842,slow reversible,0.25,0.2416666666666667,0.34479578174034964,-0.25,0.20452084099796142
20270842,slow reversible,0.30000000000000004,0.30000000000000004,0.45016732416683436,-0.3103448275862069,0.2588821400378102
20270842,slow reversible,0.35000000000000003,0.32500000000000007,0.5102070620254848,-0.33620689655172414,0.2855732165008202
20270842,slow reversible,0.4,0.375,0.603856636876138,-0.3879310344827586,0.3199214603869366
20270842,slow reversible,0.45,0.39166666666666666,0.6414810901929703,-0.4051724137931034,0.3161424700760908
20270842,slow reversible,0.5,0.39166666666666666,0.6552553431055705,-0.4051724137931034,0.29037784175724346
20270842,slow reversible,0.55,0.35,0.5863329153488772,-0.3620689655172414,0.2536864453301293
20270842,slow reversible,0.6000000000000001,0.3083333333333333,0.5333556206216482,-0.3189655172413793,0.20114142128632873
20270842,slow reversible,0.65,0.24166666666666664,0.4260393424266007,-0.25,0.1599827784147957
20270842,slow reversible,0.7000000000000001,0.1833333333333333,0.3195551624451526,-0.18965517241379312,0.10489817410999547
20270842,slow reversible,0.75,0.0666666666666666,0.1198223983020652,-0.06896551724137931,0.04631112216720812
20270842,slow reversible,0.8,0.0,-0.0003152458386835866,0.0,0.0038291318386838302
20270842,slow reversible,0.8500000000000001,0.0,4.5285919372695105e-05,0.0,0.0010133601612881682
20270842,slow reversible,0.9,0.0,0.0001582315923990274,0.0,0.0014377726034754401
20270842,slow reversible,0.9500000000000001,0.0,-0.00012162871748644388,0.0,0.00020483826911799063
20270842,slow reversible,1.0,0.0,0.0,0.0,0.0
20270842,"slow reversible, slow ramp",0.0,0.0,0.044263463286789595,0.0,0.0027379915393252463
20270842,"slow reversible, slow ramp",0.05,0.0,0.017252908697633074,0.0,0.004100711911387903
20270842,"slow reversible, slow ramp",0.1,0.0,0.019103721571632037,0.0,0.00412188094331617
20270842,"slow reversible, slow ramp",0.15000000000000002,0.0,0.02062103223572792,0.0,0.003723344284559643
20270842,"slow reversible, slow ramp",0.2,0.0,0.014550849607839034,0.0,0.006237834921880819
20270842,"slow reversible, slow ramp",0.25,0.07500000000000007,0.13924123954124917,-0.07758620689655171,0.053622852318884195
20270842,"slow reversible, slow ramp",0.30000000000000004,0.15000000000000002,0.2560024217043327,-0.15517241379310343,0.1129188138416905
20270842,"slow reversible, slow ramp",0.35000000000000003,0.25833333333333336,0.4052142301219648,-0.26724137931034486,0.19977787625050752
20270842,"slow reversible, slow ramp",0.4,0.2916666666666667,0.46589797395922355,-0.3017241379310345,0.235594934727489
20270842,"slow reversible, slow ramp",0.45,0.3583333333333334,0.5874096717944903,-0.3706896551724138,0.2776217974911993
20270842,"slow reversible, slow ramp",0.5,0.39166666666666666,0.6530035756319886,-0.4051724137931034,0.2908311344962696
20270842,"slow reversible, slow ramp",0.55,0.3083333333333333,0.5164201959922784,-0.3189655172413793,0.2238610053883282
20270842,"slow reversible, slow ramp",0.6000000000000001,0.1333333333333333,0.22280018511107336,-0.13793103448275862,0.09971826717231413
20270842,"slow reversible, slow ramp",0.65,0.0,-0.00011695542140333082,0.0,0.00026694379007830005
20270842,"slow reversible, slow ramp",0.7000000000000001,0.0,0.00019254682517844124,0.0,1.2944778269630142e-05
20270842,"slow reversible, slow ramp",0.75,0.0,-7.40164969025292e-05,0.0,-0.0002625969675013051
20270842,"slow reversible, slow ramp",0.8,0.0,4.2923666719651976e-05,0.0,0.0018874907842422184
20270842,"slow reversible, slow ramp",0.8500000000000001,0.0,-0.00015664811440940785,0.0,0.00048465933664354477
20270842,"slow reversible, slow ramp",0.9,0.0,2.9182457183529742e-05,0.0,0.001755154982983953
20270842,"slow reversible, slow ramp",0.9500000000000001,0.0,8.072694546834569e-05,0.0,0.00017933195826047577
20270842,"slow reversible, slow ramp",1.0,0.0,0.0,0.0,0.0
20270842,one-way boundary,0.0,0.39166666666666666,0.5503362814773676,-0.4051724137931034,0.23059428043917735
20270842,one-way boundary,0.05,0.39166666666666666,0.5592199336928592,-0.4051724137931034,0.30633564827413595
20270842,one-way boundary,0.1,0.39166666666666666,0.5691997769268944,-0.4051724137931034,0.35187286967468967
20270842,one-way boundary,0.15000000000000002,0.39166666666666666,0.570661783992503,-0.4051724137931034,0.3748125655410892
20270842,one-way boundary,0.2,0.39166666666666666,0.5774373182042885,-0.4051724137931034,0.3858252047856293
20270842,one-way boundary,0.25,0.39166666666666666,0.5874472715684287,-0.4051724137931034,0.37938401220908013
20270842,one-way boundary,0.30000000000000004,0.39166666666666666,0.5999730250208772,-0.4051724137931034,0.37065791019945926
20270842,one-way boundary,0.35000000000000003,0.39166666666666666,0.6134140899888938,-0.4051724137931034,0.35685355679196135
20270842,one-way boundary,0.4,0.39166666666666666,0.6290658636161321,-0.4051724137931034,0.3363064625781711
20270842,one-way boundary,0.45,0.39166666666666666,0.6416015037232349,-0.4051724137931034,0.31401322914284074
20270842,one-way boundary,0.5,0.39166666666666666,0.6552612819046502,-0.4051724137931034,0.28838163706537456
20270842,one-way boundary,0.55,0.36666666666666664,0.6261528250139258,-0.3793103448275862,0.25567640788728974
20270842,one-way boundary,0.6000000000000001,0.3166666666666666,0.5662898450843878,-0.3275862068965517,0.20866587401227443
20270842,one-way boundary,0.65,0.27499999999999997,0.4911263449838601,-0.2844827586206896,0.16747772440633069
20270842,one-way boundary,0.7000000000000001,0.21666666666666662,0.3923319509751587,-0.22413793103448276,0.12093894497370972
20270842,one-way boundary,0.75,0.12499999999999994,0.23136591816083107,-0.12931034482758622,0.06161992087214685
20270842,one-way boundary,0.8,0.00833333333333336,0.015381325408404756,-0.008620689655172414,0.012735832178494277
20270842,one-way boundary,0.8500000000000001,0.0,-0.00026284637543383393,0.0,0.001290876494197235
20270842,one-way boundary,0.9,0.0,-0.00016172978006567806,0.0,0.0014288004436640023
20270842,one-way boundary,0.9500000000000001,0.0,3.5013893705970744e-05,0.0,0.00021999418680895833
20270842,one-way boundary,1.0,0.0,0.0,0.0,0.0
20270842,slow reversible + graph reset,0.0,0.0,0.02816822394699564,0.0,0.004266631450174495
20270842,slow reversible + graph reset,0.05,0.0,0.01947266951276755,0.0,0.009843280286166517
20270842,slow reversible + graph reset,0.1,0.0,0.023207886018020818,0.0,0.011269768160337867
20270842,slow reversible + graph reset,0.15000000000000002,0.0,0.015432757840578348,0.0,0.009748551283301127
20270842,slow reversible + graph reset,0.2,0.0,0.008800306702875238,0.0,0.010918094886205765
20270842,slow reversible + graph reset,0.25,0.0,0.008301336900855882,0.0,0.006277886570532187
20270842,slow reversible + graph reset,0.30000000000000004,0.0,0.006060581669097398,0.0,0.005450239139386415
20270842,slow reversible + graph reset,0.35000000000000003,0.0,0.005478397840109839,0.0,0.0065919834405310795
20270842,slow reversible + graph reset,0.4,0.0,0.0055096602676544815,0.0,0.004266547922761876
20270842,slow reversible + graph reset,0.45,0.0,0.00031578272433591126,0.0,0.0034239870524745974
20270842,slow reversible + graph reset,0.5,0.0,0.0005898900762176251,0.0,0.008238790670475171
20270842,slow reversible + graph reset,0.55,0.35,0.5863329153488772,-0.3620689655172414,0.2536864453301293
20270842,slow reversible + graph reset,0.6000000000000001,0.3083333333333333,0.5333556206216482,-0.3189655172413793,0.20114142128632873
20270842,slow reversible + graph reset,0.65,0.24166666666666664,0.4260393424266007,-0.25,0.1599827784147957
20270842,slow reversible + graph reset,0.7000000000000001,0.1833333333333333,0.3195551624451526,-0.18965517241379312,0.10489817410999547
20270842,slow reversible + graph reset,0.75,0.0666666666666666,0.1198223983020652,-0.06896551724137931,0.04631112216720812
20270842,slow reversible + graph reset,0.8,0.0,-0.0003152458386835866,0.0,0.0038291318386838302
20270842,slow reversible + graph reset,0.8500000000000001,0.0,4.5285919372695105e-05,0.0,0.0010133601612881682
20270842,slow reversible + graph reset,0.9,0.0,0.0001582315923990274,0.0,0.0014377726034754401
20270842,slow reversible + graph reset,0.9500000000000001,0.0,-0.00012162871748644388,0.0,0.00020483826911799063
20270842,slow reversible + graph reset,1.0,0.0,0.0,0.0,0.0
20270843,no rewiring,0.0,0.0,0.038422621830169146,0.0,0.007072004193717486
20270843,no rewiring,0.05,0.0,0.021939115845271306,0.0,0.007361675873675436
20270843,no rewiring,0.1,0.0,0.008520400918286153,0.0,0.007306299801387445
20270843,no rewiring,0.15000000000000002,0.0,0.007827742183530606,0.0,0.008573783212156433
20270843,no rewiring,0.2,0.0,0.009921218150486577,0.0,0.007229698238650439
20270843,no rewiring,0.25,0.0,0.0032153675604998933,0.0,0.00804803113734498
20270843,no rewiring,0.30000000000000004,0.0,0.002312358666486436,0.0,0.004042435157544544
20270843,no rewiring,0.35000000000000003,0.0,-0.0006203328505522965,0.0,0.006485521010659079
20270843,no rewiring,0.4,0.0,0.0034337863853458606,0.0,0.002061660463329562
20270843,no rewiring,0.45,0.0,-0.0003656792361638739,0.0,0.005235595320063957
20270843,no rewiring,0.5,0.0,0.00021754594812978256,0.0,0.0020879522128880446
20270843,no rewiring,0.55,0.0,0.0017771911812335395,0.0,0.0031227512315311623
20270843,no rewiring,0.6000000000000001,0.0,0.0021396601867918474,0.0,0.0024112910434119783
20270843,no rewiring,0.65,0.0,-0.002645812276592663,0.0,0.0032158776339215045
20270843,no rewiring,0.7000000000000001,0.0,-0.00042614170932658846,0.0,0.0014590626021565578
20270843,no rewiring,0.75,0.0,-0.00028161042836061245,0.0,-2.6422922683067007e-05
20270843,no rewiring,0.8,0.0,-0.0013395184063807464,0.0,0.000512904760716304
20270843,no rewiring,0.8500000000000001,0.0,0.0017477937525836318,0.0,0.0013477607789420532
20270843,no rewiring,0.9,0.0,-0.0021180448435360877,0.0,0.002271801666593354
20270843,no rewiring,0.9500000000000001,0.0,0.00017780405580331005,0.0,0.0004413856455272036
20270843,no rewiring,1.0,0.0,0.0,0.0,0.0
20270843,fast reversible,0.0,0.0,0.07924129247538425,0.0,0.007824196394090967
20270843,fast reversible,0.05,0.0,0.0647134222319764,0.0,0.00916146130665911
20270843,fast reversible,0.1,0.0,0.0546574711526448,0.0,0.009166368903928218
20270843,fast reversible,0.15000000000000002,0.0,0.054288379830501665,0.0,0.010385371180761771
20270843,fast reversible,0.2,0.0,0.04987938743498621,0.0,0.008619493739305567
20270843,fast reversible,0.25,0.0,0.041399682504025426,0.0,0.00959974026334215
20270843,fast reversible,0.30000000000000004,0.0,0.02547975363824556,0.0,0.026311447840675573
20270843,fast reversible,0.35000000000000003,0.16666666666666669,0.2820187980724514,-0.17241379310344826,0.16354403179916915
20270843,fast reversible,0.4,0.30000000000000004,0.515871754715047,-0.3103448275862069,0.27588767902338673
20270843,fast reversible,0.45,0.375,0.6530963590283666,-0.3879310344827586,0.3074072356555726
20270843,fast reversible,0.5,0.4000000000000001,0.7027814582810611,-0.41379310344827586,0.2979537978315602
20270843,fast reversible,0.55,0.37500000000000006,0.6655131946075554,-0.3879310344827586,0.26528332729415927
20270843,fast reversible,0.6000000000000001,0.2833333333333334,0.49783938977390196,-0.29310344827586204,0.1962874537651338
20270843,fast reversible,0.65,0.25000000000000006,0.44438605578267953,-0.25862068965517243,0.15182620498780453
20270843,fast reversible,0.7000000000000001,0.15000000000000008,0.2655507452103125,-0.15517241379310345,0.08615480812881582
20270843,fast reversible,0.75,0.0,4.064249161617184e-05,0.0,0.00718351482735613
20270843,fast reversible,0.8,0.0,9.38134360461973e-06,0.0,-0.0004788019818838807
20270843,fast reversible,0.8500000000000001,0.0,-2.005356877998743e-05,0.0,0.0002491645582231028
20270843,fast reversible,0.9,0.0,1.04580959038314e-05,0.0,0.001254159451758996
20270843,fast reversible,0.9500000000000001,0.0,-6.970436435826954e-07,0.0,-0.0006231814045467576
20270843,fast reversible,1.0,0.0,0.0,0.0,0.0
20270843,"fast reversible, slow ramp",0.0,0.0,0.1055005434420434,0.0,0.004110100019609833
20270843,"fast reversible, slow ramp",0.05,0.0,0.11799027728434075,0.0,0.007323005538101987
20270843,"fast reversible, slow ramp",0.1,0.0,0.12676833162620754,0.0,0.011017738329443943
20270843,"fast reversible, slow ramp",0.15000000000000002,0.0,0.11326993991962286,0.0,0.010374716976947723
20270843,"fast reversible, slow ramp",0.2,0.0,0.11362539760076568,0.0,0.010277980299463113
20270843,"fast reversible, slow ramp",0.25,0.0,0.10502887671102806,0.0,0.011095771341951388
20270843,"fast reversible, slow ramp",0.30000000000000004,0.0,0.10010966189690051,0.0,0.008396352316707045
20270843,"fast reversible, slow ramp",0.35000000000000003,0.0,0.09325121695999311,0.0,0.007147343710666554
20270843,"fast reversible, slow ramp",0.4,0.0,0.08244205700132573,0.0,0.005624909198624295
20270843,"fast reversible, slow ramp",0.45,0.16666666666666669,0.3309285758834818,-0.17241379310344826,0.11718071109705769
20270843,"fast reversible, slow ramp",0.5,0.39166666666666666,0.6903638613180515,-0.4051724137931034,0.2867588530472218
20270843,"fast reversible, slow ramp",0.55,0.3,0.5337821452169582,-0.3103448275862069,0.22090704641825354
20270843,"fast reversible, slow ramp",0.6000000000000001,0.14999999999999997,0.26528429675776033,-0.15517241379310345,0.11415541361887638
20270843,"fast reversible, slow ramp",0.65,0.0,-6.675392883626063e-05,0.0,0.00032385785381805476
20270843,"fast reversible, slow ramp",0.7000000000000001,0.0,0.00020097564630017217,0.0,-0.0006387208118615595
20270843,"fast reversible, slow ramp",0.75,0.0,-0.0005463673775021327,0.0,-0.00020858846734628234
20270843,"fast reversible, slow ramp",0.8,0.0,0.0001363383073090807,0.0,-0.0009023583940471758
20270843,"fast reversible, slow ramp",0.8500000000000001,0.0,-2.5799399696047054e-05,0.0,-0.003468571773651452
20270843,"fast reversible, slow ramp",0.9,0.0,-1.640596234320224e-05,0.0,0.00012113131042146286
20270843,"fast reversible, slow ramp",0.9500000000000001,0.0,0.00040679730789794366,0.0,-0.0006947552333017581
20270843,"fast reversible, slow ramp",1.0,0.0,0.0,0.0,0.0
20270843,slow reversible,0.0,0.15833333333333333,0.3078290486113339,-0.16379310344827586,0.050291271202008776
20270843,slow reversible,0.05,0.22499999999999998,0.3888046002029375,-0.23275862068965517,0.11375130393888104
20270843,slow reversible,0.1,0.2666666666666667,0.44094880306614903,-0.27586206896551724,0.1777531341587101
20270843,slow reversible,0.15000000000000002,0.2833333333333333,0.4675874932967859,-0.29310344827586204,0.2308787160340558
20270843,slow reversible,0.2,0.31666666666666665,0.5245208687032377,-0.3275862068965517,0.29298568420653326
20270843,slow reversible,0.25,0.3416666666666667,0.569297209585564,-0.35344827586206895,0.31516120290233446
20270843,slow reversible,0.30000000000000004,0.35,0.59008790856886,-0.3620689655172414,0.3189268052112165
20270843,slow reversible,0.35000000000000003,0.3583333333333334,0.6107514188223253,-0.3706896551724138,0.32586844945548016
20270843,slow reversible,0.4,0.375,0.6439570272206121,-0.3879310344827586,0.3182591038105813
20270843,slow reversible,0.45,0.3833333333333333,0.6656801254971647,-0.39655172413793105,0.31399838357731014
20270843,slow reversible,0.5,0.39166666666666666,0.6890503334629355,-0.4051724137931034,0.29017536979073033
20270843,slow reversible,0.55,0.3833333333333333,0.6838710400179056,-0.396551724137931,0.26389059750997423
20270843,slow reversible,0.6000000000000001,0.35,0.6242013044495153,-0.3620689655172414,0.22468871471768392
20270843,slow reversible,0.65,0.3,0.5329276175084305,-0.3103448275862069,0.17679023805954364
20270843,slow reversible,0.7000000000000001,0.22499999999999998,0.4035105442874082,-0.2327586206896552,0.12415636783511719
20270843,slow reversible,0.75,0.09166666666666662,0.16411577988306314,-0.09482758620689655,0.05472864985291637
20270843,slow reversible,0.8,0.0,-0.00019186783307612032,0.0,0.003163588441319476
20270843,slow reversible,0.8500000000000001,0.0,0.00013622640512833684,0.0,0.0004071460934635951
20270843,slow reversible,0.9,0.0,-0.00019552226589469868,0.0,0.0012824420562819183
20270843,slow reversible,0.9500000000000001,0.0,-0.00012097717453740664,0.0,-0.0005913362893654739
20270843,slow reversible,1.0,0.0,0.0,0.0,0.0
20270843,"slow reversible, slow ramp",0.0,0.0,0.08391382904841255,0.0,0.0026701748438549555
20270843,"slow reversible, slow ramp",0.05,0.0,0.08708604970243194,0.0,0.004052865909148343
20270843,"slow reversible, slow ramp",0.1,0.0,0.09681896012077373,0.0,0.0067115144019058715
20270843,"slow reversible, slow ramp",0.15000000000000002,0.0,0.09507245673360365,0.0,0.00646224927975822
20270843,"slow reversible, slow ramp",0.2,0.033333333333333326,0.13530767667641946,-0.03448275862068967,0.02302819991557442
20270843,"slow reversible, slow ramp",0.25,0.125,0.2699341558484996,-0.1293103448275862,0.0882780320907336
20270843,"slow reversible, slow ramp",0.30000000000000004,0.2416666666666667,0.42924581071965273,-0.25,0.17672227174885524
20270843,"slow reversible, slow ramp",0.35000000000000003,0.2833333333333333,0.4889402376565848,-0.29310344827586204,0.2161729773725643
20270843,"slow reversible, slow ramp",0.4,0.35,0.6022018238572873,-0.3620689655172414,0.285548905705863
20270843,"slow reversible, slow ramp",0.45,0.39166666666666666,0.6799905545709092,-0.4051724137931034,0.31192017943358125
20270843,"slow reversible, slow ramp",0.5,0.39166666666666666,0.68877789116622,-0.4051724137931034,0.28709136015793546
20270843,"slow reversible, slow ramp",0.55,0.28333333333333327,0.488735983186272,-0.29310344827586204,0.21209261406482482
20270843,"slow reversible, slow ramp",0.6000000000000001,0.10833333333333334,0.1838244957995665,-0.11206896551724138,0.08455095307940597
20270843,"slow reversible, slow ramp",0.65,0.0,6.454656198817688e-05,0.0,-0.0004886057835919999
20270843,"slow reversible, slow ramp",0.7000000000000001,0.0,-6.543713211371038e-05,0.0,-0.0006422398457889278
20270843,"slow reversible, slow ramp",0.75,0.0,0.0001464900368313149,0.0,-0.00017195242957246393
20270843,"slow reversible, slow ramp",0.8,0.0,0.00018510183364783828,0.0,-0.000901516772714217
20270843,"slow reversible, slow ramp",0.8500000000000001,0.0,0.0001270253624073847,0.0,-0.003450093300780499
20270843,"slow reversible, slow ramp",0.9,0.0,0.0002723060676969036,0.0,0.00011914809611013322
20270843,"slow reversible, slow ramp",0.9500000000000001,0.0,-0.00031179478095655355,0.0,-0.0007000476026132185
20270843,"slow reversible, slow ramp",1.0,0.0,0.0,0.0,0.0
20270843,one-way boundary,0.0,0.39166666666666666,0.6409768727451977,-0.4051724137931034,0.23339802975419235
20270843,one-way boundary,0.05,0.39166666666666666,0.6321399249747044,-0.4051724137931034,0.30385651355467297
20270843,one-way boundary,0.1,0.39166666666666666,0.6239597390789311,-0.4051724137931034,0.3488165871784694
20270843,one-way boundary,0.15000000000000002,0.39166666666666666,0.6300380452185852,-0.4051724137931034,0.37511441770952664
20270843,one-way boundary,0.2,0.39166666666666666,0.6377737215819889,-0.4051724137931034,0.3843331557503078
20270843,one-way boundary,0.25,0.39166666666666666,0.6421858321779896,-0.4051724137931034,0.3842845382494828
20270843,one-way boundary,0.30000000000000004,0.39166666666666666,0.6500125732420615,-0.4051724137931034,0.3703884145209718
20270843,one-way boundary,0.35000000000000003,0.39166666666666666,0.6600718201008513,-0.4051724137931034,0.35823551013845306
20270843,one-way boundary,0.4,0.39166666666666666,0.6715601260664841,-0.4051724137931034,0.33514985752863347
20270843,one-way boundary,0.45,0.39166666666666666,0.6809231201335942,-0.4051724137931034,0.31698875503204593
20270843,one-way boundary,0.5,0.39166666666666666,0.6895780205037564,-0.4051724137931034,0.289347457422366
20270843,one-way boundary,0.55,0.36666666666666664,0.6616560130633493,-0.3793103448275862,0.25476974758778237
20270843,one-way boundary,0.6000000000000001,0.3333333333333333,0.6034568063501435,-0.3448275862068965,0.2169404481311813
20270843,one-way boundary,0.65,0.24999999999999994,0.45141484249511854,-0.2586206896551724,0.15647090791175167
20270843,one-way boundary,0.7000000000000001,0.20833333333333331,0.3752825632630622,-0.21551724137931036,0.10531967628717709
20270843,one-way boundary,0.75,0.12499999999999994,0.22602912765107475,-0.12931034482758622,0.059016147506350536
20270843,one-way boundary,0.8,0.05833333333333329,0.10506883683755708,-0.06034482758620689,0.027802999600075262
20270843,one-way boundary,0.8500000000000001,0.0,-0.0001365250030498366,0.0,0.0029299437740352152
20270843,one-way boundary,0.9,0.0,-9.388188020409416e-05,0.0,0.001352005824105107
20270843,one-way boundary,0.9500000000000001,0.0,-0.00022387870086049144,0.0,-0.0005952144417064043
20270843,one-way boundary,1.0,0.0,0.0,0.0,0.0
20270843,slow reversible + graph reset,0.0,0.0,0.038422621782012834,0.0,0.007072003567572115
20270843,slow reversible + graph reset,0.05,0.0,0.02193911533609727,0.0,0.0073616759765083445
20270843,slow reversible + graph reset,0.1,0.0,0.00852039898242185,0.0,0.007306300220026485
20270843,slow reversible + graph reset,0.15000000000000002,0.0,0.007827736853858458,0.0,0.008573784481029578
20270843,slow reversible + graph reset,0.2,0.0,0.009921206013455919,0.0,0.00722970216282684
20270843,slow reversible + graph reset,0.25,0.0,0.0032153461956156426,0.0,0.00804804675531079
20270843,slow reversible + graph reset,0.30000000000000004,0.0,0.002312368787649288,0.0,0.004042540881978807
20270843,slow reversible + graph reset,0.35000000000000003,0.0,-0.0006196019385122931,0.0,0.006486645835930394
20270843,slow reversible + graph reset,0.4,0.0,0.003443460529146347,0.0,0.0020785166227624274
20270843,slow reversible + graph reset,0.45,0.0,-0.0002594209374087164,0.0,0.005558710219636609
20270843,slow reversible + graph reset,0.5,0.0,0.000204745734801004,0.0,0.009941331617265625
20270843,slow reversible + graph reset,0.55,0.3833333333333333,0.6838710400179056,-0.396551724137931,0.26389059750997423
20270843,slow reversible + graph reset,0.6000000000000001,0.35,0.6242013044495153,-0.3620689655172414,0.22468871471768392
20270843,slow reversible + graph reset,0.65,0.3,0.5329276175084305,-0.3103448275862069,0.17679023805954364
20270843,slow reversible + graph reset,0.7000000000000001,0.22499999999999998,0.4035105442874082,-0.2327586206896552,0.12415636783511719
20270843,slow reversible + graph reset,0.75,0.09166666666666662,0.16411577988306314,-0.09482758620689655,0.05472864985291637
20270843,slow reversible + graph reset,0.8,0.0,-0.00019186783307612032,0.0,0.003163588441319476
20270843,slow reversible + graph reset,0.8500000000000001,0.0,0.00013622640512833684,0.0,0.0004071460934635951
20270843,slow reversible + graph reset,0.9,0.0,-0.00019552226589469868,0.0,0.0012824420562819183
20270843,slow reversible + graph reset,0.9500000000000001,0.0,-0.00012097717453740664,0.0,-0.0005913362893654739
20270843,slow reversible + graph reset,1.0,0.0,0.0,0.0,0.0
20270844,no rewiring,0.0,0.0,0.03908208127783802,0.0,0.006352432220646652
20270844,no rewiring,0.05,0.0,0.03288570611157804,0.0,0.011048994479741323
20270844,no rewiring,0.1,0.0,0.02705724849051039,0.0,0.012014983229169857
20270844,no rewiring,0.15000000000000002,0.0,0.022324608606247354,0.0,0.011599910656212603
20270844,no rewiring,0.2,0.0,0.01477123325789198,0.0,0.01072948163361892
20270844,no rewiring,0.25,0.0,0.006110718864296538,0.0,0.010037715202862008
20270844,no rewiring,0.30000000000000004,0.0,0.0048764518221965925,0.0,0.007492378517711451
20270844,no rewiring,0.35000000000000003,0.0,0.007116796350788157,0.0,0.0071357112019531654
20270844,no rewiring,0.4,0.0,0.0008837376138772779,0.0,0.004405864569027695
20270844,no rewiring,0.45,0.0,0.0002518652899628493,0.0,0.0034001655893196037
20270844,no rewiring,0.5,0.0,0.0012150176600514428,0.0,0.00496596006560357
20270844,no rewiring,0.55,0.0,0.0010504051627533428,0.0,0.0040194389628886995
20270844,no rewiring,0.6000000000000001,0.0,2.3515906834026268e-05,0.0,0.0021615523733001796
20270844,no rewiring,0.65,0.0,0.0016543417044755926,0.0,0.002928584720188865
20270844,no rewiring,0.7000000000000001,0.0,0.0007093532790406476,0.0,0.0020655101419874144
20270844,no rewiring,0.75,0.0,7.241777050998044e-05,0.0,0.0021918540684958687
20270844,no rewiring,0.8,0.0,-0.0026336498680309406,0.0,0.003284025010201641
20270844,no rewiring,0.8500000000000001,0.0,5.028528366224361e-05,0.0,0.001286311211703306
20270844,no rewiring,0.9,0.0,-0.0018790568364024929,0.0,0.0032364254387242664
20270844,no rewiring,0.9500000000000001,0.0,-0.0008922749597295165,0.0,0.0015721348809609736
20270844,no rewiring,1.0,0.0,0.0,0.0,0.0
20270844,fast reversible,0.0,0.0,0.01562408456766029,0.0,0.0059787099132220245
20270844,fast reversible,0.05,0.0,0.025896564853900794,0.0,0.010976578932776496
20270844,fast reversible,0.1,0.0,0.009881581472134748,0.0,0.011092331124713611
20270844,fast reversible,0.15000000000000002,0.0,0.004019853885244951,0.0,0.010607745278424369
20270844,fast reversible,0.2,0.0,0.0026125674913798913,0.0,0.01184440892816116
20270844,fast reversible,0.25,0.0,-0.006862568647365452,0.0,0.013479462877916126
20270844,fast reversible,0.30000000000000004,0.00833333333333336,-0.01681067593705371,-0.008547008547008517,0.04279977926102829
20270844,fast reversible,0.35000000000000003,0.1166666666666667,0.14903756834849835,-0.11965811965811962,0.11677480482006347
20270844,fast reversible,0.4,0.24166666666666672,0.33994502606171295,-0.24786324786324784,0.2358408374250771
20270844,fast reversible,0.45,0.35,0.5411585342060454,-0.358974358974359,0.29266848351427965
20270844,fast reversible,0.5,0.3999999999999999,0.6430676184605568,-0.41025641025641024,0.30315489060007106
20270844,fast reversible,0.55,0.34166666666666656,0.5572688484929985,-0.3504273504273504,0.2510506357795972
20270844,fast reversible,0.6000000000000001,0.31666666666666654,0.5198858364700207,-0.3247863247863248,0.2077287431296404
20270844,fast reversible,0.65,0.2583333333333332,0.43766231159134183,-0.26495726495726496,0.1625106509284342
20270844,fast reversible,0.7000000000000001,0.19999999999999996,0.3436231688187805,-0.20512820512820512,0.1112961351136802
20270844,fast reversible,0.75,0.10833333333333328,0.1925318353924762,-0.1111111111111111,0.058087880104666256
20270844,fast reversible,0.8,0.0,0.00011693195656792277,0.0,0.012930748840900508
20270844,fast reversible,0.8500000000000001,0.0,2.4975703306839847e-05,0.0,0.0004870274456086898
20270844,fast reversible,0.9,0.0,9.674417648319888e-06,0.0,0.0023386076740241624
20270844,fast reversible,0.9500000000000001,0.0,-1.6861482582064546e-05,0.0,0.0005021752620038011
20270844,fast reversible,1.0,0.0,0.0,0.0,0.0
20270844,"fast reversible, slow ramp",0.0,0.0,-0.030111871743503604,0.0,-0.003149375335640657
20270844,"fast reversible, slow ramp",0.05,0.0,-0.025434196337435544,0.0,-0.0016231264142928248
20270844,"fast reversible, slow ramp",0.1,0.0,-0.0333263442990927,0.0,-0.0012843194988110818
20270844,"fast reversible, slow ramp",0.15000000000000002,0.0,-0.035007756746177066,0.0,-0.0028836076882693684
20270844,"fast reversible, slow ramp",0.2,0.0,-0.03364268042643437,0.0,-0.0034861023396236257
20270844,"fast reversible, slow ramp",0.25,0.0,-0.03371096299605403,0.0,-0.0031750668045240626
20270844,"fast reversible, slow ramp",0.30000000000000004,0.0,-0.03648531318382142,0.0,-0.004015059221825101
20270844,"fast reversible, slow ramp",0.35000000000000003,0.0,-0.03283167548117527,0.0,-0.002458403400733944
20270844,"fast reversible, slow ramp",0.4,0.0,-0.030147764161954416,0.0,0.0028693192774765786
20270844,"fast reversible, slow ramp",0.45,0.17500000000000007,0.25353420552404443,-0.17948717948717946,0.1380561041418023
20270844,"fast reversible, slow ramp",0.5,0.3916666666666666,0.6279701972938305,-0.40170940170940167,0.29151897337091304
20270844,"fast reversible, slow ramp",0.55,0.32499999999999996,0.5650874279594293,-0.3333333333333333,0.23814028415808575
20270844,"fast reversible, slow ramp",0.6000000000000001,0.1333333333333333,0.2256655517390509,-0.13675213675213677,0.10346865411339845
20270844,"fast reversible, slow ramp",0.65,0.0,3.003195330442132e-05,0.0,0.0005119138856697347
20270844,"fast reversible, slow ramp",0.7000000000000001,0.0,8.377291362826611e-07,0.0,0.0010420838328728532
20270844,"fast reversible, slow ramp",0.75,0.0,-0.00015911023283388115,0.0,0.0014506589171705553
20270844,"fast reversible, slow ramp",0.8,0.0,0.0001521278324907449,0.0,0.0008217190044486067
20270844,"fast reversible, slow ramp",0.8500000000000001,0.0,-0.00016250632330538917,0.0,0.0008173455853159872
20270844,"fast reversible, slow ramp",0.9,0.0,6.730572958579817e-05,0.0,0.00028973591277925426
20270844,"fast reversible, slow ramp",0.9500000000000001,0.0,-5.64173342447738e-05,0.0,0.0020388184746953364
20270844,"fast reversible, slow ramp",1.0,0.0,0.0,0.0,0.0
20270844,slow reversible,0.0,0.07500000000000001,0.09389263620860155,-0.07692307692307693,0.01893768734752565
20270844,slow reversible,0.05,0.125,0.1709534181698248,-0.1282051282051282,0.056347313418374234
20270844,slow reversible,0.1,0.16666666666666666,0.20989156995069802,-0.17094017094017092,0.1043576294524248
20270844,slow reversible,0.15000000000000002,0.225,0.29987757912215884,-0.23076923076923075,0.16296296485129066
20270844,slow reversible,0.2,0.275,0.3723876419053061,-0.28205128205128205,0.2288542329843967
20270844,slow reversible,0.25,0.31666666666666665,0.4351417438800135,-0.32478632478632474,0.2800057804563632
20270844,slow reversible,0.30000000000000004,0.35,0.4952266134518977,-0.358974358974359,0.3367683948490652
20270844,slow reversible,0.35000000000000003,0.3916666666666666,0.5835118701274828,-0.40170940170940167,0.356944593877128
20270844,slow reversible,0.4,0.3916666666666666,0.5957026063166497,-0.40170940170940167,0.33911586649426395
20270844,slow reversible,0.45,0.3916666666666666,0.6107784963913452,-0.40170940170940167,0.32462874548098597
20270844,slow reversible,0.5,0.3999999999999999,0.6430666971284658,-0.41025641025641024,0.3031431859525753
20270844,slow reversible,0.55,0.3833333333333332,0.632717634663664,-0.39316239316239315,0.2672852965347984
20270844,slow reversible,0.6000000000000001,0.31666666666666654,0.5470562008153651,-0.3247863247863248,0.21342865351596407
20270844,slow reversible,0.65,0.2666666666666666,0.4725216671705873,-0.27350427350427353,0.1618793978328169
20270844,slow reversible,0.7000000000000001,0.16666666666666663,0.3007822847063336,-0.17094017094017094,0.10681793224296732
20270844,slow reversible,0.75,0.04166666666666663,0.07568534126313764,-0.042735042735042736,0.036223370693033274
20270844,slow reversible,0.8,0.0,-5.4964691643677455e-06,0.0,0.003938359345400322
20270844,slow reversible,0.8500000000000001,0.0,1.0707551826194539e-05,0.0,0.00020760220987636746
20270844,slow reversible,0.9,0.0,1.2016873546794038e-05,0.0,0.002326651209348718
20270844,slow reversible,0.9500000000000001,0.0,-1.2833155774938376e-05,0.0,0.0005095419496443654
20270844,slow reversible,1.0,0.0,0.0,0.0,0.0
20270844,"slow reversible, slow ramp",0.0,0.0,-0.026233179442207544,0.0,-0.002701828363905333
20270844,"slow reversible, slow ramp",0.05,0.0,-0.021685820693017055,0.0,-0.0009316687372124405
20270844,"slow reversible, slow ramp",0.1,0.0,-0.03324077907875855,0.0,0.0007027866380116821
20270844,"slow reversible, slow ramp",0.15000000000000002,0.0,-0.03257749667481297,0.0,-0.0004142420458382867
20270844,"slow reversible, slow ramp",0.2,0.0,-0.031018825309167664,0.0,-0.00012014794046014132
20270844,"slow reversible, slow ramp",0.25,0.033333333333333326,0.013226515214202372,-0.03418803418803418,0.01709156223654984
20270844,"slow reversible, slow ramp",0.30000000000000004,0.16666666666666666,0.21880483760580205,-0.17094017094017092,0.12011417987584305
20270844,"slow reversible, slow ramp",0.35000000000000003,0.25,0.37337942245905165,-0.2564102564102564,0.1823737284462698
20270844,"slow reversible, slow ramp",0.4,0.31666666666666665,0.4782536182675571,-0.32478632478632474,0.2546962372470126
20270844,"slow reversible, slow ramp",0.45,0.3916666666666666,0.6131180907464389,-0.40170940170940167,0.31283156459919376
20270844,"slow reversible, slow ramp",0.5,0.3916666666666666,0.6271819325272219,-0.40170940170940167,0.29297797674062875
20270844,"slow reversible, slow ramp",0.55,0.2833333333333333,0.4650353639538657,-0.29059829059829057,0.21873894201050315
20270844,"slow reversible, slow ramp",0.6000000000000001,0.10833333333333328,0.18083517306526042,-0.11111111111111112,0.08447362455140262
20270844,"slow reversible, slow ramp",0.65,0.0,0.0002851693485319551,0.0,-3.014197170547739e-05
20270844,"slow reversible, slow ramp",0.7000000000000001,0.0,-1.7239325239226666e-05,0.0,0.0010087263442628558
20270844,"slow reversible, slow ramp",0.75,0.0,4.527691687272739e-05,0.0,0.0014764579157390267
20270844,"slow reversible, slow ramp",0.8,0.0,-0.0001530828286676611,0.0,0.0008097258791959216
20270844,"slow reversible, slow ramp",0.8500000000000001,0.0,7.822592295481101e-05,0.0,0.0008338248991848207
20270844,"slow reversible, slow ramp",0.9,0.0,-9.88269082015103e-05,0.0,0.00030110875036248874
20270844,"slow reversible, slow ramp",0.9500000000000001,0.0,0.00012344837514599583,0.0,0.002043889922093478
20270844,"slow reversible, slow ramp",1.0,0.0,0.0,0.0,0.0
20270844,one-way boundary,0.0,0.3999999999999999,0.5406276596555742,-0.41025641025641024,0.24632825560809304
20270844,one-way boundary,0.05,0.3999999999999999,0.5508453126114681,-0.41025641025641024,0.3204475267333805
20270844,one-way boundary,0.1,0.3999999999999999,0.5457530809446836,-0.41025641025641024,0.36351699993578523
20270844,one-way boundary,0.15000000000000002,0.3999999999999999,0.5516088415208349,-0.41025641025641024,0.3859374649326349
20270844,one-way boundary,0.2,0.3999999999999999,0.5581961028858697,-0.41025641025641024,0.3954043129304562
20270844,one-way boundary,0.25,0.3999999999999999,0.5651802118670648,-0.41025641025641024,0.3936766852468719
20270844,one-way boundary,0.30000000000000004,0.3999999999999999,0.5785311003332458,-0.41025641025641024,0.3819755095028847
20270844,one-way boundary,0.35000000000000003,0.3999999999999999,0.5965143458784371,-0.41025641025641024,0.36884831445023386
20270844,one-way boundary,0.4,0.3999999999999999,0.6089946881056859,-0.41025641025641024,0.34877865546757514
20270844,one-way boundary,0.45,0.3999999999999999,0.6260470818983733,-0.41025641025641024,0.3265608883641027
20270844,one-way boundary,0.5,0.3999999999999999,0.64306765851488,-0.41025641025641024,0.30313878980881637
20270844,one-way boundary,0.55,0.3833333333333332,0.6390107503141151,-0.39316239316239315,0.270068643134348
20270844,one-way boundary,0.6000000000000001,0.34166666666666656,0.5766727985540004,-0.3504273504273504,0.22557418063439283
20270844,one-way boundary,0.65,0.2833333333333332,0.48700282719408716,-0.2905982905982906,0.17709068252820614
20270844,one-way boundary,0.7000000000000001,0.20833333333333326,0.3662610505563759,-0.21367521367521367,0.127056449573693
20270844,one-way boundary,0.75,0.11666666666666659,0.20454300757396737,-0.11965811965811966,0.07464874594330073
20270844,one-way boundary,0.8,0.0,7.881899507478085e-05,0.0,0.012734030115008843
20270844,one-way boundary,0.8500000000000001,0.0,1.6923277043612295e-05,0.0,0.0004724727169653775
20270844,one-way boundary,0.9,0.0,9.355046953096746e-06,0.0,0.002337320617893046
20270844,one-way boundary,0.9500000000000001,0.0,-1.0266207128295513e-05,0.0,0.0004989501552543629
20270844,one-way boundary,1.0,0.0,0.0,0.0,0.0
20270844,slow reversible + graph reset,0.0,0.0,0.03908208063591523,0.0,0.0063524307858138715
20270844,slow reversible + graph reset,0.05,0.0,0.03288570329219154,0.0,0.01104899129059378
20270844,slow reversible + graph reset,0.1,0.0,0.027057237664145972,0.0,0.012014978009939281
20270844,slow reversible + graph reset,0.15000000000000002,0.0,0.022324566006508617,0.0,0.01159989120924007
20270844,slow reversible + graph reset,0.2,0.0,0.014771070353676585,0.0,0.010729385655249751
20270844,slow reversible + graph reset,0.25,0.0,0.006110128658523506,0.0,0.01003735173275544
20270844,slow reversible + graph reset,0.30000000000000004,0.0,0.0048745913793173945,0.0,0.007491188359771028
20270844,slow reversible + graph reset,0.35000000000000003,0.0,0.007112158844608751,0.0,0.007133386982943246
20270844,slow reversible + graph reset,0.4,0.0,0.0008771159985089261,0.0,0.004412872155884651
20270844,slow reversible + graph reset,0.45,0.0,0.00029372740543448517,0.0,0.0037552220489696087
20270844,slow reversible + graph reset,0.5,0.0,0.000400116319604793,0.0,0.012766116110379255
20270844,slow reversible + graph reset,0.55,0.3833333333333332,0.632717634663664,-0.39316239316239315,0.2672852965347984
20270844,slow reversible + graph reset,0.6000000000000001,0.31666666666666654,0.5470562008153651,-0.3247863247863248,0.21342865351596407
20270844,slow reversible + graph reset,0.65,0.2666666666666666,0.4725216671705873,-0.27350427350427353,0.1618793978328169
20270844,slow reversible + graph reset,0.7000000000000001,0.16666666666666663,0.3007822847063336,-0.17094017094017094,0.10681793224296732
20270844,slow reversible + graph reset,0.75,0.04166666666666663,0.07568534126313764,-0.042735042735042736,0.036223370693033274
20270844,slow reversible + graph reset,0.8,0.0,-5.4964691643677455e-06,0.0,0.003938359345400322
20270844,slow reversible + graph reset,0.8500000000000001,0.0,1.0707551826194539e-05,0.0,0.00020760220987636746
20270844,slow reversible + graph reset,0.9,0.0,1.2016873546794038e-05,0.0,0.002326651209348718
20270844,slow reversible + graph reset,0.9500000000000001,0.0,-1.2833155774938376e-05,0.0,0.0005095419496443654
20270844,slow reversible + graph reset,1.0,0.0,0.0,0.0,0.0
20270845,no rewiring,0.0,0.0,0.02545842642438001,0.0,0.0019285464008748435
20270845,no rewiring,0.05,0.0,0.010877265001272951,0.0,0.00851898423944264
20270845,no rewiring,0.1,0.0,0.013552649995639432,0.0,0.00825944009343399
20270845,no rewiring,0.15000000000000002,0.0,0.013707492263005994,0.0,0.007486372811992853
20270845,no rewiring,0.2,0.0,0.011744829003731194,0.0,0.0078027933315701625
20270845,no rewiring,0.25,0.0,0.007342573204272673,0.0,0.007685839958214424
20270845,no rewiring,0.30000000000000004,0.0,0.003347166391696854,0.0,0.004691843731059631
20270845,no rewiring,0.35000000000000003,0.0,0.0042844159316735575,0.0,0.00439356501349919
20270845,no rewiring,0.4,0.0,0.0020413632162748496,0.0,0.006311325468629558
20270845,no rewiring,0.45,0.0,0.0016085972338791277,0.0,0.0033048896567951513
20270845,no rewiring,0.5,0.0,0.0012704133267412154,0.0,0.005244512652428757
20270845,no rewiring,0.55,0.0,0.00023334083798315364,0.0,0.002669230384587884
20270845,no rewiring,0.6000000000000001,0.0,-0.00039057666899594556,0.0,0.0016119344612113284
20270845,no rewiring,0.65,0.0,-0.001019710136850649,0.0,0.004530068027743472
20270845,no rewiring,0.7000000000000001,0.0,0.0015697196032080085,0.0,0.0026757249789076676
20270845,no rewiring,0.75,0.0,0.0007710757672600987,0.0,0.002454914671133568
20270845,no rewiring,0.8,0.0,-0.0021355669877251016,0.0,0.0026572899989950605
20270845,no rewiring,0.8500000000000001,0.0,-0.0015460237999667947,0.0,9.259675988138039e-05
20270845,no rewiring,0.9,0.0,-0.0007984354091606638,0.0,9.085660294994025e-05
20270845,no rewiring,0.9500000000000001,0.0,-0.0009089034703365917,0.0,-0.00069458150050139
20270845,no rewiring,1.0,0.0,0.0,0.0,0.0
20270845,fast reversible,0.0,0.0,0.014133646356171092,0.0,0.003103145975835671
20270845,fast reversible,0.05,0.0,0.010418965436338135,0.0,0.011262419610186786
20270845,fast reversible,0.1,0.0,0.010867188350283552,0.0,0.012111891902682193
20270845,fast reversible,0.15000000000000002,0.0,0.004053832588136574,0.0,0.013501066937049694
20270845,fast reversible,0.2,0.0,-0.0006782071877320384,0.0,0.01485437562506714
20270845,fast reversible,0.25,0.0,0.000631262474237948,0.0,0.016795808254042477
20270845,fast reversible,0.30000000000000004,0.0,-0.01619431051538689,0.0,0.03949065533715018
20270845,fast reversible,0.35000000000000003,0.16666666666666663,0.263441619391868,-0.16949152542372883,0.1608077410162847
20270845,fast reversible,0.4,0.27499999999999997,0.4509320708093819,-0.2796610169491526,0.2505158737269828
20270845,fast reversible,0.45,0.3666666666666666,0.6047852985296214,-0.3728813559322034,0.29941247561745743
20270845,fast reversible,0.5,0.3999999999999999,0.6728018004706191,-0.4067796610169492,0.30536545145840843
20270845,fast reversible,0.55,0.3916666666666666,0.6656053918843721,-0.3983050847457627,0.2744643841789499
20270845,fast reversible,0.6000000000000001,0.3666666666666666,0.6455736596397741,-0.3728813559322034,0.23349401920059742
20270845,fast reversible,0.65,0.29999999999999993,0.532362911562267,-0.3050847457627119,0.18743823974835505
20270845,fast reversible,0.7000000000000001,0.23333333333333328,0.40946421589576976,-0.23728813559322035,0.124686114001612
20270845,fast reversible,0.75,0.1499999999999999,0.2654054292919307,-0.15254237288135594,0.08130295590314707
20270845,fast reversible,0.8,0.04999999999999993,0.09004701045772823,-0.05084745762711865,0.03055327110117223
20270845,fast reversible,0.8500000000000001,0.0,3.102631887796914e-05,0.0,0.0008368060776832165
20270845,fast reversible,0.9,0.0,3.903723826492733e-05,0.0,-0.0009912233110818125
20270845,fast reversible,0.9500000000000001,0.0,1.602277277645836e-05,0.0,-0.0017679606666264336
20270845,fast reversible,1.0,0.0,0.0,0.0,0.0
20270845,"fast reversible, slow ramp",0.0,0.0,-0.004439793199149666,0.0,-0.001693087154877912
20270845,"fast reversible, slow ramp",0.05,0.0,-0.028167646803627433,0.0,0.00014116620114820733
20270845,"fast reversible, slow ramp",0.1,0.0,-0.021571652742381042,0.0,0.0023453595869142585
20270845,"fast reversible, slow ramp",0.15000000000000002,0.0,-0.019563964678023904,0.0,0.0034041849223800658
20270845,"fast reversible, slow ramp",0.2,0.0,-0.015806988681645373,0.0,0.0005856814476636052
20270845,"fast reversible, slow ramp",0.25,0.0,-0.019057415041023484,0.0,0.003114015445162044
20270845,"fast reversible, slow ramp",0.30000000000000004,0.0,-0.015663268790988283,0.0,0.0015449521010828526
20270845,"fast reversible, slow ramp",0.35000000000000003,0.0,-0.01624266096195154,0.0,0.0021435711823771797
20270845,"fast reversible, slow ramp",0.4,0.0,-0.020158324894396173,0.0,0.013761877039988324
20270845,"fast reversible, slow ramp",0.45,0.2583333333333333,0.4242041366761734,-0.2627118644067797,0.18440546556438098
20270845,"fast reversible, slow ramp",0.5,0.3999999999999999,0.6709255790871698,-0.4067796610169492,0.2996030112432413
20270845,"fast reversible, slow ramp",0.55,0.3583333333333333,0.6039616018317553,-0.3644067796610169,0.2509497701792607
20270845,"fast reversible, slow ramp",0.6000000000000001,0.20833333333333326,0.3716557184862722,-0.211864406779661,0.15237235051096676
20270845,"fast reversible, slow ramp",0.65,0.0,2.233977217969141e-05,0.0,0.0017402986595849157
20270845,"fast reversible, slow ramp",0.7000000000000001,0.0,-1.8216845696361617e-06,0.0,-0.001957060041730241
20270845,"fast reversible, slow ramp",0.75,0.0,9.61421221346015e-06,0.0,-0.0005343101978345643
20270845,"fast reversible, slow ramp",0.8,0.0,2.3808653330625873e-05,0.0,0.0013031037794323241
20270845,"fast reversible, slow ramp",0.8500000000000001,0.0,1.1214649419777345e-05,0.0,0.0011754339538958547
20270845,"fast reversible, slow ramp",0.9,0.0,-1.5528322574565045e-05,0.0,-0.0003693220346712156
20270845,"fast reversible, slow ramp",0.9500000000000001,0.0,6.314973455490147e-06,0.0,0.00013820578109891013
20270845,"fast reversible, slow ramp",1.0,0.0,0.0,0.0,0.0
20270845,slow reversible,0.0,0.033333333333333326,0.0942030446043603,-0.03389830508474578,0.01144449893373576
20270845,slow reversible,0.05,0.09999999999999998,0.14375609492304736,-0.1016949152542373,0.05073908925460675
20270845,slow reversible,0.1,0.16666666666666663,0.26007364801666766,-0.16949152542372883,0.0924462030852837
20270845,slow reversible,0.15000000000000002,0.19999999999999996,0.3105840690303247,-0.2033898305084746,0.14560719325478205
20270845,slow reversible,0.2,0.2583333333333333,0.39660803632468705,-0.2627118644067797,0.22379017855237376
20270845,slow reversible,0.25,0.31666666666666665,0.4837092367804558,-0.3220338983050848,0.286823236816664
20270845,slow reversible,0.30000000000000004,0.3416666666666667,0.5294183301017302,-0.3474576271186441,0.32014658546514474
20270845,slow reversible,0.35000000000000003,0.3583333333333333,0.5706563248003205,-0.364406779661017,0.3248816186772161
20270845,slow reversible,0.4,0.375,0.6056878387735053,-0.38135593220338987,0.33522541661588945
20270845,slow reversible,0.45,0.3916666666666666,0.64646875149083,-0.39830508474576276,0.3189782635808971
20270845,slow reversible,0.5,0.3916666666666666,0.6591046912542451,-0.39830508474576276,0.2977164108407876
20270845,slow reversible,0.55,0.375,0.6434801518401875,-0.38135593220338987,0.26279451229617035
20270845,slow reversible,0.6000000000000001,0.2833333333333333,0.49986417333729644,-0.288135593220339,0.19808096121769903
20270845,slow reversible,0.65,0.24166666666666664,0.4200286992211071,-0.24576271186440676,0.14831573202276382
20270845,slow reversible,0.7000000000000001,0.16666666666666663,0.28909323371701645,-0.1694915254237288,0.09516695493679528
20270845,slow reversible,0.75,0.05833333333333335,0.101708294668164,-0.059322033898305086,0.043321762916557316
20270845,slow reversible,0.8,0.0,-8.521302669994846e-05,0.0,0.005497695700788063
20270845,slow reversible,0.8500000000000001,0.0,0.00010266772559397452,0.0,-0.0007301111319961695
20270845,slow reversible,0.9,0.0,-0.00019650638259760544,0.0,-0.0009900367904152052
20270845,slow reversible,0.9500000000000001,0.0,-0.00010894958535423438,0.0,-0.0017425659974150687
20270845,slow reversible,1.0,0.0,0.0,0.0,0.0
20270845,"slow reversible, slow ramp",0.0,0.0,0.025968679044144016,0.0,-0.0005802572067129669
20270845,"slow reversible, slow ramp",0.05,0.0,0.020361947866408103,0.0,0.003041842431642572
20270845,"slow reversible, slow ramp",0.1,0.0,0.02299000964299358,0.0,0.006198784132241508
20270845,"slow reversible, slow ramp",0.15000000000000002,0.0,0.021891823025154356,0.0,0.007986819366122555
20270845,"slow reversible, slow ramp",0.2,0.0,0.023618891643941264,0.0,0.005572753389446933
20270845,"slow reversible, slow ramp",0.25,0.10833333333333328,0.1842233538965956,-0.11016949152542377,0.07212478814348006
20270845,"slow reversible, slow ramp",0.30000000000000004,0.16666666666666663,0.2783337644211857,-0.16949152542372883,0.12316251231258679
20270845,"slow reversible, slow ramp",0.35000000000000003,0.2666666666666666,0.4324306380045315,-0.27118644067796616,0.2154990253874285
20270845,"slow reversible, slow ramp",0.4,0.31666666666666665,0.5233036531325095,-0.3220338983050848,0.2529138106974239
20270845,"slow reversible, slow ramp",0.45,0.3666666666666666,0.609452132661593,-0.3728813559322034,0.2899222603445033
20270845,"slow reversible, slow ramp",0.5,0.3999999999999999,0.670923992364358,-0.4067796610169492,0.2996503748459518
20270845,"slow reversible, slow ramp",0.55,0.33333333333333326,0.5595480138304845,-0.3389830508474576,0.24508322083744927
20270845,"slow reversible, slow ramp",0.6000000000000001,0.15833333333333333,0.2718304612774064,-0.16101694915254236,0.12049133974435755
20270845,"slow reversible, slow ramp",0.65,0.0,2.3668408077770486e-05,0.0,-5.680753021941598e-05
20270845,"slow reversible, slow ramp",0.7000000000000001,0.0,-9.598125601528729e-06,0.0,-0.001922188844361239
20270845,"slow reversible, slow ramp",0.75,0.0,8.237324811255498e-06,0.0,-0.0005273184819847287
20270845,"slow reversible, slow ramp",0.8,0.0,2.138432391995959e-05,0.0,0.0013243118767438666
20270845,"slow reversible, slow ramp",0.8500000000000001,0.0,1.4756699099338633e-05,0.0,0.0011772180976198365
20270845,"slow reversible, slow ramp",0.9,0.0,-1.6767581915266838e-05,0.0,-0.0003747978412181885
20270845,"slow reversible, slow ramp",0.9500000000000001,0.0,3.8009539741201692e-06,0.0,0.00013470865081577355
20270845,"slow reversible, slow ramp",1.0,0.0,0.0,0.0,0.0
20270845,one-way boundary,0.0,0.3999999999999999,0.5945242829921008,-0.4067796610169492,0.24483575917479558
20270845,one-way boundary,0.05,0.3999999999999999,0.5887589456558411,-0.4067796610169492,0.3255832037816847
20270845,one-way boundary,0.1,0.3999999999999999,0.5941747764881613,-0.4067796610169492,0.3691765459389198
20270845,one-way boundary,0.15000000000000002,0.3999999999999999,0.6003240163003856,-0.4067796610169492,0.3919075258868453
20270845,one-way boundary,0.2,0.3999999999999999,0.6071699887734003,-0.4067796610169492,0.40043696333779694
20270845,one-way boundary,0.25,0.3999999999999999,0.6151637368441485,-0.4067796610169492,0.39906764382090354
20270845,one-way boundary,0.30000000000000004,0.3999999999999999,0.6233220688260772,-0.4067796610169492,0.3860599063367288
20270845,one-way boundary,0.35000000000000003,0.3999999999999999,0.6355691209098999,-0.4067796610169492,0.3705974335900517
20270845,one-way boundary,0.4,0.3999999999999999,0.6483521287829614,-0.4067796610169492,0.3531243529738528
20270845,one-way boundary,0.45,0.3999999999999999,0.6597819079579024,-0.4067796610169492,0.32776405529484554
20270845,one-way boundary,0.5,0.3999999999999999,0.6728029287639627,-0.4067796610169492,0.3054060905840582
20270845,one-way boundary,0.55,0.37499999999999994,0.6387591482925828,-0.3813559322033898,0.26897155308853726
20270845,one-way boundary,0.6000000000000001,0.33333333333333326,0.5780959147076568,-0.3389830508474576,0.2239331428492557
20270845,one-way boundary,0.65,0.2749999999999999,0.4831165579731702,-0.2796610169491525,0.1741489369398468
20270845,one-way boundary,0.7000000000000001,0.19166666666666665,0.3374937879925034,-0.19491525423728814,0.11574075825790009
20270845,one-way boundary,0.75,0.08333333333333326,0.14969068323954304,-0.0847457627118644,0.05162378028336445
20270845,one-way boundary,0.8,0.0,2.9640951431320062e-05,0.0,0.0051007606139705786
20270845,one-way boundary,0.8500000000000001,0.0,2.7892856670597155e-05,0.0,-0.0007961022912477134
20270845,one-way boundary,0.9,0.0,3.108784264660436e-05,0.0,-0.001012668811944395
20270845,one-way boundary,0.9500000000000001,0.0,8.502484272088218e-06,0.0,-0.0017661120999165059
20270845,one-way boundary,1.0,0.0,0.0,0.0,0.0
20270845,slow reversible + graph reset,0.0,0.0,0.025458426400372436,0.0,0.0019285463424697502
20270845,slow reversible + graph reset,0.05,0.0,0.01087726487631796,0.0,0.008518984101849605
20270845,slow reversible + graph reset,0.1,0.0,0.013552649659738847,0.0,0.008259439789313955
20270845,slow reversible + graph reset,0.15000000000000002,0.0,0.013707491519246662,0.0,0.0074863722195068205
20270845,slow reversible + graph reset,0.2,0.0,0.0117448283880901,0.0,0.007802792666012026
20270845,slow reversible + graph reset,0.25,0.0,0.007342580562855638,0.0,0.007685849832617719
20270845,slow reversible + graph reset,0.30000000000000004,0.0,0.003347265746767636,0.0,0.004691944086810784
20270845,slow reversible + graph reset,0.35000000000000003,0.0,0.004285474583843929,0.0,0.004394760977534384
20270845,slow reversible + graph reset,0.4,0.0,0.002053096725817105,0.0,0.006328843843715792
20270845,slow reversible + graph reset,0.45,0.0,0.0017298402010177405,0.0,0.0036260493019971696
20270845,slow reversible + graph reset,0.5,0.0,0.0012763234619266317,0.0,0.012858955892376955
20270845,slow reversible + graph reset,0.55,0.375,0.6434801518401875,-0.38135593220338987,0.26279451229617035
20270845,slow reversible + graph reset,0.6000000000000001,0.2833333333333333,0.49986417333729644,-0.288135593220339,0.19808096121769903
20270845,slow reversible + graph reset,0.65,0.24166666666666664,0.4200286992211071,-0.24576271186440676,0.14831573202276382
20270845,slow reversible + graph reset,0.7000000000000001,0.16666666666666663,0.28909323371701645,-0.1694915254237288,0.09516695493679528
20270845,slow reversible + graph reset,0.75,0.05833333333333335,0.101708294668164,-0.059322033898305086,0.043321762916557316
20270845,slow reversible + graph reset,0.8,0.0,-8.521302669994846e-05,0.0,0.005497695700788063
20270845,slow reversible + graph reset,0.8500000000000001,0.0,0.00010266772559397452,0.0,-0.0007301111319961695
20270845,slow reversible + graph reset,0.9,0.0,-0.00019650638259760544,0.0,-0.0009900367904152052
20270845,slow reversible + graph reset,0.9500000000000001,0.0,-0.00010894958535423438,0.0,-0.0017425659974150687
20270845,slow reversible + graph reset,1.0,0.0,0.0,0.0,0.0
20270846,no rewiring,0.0,0.0,-0.005076461080032013,0.0,0.003181962783339591
20270846,no rewiring,0.05,0.0,0.03213365679001362,0.0,0.006090934534570214
20270846,no rewiring,0.1,0.0,0.02744526338636849,0.0,0.006579033639308021
20270846,no rewiring,0.15000000000000002,0.0,0.010325529233767672,0.0,0.0068170882091936336
20270846,no rewiring,0.2,0.0,0.007026772144664961,0.0,0.006896793818588126
20270846,no rewiring,0.25,0.0,0.005348889313562477,0.0,0.004197258653084679
20270846,no rewiring,0.30000000000000004,0.0,0.00023508335762523203,0.0,0.005630699160031283
20270846,no rewiring,0.35000000000000003,0.0,-0.0011189770115717645,0.0,0.004745492664863793
20270846,no rewiring,0.4,0.0,0.0014203246997256946,0.0,0.00529938171469746
20270846,no rewiring,0.45,0.0,-0.0014646057813841318,0.0,0.004865494809407067
20270846,no rewiring,0.5,0.0,0.00045878096350143727,0.0,0.004240477591332947
20270846,no rewiring,0.55,0.0,-0.0001423965547605599,0.0,0.0033074011409507387
20270846,no rewiring,0.6000000000000001,0.0,0.002235510801170071,0.0,0.0023276056659587985
20270846,no rewiring,0.65,0.0,-0.0013671497836444946,0.0,0.0012260631235770925
20270846,no rewiring,0.7000000000000001,0.0,0.0001640894870926224,0.0,0.0020480413131233055
20270846,no rewiring,0.75,0.0,-0.0010655957363965851,0.0,0.0022397006330648894
20270846,no rewiring,0.8,0.0,0.00017352735274653308,0.0,0.002645365293726498
20270846,no rewiring,0.8500000000000001,0.0,-0.0016867824821199529,0.0,0.0015178366728036963
20270846,no rewiring,0.9,0.0,-0.0012257204198979077,0.0,0.0024529624521828497
20270846,no rewiring,0.9500000000000001,0.0,-0.0016201589148031048,0.0,0.00034084566147651874
20270846,no rewiring,1.0,0.0,0.0,0.0,0.0
20270846,fast reversible,0.0,0.0,0.03184444999120001,0.0,0.0047038972948794736
20270846,fast reversible,0.05,0.0,0.0611569681314027,0.0,0.009149638765794221
20270846,fast reversible,0.1,0.0,0.06259391170141382,0.0,0.01182094096626081
20270846,fast reversible,0.15000000000000002,0.0,0.05329689348548844,0.0,0.013662137983469907
20270846,fast reversible,0.2,0.0,0.049166998902940906,0.0,0.01484037313214781
20270846,fast reversible,0.25,0.0,0.04512865382980247,0.0,0.013569357736653687
20270846,fast reversible,0.30000000000000004,0.0,0.0319355475113241,0.0,0.03577342304346187
20270846,fast reversible,0.35000000000000003,0.1666666666666667,0.3218837026655475,-0.17699115044247787,0.15747203370187612
20270846,fast reversible,0.4,0.30000000000000004,0.5286041868408036,-0.3185840707964602,0.25527490314377255
20270846,fast reversible,0.45,0.3583333333333334,0.6323318063421529,-0.3805309734513274,0.29490252299543857
20270846,fast reversible,0.5,0.3916666666666667,0.699103776642072,-0.415929203539823,0.2966885822823363
20270846,fast reversible,0.55,0.3666666666666667,0.6507635090282309,-0.3893805309734513,0.25809589803791977
20270846,fast reversible,0.6000000000000001,0.32500000000000007,0.5813953938989705,-0.34513274336283184,0.21837514957244242
20270846,fast reversible,0.65,0.2583333333333333,0.46933955420739437,-0.2743362831858407,0.1586787393035024
20270846,fast reversible,0.7000000000000001,0.15000000000000002,0.2732709653016495,-0.15929203539823011,0.09954196349610855
20270846,fast reversible,0.75,0.008333333333333304,0.016128371420027432,-0.008849557522123894,0.03079641624106344
20270846,fast reversible,0.8,0.0,0.00041136648041584234,0.0,0.002802823809090804
20270846,fast reversible,0.8500000000000001,0.0,4.7024770417181116e-05,0.0,0.000516285494187585
20270846,fast reversible,0.9,0.0,0.00015678274544583815,0.0,0.001411849066707993
20270846,fast reversible,0.9500000000000001,0.0,-0.0002003364930824869,0.0,-0.0007095842814166531
20270846,fast reversible,1.0,0.0,0.0,0.0,0.0
20270846,"fast reversible, slow ramp",0.0,0.0,0.05289398387899785,0.0,-0.000758161913027737
20270846,"fast reversible, slow ramp",0.05,0.0,0.008049539468134637,0.0,0.0018194280755572945
20270846,"fast reversible, slow ramp",0.1,0.0,0.029740438707374695,0.0,0.006512763777888841
20270846,"fast reversible, slow ramp",0.15000000000000002,0.0,0.020182585724300872,0.0,0.0034716811314705054
20270846,"fast reversible, slow ramp",0.2,0.0,0.017733802745417804,0.0,0.0049540360978267695
20270846,"fast reversible, slow ramp",0.25,0.0,0.020160557067567086,0.0,0.005506121812337339
20270846,"fast reversible, slow ramp",0.30000000000000004,0.0,0.01949269902157269,0.0,0.008368549477775267
20270846,"fast reversible, slow ramp",0.35000000000000003,0.0,0.025539391934451927,0.0,0.006547143799982502
20270846,"fast reversible, slow ramp",0.4,0.041666666666666685,0.10138677249317901,-0.04424778761061948,0.04524541543074989
20270846,"fast reversible, slow ramp",0.45,0.2666666666666667,0.47706537871591537,-0.2831858407079646,0.20275476451932783
20270846,"fast reversible, slow ramp",0.5,0.4,0.7105276952210526,-0.4247787610619469,0.301337742070829
20270846,"fast reversible, slow ramp",0.55,0.32499999999999996,0.5728083946616286,-0.34513274336283184,0.2398797680927336
20270846,"fast reversible, slow ramp",0.6000000000000001,0.18333333333333335,0.3187868115494302,-0.19469026548672566,0.1297788653642491
20270846,"fast reversible, slow ramp",0.65,0.0,1.7014184277686084e-05,0.0,0.007418586340548594
20270846,"fast reversible, slow ramp",0.7000000000000001,0.0,-3.465192467488887e-05,0.0,-0.0015317493039717078
20270846,"fast reversible, slow ramp",0.75,0.0,-2.2379743378930783e-05,0.0,0.0005777071799900613
20270846,"fast reversible, slow ramp",0.8,0.0,2.9031341568397373e-05,0.0,-0.0014082429344501879
20270846,"fast reversible, slow ramp",0.8500000000000001,0.0,4.7707613087810685e-06,0.0,-0.0007470381391189163
20270846,"fast reversible, slow ramp",0.9,0.0,-1.9176894250350074e-06,0.0,-0.0006881536948534217
20270846,"fast reversible, slow ramp",0.9500000000000001,0.0,-2.4479362704332708e-05,0.0,-0.00013514118926660768
20270846,"fast reversible, slow ramp",1.0,0.0,0.0,0.0,0.0
20270846,slow reversible,0.0,0.18333333333333332,0.3044290118395794,-0.19469026548672566,0.049319682359599326
20270846,slow reversible,0.05,0.21666666666666665,0.36882179328405923,-0.23008849557522124,0.10525560850600887
20270846,slow reversible,0.1,0.2583333333333334,0.44214833680439203,-0.2743362831858407,0.16380937489074093
20270846,slow reversible,0.15000000000000002,0.2833333333333333,0.4777966604677104,-0.3008849557522124,0.2400629673223733
20270846,slow reversible,0.2,0.3500000000000001,0.5832267063037131,-0.37168141592920356,0.3270119958559899
20270846,slow reversible,0.25,0.3583333333333334,0.5952301870402518,-0.3805309734513274,0.352914259562534
20270846,slow reversible,0.30000000000000004,0.3833333333333334,0.6380223997074752,-0.4070796460176991,0.3804905618310508
20270846,slow reversible,0.35000000000000003,0.4,0.6761724432489427,-0.4247787610619469,0.37325893172946967
20270846,slow reversible,0.4,0.4,0.6891940349372064,-0.4247787610619469,0.3541255788862443
20270846,slow reversible,0.45,0.4,0.7004674554180836,-0.4247787610619469,0.3307455930353172
20270846,slow reversible,0.5,0.4,0.7129979231968682,-0.4247787610619469,0.3046448231988871
20270846,slow reversible,0.55,0.3833333333333333,0.6863519814215991,-0.40707964601769914,0.2698535739399688
20270846,slow reversible,0.6000000000000001,0.3583333333333333,0.6422152077158582,-0.3805309734513274,0.22951938463499144
20270846,slow reversible,0.65,0.31666666666666665,0.5666646570607736,-0.336283185840708,0.18382523896441416
20270846,slow reversible,0.7000000000000001,0.23333333333333328,0.41803623157971637,-0.24778761061946902,0.12907254075499364
20270846,slow reversible,0.75,0.1166666666666667,0.20970381786119052,-0.12389380530973451,0.0661738986660464
20270846,slow reversible,0.8,0.04166666666666663,0.07585719599058882,-0.04424778761061947,0.02601162272874269
20270846,slow reversible,0.8500000000000001,0.0,1.1317159235413321e-05,0.0,0.0014650131821070111
20270846,slow reversible,0.9,0.0,1.7970939780731499e-06,0.0,0.001399887004056466
20270846,slow reversible,0.9500000000000001,0.0,-1.2447814568994353e-05,0.0,-0.0007369226955863395
20270846,slow reversible,1.0,0.0,0.0,0.0,0.0
20270846,"slow reversible, slow ramp",0.0,0.0,0.08883602319154782,0.0,-1.9688817336147024e-05
20270846,"slow reversible, slow ramp",0.05,0.0,0.06005409818008006,0.0,0.0030204954905227177
20270846,"slow reversible, slow ramp",0.1,0.0,0.06949905611728535,0.0,0.007585440728089532
20270846,"slow reversible, slow ramp",0.15000000000000002,0.0,0.0664776332494546,0.0,0.005522573781132578
20270846,"slow reversible, slow ramp",0.2,0.0,0.05718062704055615,0.0,0.006444780280570328
20270846,"slow reversible, slow ramp",0.25,0.050000000000000044,0.11932777203255629,-0.053097345132743334,0.03609863056498652
20270846,"slow reversible, slow ramp",0.30000000000000004,0.20833333333333334,0.35639757789435156,-0.22123893805309733,0.15016766493639744
20270846,"slow reversible, slow ramp",0.35000000000000003,0.30000000000000004,0.5307562063015834,-0.3185840707964602,0.23712673943224355
20270846,"slow reversible, slow ramp",0.4,0.3416666666666667,0.5945127531767807,-0.36283185840707965,0.27801563995042566
20270846,"slow reversible, slow ramp",0.45,0.3666666666666667,0.6450604208561775,-0.3893805309734513,0.2924017567019346
20270846,"slow reversible, slow ramp",0.5,0.3916666666666667,0.6975619391292089,-0.415929203539823,0.2936400371462967
20270846,"slow reversible, slow ramp",0.55,0.30000000000000004,0.5246660533268914,-0.3185840707964602,0.22155951104554916
20270846,"slow reversible, slow ramp",0.6000000000000001,0.19166666666666665,0.3350695292310103,-0.20353982300884954,0.12936308372898697
20270846,"slow reversible, slow ramp",0.65,0.0,-8.393499722070263e-05,0.0,0.005235670300425377
20270846,"slow reversible, slow ramp",0.7000000000000001,0.0,-0.00017390806300221495,0.0,-0.0014866523832717249
20270846,"slow reversible, slow ramp",0.75,0.0,-0.00020085272224634743,0.0,0.0005536219989075164
20270846,"slow reversible, slow ramp",0.8,0.0,-0.00017689840010337576,0.0,-0.0014073080583356656
20270846,"slow reversible, slow ramp",0.8500000000000001,0.0,-7.576477461201936e-05,0.0,-0.00077451436150755
20270846,"slow reversible, slow ramp",0.9,0.0,7.272711486983052e-05,0.0,-0.0006621765177889927
20270846,"slow reversible, slow ramp",0.9500000000000001,0.0,4.310543414653978e-05,0.0,-0.0001337414398061565
20270846,"slow reversible, slow ramp",1.0,0.0,0.0,0.0,0.0
20270846,one-way boundary,0.0,0.3916666666666667,0.5961676027585388,-0.415929203539823,0.2278342714902532
20270846,one-way boundary,0.05,0.3916666666666667,0.625546838930634,-0.415929203539823,0.3025615583546546
20270846,one-way boundary,0.1,0.3916666666666667,0.6318546067983881,-0.415929203539823,0.35170799370988465
20270846,one-way boundary,0.15000000000000002,0.3916666666666667,0.6366368692077273,-0.415929203539823,0.3786275690913097
20270846,one-way boundary,0.2,0.3916666666666667,0.6401644276988275,-0.415929203539823,0.3875874750688429
20270846,one-way boundary,0.25,0.3916666666666667,0.6462090516585697,-0.415929203539823,0.38415341722106294
20270846,one-way boundary,0.30000000000000004,0.3916666666666667,0.6554717478854655,-0.415929203539823,0.37729978225866334
20270846,one-way boundary,0.35000000000000003,0.3916666666666667,0.6637215016721381,-0.415929203539823,0.3609672739330243
20270846,one-way boundary,0.4,0.3916666666666667,0.676431916157778,-0.415929203539823,0.34314780883196916
20270846,one-way boundary,0.45,0.3916666666666667,0.6873332577862327,-0.415929203539823,0.32106012982456017
20270846,one-way boundary,0.5,0.3916666666666667,0.6998133916497946,-0.415929203539823,0.29605530251567824
20270846,one-way boundary,0.55,0.35,0.6256470360540718,-0.3716814159292035,0.2524801375272465
20270846,one-way boundary,0.6000000000000001,0.32500000000000007,0.5900003023882348,-0.34513274336283184,0.21370818958031346
20270846,one-way boundary,0.65,0.2666666666666667,0.4859839889327319,-0.2831858407079646,0.15794792580232442
20270846,one-way boundary,0.7000000000000001,0.22499999999999998,0.4179113624827634,-0.23893805309734512,0.11853208644453805
20270846,one-way boundary,0.75,0.125,0.2308188926645217,-0.1327433628318584,0.06583700435898698
20270846,one-way boundary,0.8,0.07500000000000007,0.1398786214941573,-0.07964601769911504,0.03179050465016853
20270846,one-way boundary,0.8500000000000001,0.0,-0.0001363599733937848,0.0,0.0030421685912578322
20270846,one-way boundary,0.9,0.0,-7.427518853897475e-05,0.0,0.0014620822536087763
20270846,one-way boundary,0.9500000000000001,0.0,-0.00028056685486821387,0.0,-0.0007069750750892112
20270846,one-way boundary,1.0,0.0,0.0,0.0,0.0
20270846,slow reversible + graph reset,0.0,0.0,-0.0050764608230680075,0.0,0.0031819609103150986
20270846,slow reversible + graph reset,0.05,0.0,0.032133656994513426,0.0,0.006090933297883475
20270846,slow reversible + graph reset,0.1,0.0,0.027445263571714007,0.0,0.006579034958296551
20270846,slow reversible + graph reset,0.15000000000000002,0.0,0.010325529595672844,0.0,0.00681709199858091
20270846,slow reversible + graph reset,0.2,0.0,0.007026773992454771,0.0,0.006896804427423714
20270846,slow reversible + graph reset,0.25,0.0,0.005348909728208229,0.0,0.004197292091103144
20270846,slow reversible + graph reset,0.30000000000000004,0.0,0.00023524458925305858,0.0,0.0056308458954982266
20270846,slow reversible + graph reset,0.35000000000000003,0.0,-0.001117726980997158,0.0,0.004746697818903578
20270846,slow reversible + graph reset,0.4,0.0,0.0014315243486662799,0.0,0.005315957761166057
20270846,slow reversible + graph reset,0.45,0.0,-0.00136562135196161,0.0,0.00518552603215533
20270846,slow reversible + graph reset,0.5,0.0,0.00020434466288327124,0.0,0.012237807282433733
20270846,slow reversible + graph reset,0.55,0.3833333333333333,0.6863519814215991,-0.40707964601769914,0.2698535739399688
20270846,slow reversible + graph reset,0.6000000000000001,0.3583333333333333,0.6422152077158582,-0.3805309734513274,0.22951938463499144
20270846,slow reversible + graph reset,0.65,0.31666666666666665,0.5666646570607736,-0.336283185840708,0.18382523896441416
20270846,slow reversible + graph reset,0.7000000000000001,0.23333333333333328,0.41803623157971637,-0.24778761061946902,0.12907254075499364
20270846,slow reversible + graph reset,0.75,0.1166666666666667,0.20970381786119052,-0.12389380530973451,0.0661738986660464
20270846,slow reversible + graph reset,0.8,0.04166666666666663,0.07585719599058882,-0.04424778761061947,0.02601162272874269
20270846,slow reversible + graph reset,0.8500000000000001,0.0,1.1317159235413321e-05,0.0,0.0014650131821070111
20270846,slow reversible + graph reset,0.9,0.0,1.7970939780731499e-06,0.0,0.001399887004056466
20270846,slow reversible + graph reset,0.9500000000000001,0.0,-1.2447814568994353e-05,0.0,-0.0007369226955863395
20270846,slow reversible + graph reset,1.0,0.0,0.0,0.0,0.0
20270847,no rewiring,0.0,0.0,0.03570170865276806,0.0,0.0017200541084351206
20270847,no rewiring,0.05,0.0,0.04334499365877037,0.0,0.006350705221633321
20270847,no rewiring,0.1,0.0,0.028268863640477704,0.0,0.007783082122416962
20270847,no rewiring,0.15000000000000002,0.0,0.013780405664580553,0.0,0.008242110229005811
20270847,no rewiring,0.2,0.0,0.008240780378316437,0.0,0.00736729083813098
20270847,no rewiring,0.25,0.0,0.00341936900852835,0.0,0.0077585696515373725
20270847,no rewiring,0.30000000000000004,0.0,0.00812896671484098,0.0,0.003997853197415024
20270847,no rewiring,0.35000000000000003,0.0,0.002411022416060893,0.0,0.004733860498330966
20270847,no rewiring,0.4,0.0,0.0021966563877720557,0.0,0.0053594633404139835
20270847,no rewiring,0.45,0.0,0.003046550165158035,0.0,0.004384319209607468
20270847,no rewiring,0.5,0.0,-0.0001520954115384887,0.0,0.003228322160357955
20270847,no rewiring,0.55,0.0,0.001516632377270788,0.0,0.0021457309377107547
20270847,no rewiring,0.6000000000000001,0.0,0.0010753982067209789,0.0,0.004021064514101891
20270847,no rewiring,0.65,0.0,0.0007802870181925492,0.0,0.0038938611839826054
20270847,no rewiring,0.7000000000000001,0.0,-4.988289126917067e-05,0.0,0.0021326044898795082
20270847,no rewiring,0.75,0.0,-0.0003653667071262523,0.0,0.0028461372486344727
20270847,no rewiring,0.8,0.0,0.0003600877172618977,0.0,0.0015660840987195002
20270847,no rewiring,0.8500000000000001,0.0,0.001142776757496966,0.0,0.002208293892794755
20270847,no rewiring,0.9,0.0,-0.000438439085189285,0.0,0.00084652785787942
20270847,no rewiring,0.9500000000000001,0.0,0.0004194423042339912,0.0,0.0034160918427599274
20270847,no rewiring,1.0,0.0,0.0,0.0,0.0
20270847,fast reversible,0.0,0.0,0.04178377102791242,0.0,0.0023972146473796863
20270847,fast reversible,0.05,0.0,0.04563133821268833,0.0,0.007501085657968268
20270847,fast reversible,0.1,0.0,0.035415873913312745,0.0,0.009568361221959532
20270847,fast reversible,0.15000000000000002,0.0,0.027924235800641684,0.0,0.011038481607848372
20270847,fast reversible,0.2,0.0,0.028518583327305003,0.0,0.010452895934678297
20270847,fast reversible,0.25,0.0,0.02888757025430233,0.0,0.011921128309640594
20270847,fast reversible,0.30000000000000004,0.0,0.024868999213783827,0.0,0.02358050702312997
20270847,fast reversible,0.35000000000000003,0.125,0.22431093716401712,-0.12711864406779666,0.12782950999309334
20270847,fast reversible,0.4,0.2666666666666666,0.4681323657882337,-0.27118644067796616,0.22391870901507593
20270847,fast reversible,0.45,0.32499999999999996,0.5717270893369635,-0.3305084745762712,0.2777569473094119
20270847,fast reversible,0.5,0.3999999999999999,0.7039643958681543,-0.4067796610169492,0.3021964882846494
20270847,fast reversible,0.55,0.3916666666666666,0.700311234024137,-0.3983050847457627,0.27306690902248576
20270847,fast reversible,0.6000000000000001,0.33333333333333326,0.6074646575739329,-0.3389830508474576,0.22784816815612774
20270847,fast reversible,0.65,0.2666666666666666,0.48286567465484453,-0.2711864406779661,0.17734958057277617
20270847,fast reversible,0.7000000000000001,0.19166666666666665,0.34580178430134656,-0.19491525423728814,0.11742758255514052
20270847,fast reversible,0.75,0.09999999999999998,0.17685518817696044,-0.1016949152542373,0.05483114428142133
20270847,fast reversible,0.8,0.0,0.0001462894559155492,0.0,0.00954442064492067
20270847,fast reversible,0.8500000000000001,0.0,1.3938199179275301e-06,0.0,0.0014857046654295214
20270847,fast reversible,0.9,0.0,6.5034937231089884e-06,0.0,-0.00023321070898751906
20270847,fast reversible,0.9500000000000001,0.0,3.475331808389104e-05,0.0,0.0023584131080846005
20270847,fast reversible,1.0,0.0,0.0,0.0,0.0
20270847,"fast reversible, slow ramp",0.0,0.0,-0.015447752312164886,0.0,-0.0005815284183623773
20270847,"fast reversible, slow ramp",0.05,0.0,-0.0012356927576162025,0.0,-0.0003514323192338742
20270847,"fast reversible, slow ramp",0.1,0.0,0.0034396935977573095,0.0,0.0009126178047905442
20270847,"fast reversible, slow ramp",0.15000000000000002,0.0,-0.002663150683284099,0.0,0.001117605827366197
20270847,"fast reversible, slow ramp",0.2,0.0,0.001545693900532108,0.0,0.0011337906920933227
20270847,"fast reversible, slow ramp",0.25,0.0,0.005232790632420048,0.0,0.001489261294721933
20270847,"fast reversible, slow ramp",0.30000000000000004,0.0,0.01129650849104269,0.0,0.0020859179933684913
20270847,"fast reversible, slow ramp",0.35000000000000003,0.0,0.012000050438660093,0.0,0.0008051916920450153
20270847,"fast reversible, slow ramp",0.4,0.0,0.01571686385306198,0.0,0.0009958251897106973
20270847,"fast reversible, slow ramp",0.45,0.24166666666666659,0.42922591255796877,-0.24576271186440682,0.18876688758842852
20270847,"fast reversible, slow ramp",0.5,0.3916666666666666,0.6924498634260228,-0.39830508474576276,0.29165742431580566
20270847,"fast reversible, slow ramp",0.55,0.35,0.6155654121836365,-0.3559322033898305,0.2458858187175953
20270847,"fast reversible, slow ramp",0.6000000000000001,0.19999999999999996,0.3300025852642724,-0.20338983050847456,0.14134439081662398
20270847,"fast reversible, slow ramp",0.65,0.0,0.00011574326997987328,0.0,-0.0008406002085677988
20270847,"fast reversible, slow ramp",0.7000000000000001,0.0,-0.0002078545647563601,0.0,-0.0008365560873304645
20270847,"fast reversible, slow ramp",0.75,0.0,-8.638198936583574e-05,0.0,0.001441553956533781
20270847,"fast reversible, slow ramp",0.8,0.0,-1.9205132605115693e-05,0.0,-0.0010934474411236073
20270847,"fast reversible, slow ramp",0.8500000000000001,0.0,-0.0001078587945052556,0.0,6.820850291477942e-05
20270847,"fast reversible, slow ramp",0.9,0.0,-0.0001269836495300103,0.0,-0.0012565728235782725
20270847,"fast reversible, slow ramp",0.9500000000000001,0.0,-3.4967689942821956e-05,0.0,-0.0015790273724345383
20270847,"fast reversible, slow ramp",1.0,0.0,0.0,0.0,0.0
20270847,slow reversible,0.0,0.033333333333333326,0.09596565230142207,-0.03389830508474578,0.009820175188453302
20270847,slow reversible,0.05,0.08333333333333326,0.1714424209445261,-0.08474576271186446,0.034290390934735335
20270847,slow reversible,0.1,0.1333333333333333,0.21405531283050966,-0.13559322033898308,0.06910449083537062
20270847,slow reversible,0.15000000000000002,0.16666666666666663,0.26947245525042274,-0.16949152542372883,0.10815387655596029
20270847,slow reversible,0.2,0.23333333333333328,0.38661081506270817,-0.23728813559322037,0.1845933861533976
20270847,slow reversible,0.25,0.2833333333333333,0.46977649021178886,-0.288135593220339,0.2519111769344903
20270847,slow reversible,0.30000000000000004,0.31666666666666665,0.5275691296838894,-0.3220338983050848,0.3023368158011982
20270847,slow reversible,0.35000000000000003,0.35,0.5970142963723069,-0.35593220338983056,0.31663248595450305
20270847,slow reversible,0.4,0.375,0.641345184448624,-0.38135593220338987,0.32968677363305654
20270847,slow reversible,0.45,0.3916666666666666,0.6837369744015855,-0.39830508474576276,0.3188167940716792
20270847,slow reversible,0.5,0.3916666666666666,0.6922298969696388,-0.39830508474576276,0.2935714198630873
20270847,slow reversible,0.55,0.3583333333333333,0.6482078377340378,-0.364406779661017,0.25462427018322753
20270847,slow reversible,0.6000000000000001,0.33333333333333326,0.6032309989959159,-0.33898305084745767,0.219976762865273
20270847,slow reversible,0.65,0.2666666666666666,0.48008823456600325,-0.2711864406779661,0.165905701985392
20270847,slow reversible,0.7000000000000001,0.16666666666666663,0.2960824609758097,-0.1694915254237288,0.09882823302792543
20270847,slow reversible,0.75,0.05833333333333335,0.1065762325437346,-0.059322033898305086,0.042845408970838106
20270847,slow reversible,0.8,0.0,-0.00037599932220744314,0.0,0.0032296987078405115
20270847,slow reversible,0.8500000000000001,0.0,5.5415423463212043e-05,0.0,0.0013108615837053028
20270847,slow reversible,0.9,0.0,-0.00022839406290198205,0.0,-0.0001980297444976742
20270847,slow reversible,0.9500000000000001,0.0,-0.00017803820543949023,0.0,0.002386328903588808
20270847,slow reversible,1.0,0.0,0.0,0.0,0.0
20270847,"slow reversible, slow ramp",0.0,0.0,0.08302653450850261,0.0,0.002297645794821307
20270847,"slow reversible, slow ramp",0.05,0.0,0.08772034598378897,0.0,0.005377098177326192
20270847,"slow reversible, slow ramp",0.1,0.0,0.08567201700835375,0.0,0.008921296659790467
20270847,"slow reversible, slow ramp",0.15000000000000002,0.0,0.0743038659370216,0.0,0.010918212702496183
20270847,"slow reversible, slow ramp",0.2,0.0,0.07985717614376103,0.0,0.011997096474285984
20270847,"slow reversible, slow ramp",0.25,0.09999999999999998,0.18252188179788953,-0.1016949152542373,0.06851904587973101
20270847,"slow reversible, slow ramp",0.30000000000000004,0.23333333333333328,0.3967678448362594,-0.23728813559322037,0.17050140388291368
20270847,"slow reversible, slow ramp",0.35000000000000003,0.2666666666666666,0.4570120105876706,-0.27118644067796616,0.2045612304839874
20270847,"slow reversible, slow ramp",0.4,0.30833333333333335,0.5385263893579879,-0.31355932203389836,0.24017523963266824
20270847,"slow reversible, slow ramp",0.45,0.375,0.6516332047338207,-0.38135593220338987,0.2964688559675095
20270847,"slow reversible, slow ramp",0.5,0.3999999999999999,0.7052823734232607,-0.4067796610169492,0.2991610861387842
20270847,"slow reversible, slow ramp",0.55,0.33333333333333326,0.5796028841692968,-0.3389830508474576,0.25175263927428615
20270847,"slow reversible, slow ramp",0.6000000000000001,0.19166666666666665,0.3372850925178559,-0.19491525423728814,0.13531619859986166
20270847,"slow reversible, slow ramp",0.65,0.0,6.2608179562939625e-06,0.0,0.00024042412718328077
20270847,"slow reversible, slow ramp",0.7000000000000001,0.0,-8.164538959132273e-06,0.0,-0.000826453672371108
20270847,"slow reversible, slow ramp",0.75,0.0,5.271301969811404e-06,0.0,0.001426159915622005
20270847,"slow reversible, slow ramp",0.8,0.0,1.4900212359725273e-05,0.0,-0.001103879914262862
20270847,"slow reversible, slow ramp",0.8500000000000001,0.0,1.0514281785667379e-05,0.0,6.207480951614386e-05
20270847,"slow reversible, slow ramp",0.9,0.0,-2.6409878404520803e-05,0.0,-0.0012338135490252977
20270847,"slow reversible, slow ramp",0.9500000000000001,0.0,8.66859042103485e-07,0.0,-0.001568154708507019
20270847,"slow reversible, slow ramp",1.0,0.0,0.0,0.0,0.0
20270847,one-way boundary,0.0,0.3999999999999999,0.619978626034043,-0.4067796610169492,0.24448650467056182
20270847,one-way boundary,0.05,0.3999999999999999,0.6281090723038818,-0.4067796610169492,0.32255533865018626
20270847,one-way boundary,0.1,0.3999999999999999,0.6241264827120967,-0.4067796610169492,0.3705226773744084
20270847,one-way boundary,0.15000000000000002,0.3999999999999999,0.626030282024829,-0.4067796610169492,0.3947757298315363
20270847,one-way boundary,0.2,0.3999999999999999,0.6341568647632378,-0.4067796610169492,0.40365000537331425
20270847,one-way boundary,0.25,0.3999999999999999,0.6448772263535223,-0.4067796610169492,0.40186735924547157
20270847,one-way boundary,0.30000000000000004,0.3999999999999999,0.6587911642135427,-0.4067796610169492,0.38695147825864784
20270847,one-way boundary,0.35000000000000003,0.3999999999999999,0.6703370102169157,-0.4067796610169492,0.37155312573461025
20270847,one-way boundary,0.4,0.3999999999999999,0.681219978938085,-0.4067796610169492,0.35240375392008894
20270847,one-way boundary,0.45,0.3999999999999999,0.6952555836001031,-0.4067796610169492,0.3285550928267429
20270847,one-way boundary,0.5,0.3999999999999999,0.7039638234755881,-0.4067796610169492,0.3021966576311421
20270847,one-way boundary,0.55,0.37499999999999994,0.6659898575429819,-0.3813559322033898,0.26469099287592124
20270847,one-way boundary,0.6000000000000001,0.34166666666666656,0.6090645632842214,-0.3474576271186441,0.22607867568998108
20270847,one-way boundary,0.65,0.2749999999999999,0.49553688799449114,-0.2796610169491525,0.1695896662264471
20270847,one-way boundary,0.7000000000000001,0.19166666666666665,0.34578938782358537,-0.19491525423728814,0.11349190190631642
20270847,one-way boundary,0.75,0.1333333333333333,0.23936592109657617,-0.13559322033898305,0.06752341082000968
20270847,one-way boundary,0.8,0.05833333333333324,0.10700361047301998,-0.059322033898305086,0.024390932631407458
20270847,one-way boundary,0.8500000000000001,0.0,-9.637034698029012e-07,0.0,0.002327244943263973
20270847,one-way boundary,0.9,0.0,3.5029631333394207e-06,0.0,-0.00020762289161346814
20270847,one-way boundary,0.9500000000000001,0.0,2.2843815399076206e-05,0.0,0.0023640181302231333
20270847,one-way boundary,1.0,0.0,0.0,0.0,0.0
20270847,slow reversible + graph reset,0.0,0.0,0.035701708716754155,0.0,0.0017200539790084776
20270847,slow reversible + graph reset,0.05,0.0,0.04334499374401485,0.0,0.00635070498614819
20270847,slow reversible + graph reset,0.1,0.0,0.028268864029543983,0.0,0.007783082314475331
20270847,slow reversible + graph reset,0.15000000000000002,0.0,0.013780407234790404,0.0,0.00824211092268734
20270847,slow reversible + graph reset,0.2,0.0,0.008240787657925464,0.0,0.0073672937491725266
20270847,slow reversible + graph reset,0.25,0.0,0.003419408287571035,0.0,0.007758584098802923
20270847,slow reversible + graph reset,0.30000000000000004,0.0,0.008129191492294574,0.0,0.003997957236551886
20270847,slow reversible + graph reset,0.35000000000000003,0.0,0.002412576987872228,0.0,0.004734948321195309
20270847,slow reversible + graph reset,0.4,0.0,0.0022090633374735047,0.0,0.005375442471689307
20270847,slow reversible + graph reset,0.45,0.0,0.0031447727091650224,0.0,0.004693408044583125
20270847,slow reversible + graph reset,0.5,0.0,-0.0005590251984541328,0.0,0.010942340178616172
20270847,slow reversible + graph reset,0.55,0.3583333333333333,0.6482078377340378,-0.364406779661017,0.25462427018322753
20270847,slow reversible + graph reset,0.6000000000000001,0.33333333333333326,0.6032309989959159,-0.33898305084745767,0.219976762865273
20270847,slow reversible + graph reset,0.65,0.2666666666666666,0.48008823456600325,-0.2711864406779661,0.165905701985392
20270847,slow reversible + graph reset,0.7000000000000001,0.16666666666666663,0.2960824609758097,-0.1694915254237288,0.09882823302792543
20270847,slow reversible + graph reset,0.75,0.05833333333333335,0.1065762325437346,-0.059322033898305086,0.042845408970838106
20270847,slow reversible + graph reset,0.8,0.0,-0.00037599932220744314,0.0,0.0032296987078405115
20270847,slow reversible + graph reset,0.8500000000000001,0.0,5.5415423463212043e-05,0.0,0.0013108615837053028
20270847,slow reversible + graph reset,0.9,0.0,-0.00022839406290198205,0.0,-0.0001980297444976742
20270847,slow reversible + graph reset,0.9500000000000001,0.0,-0.00017803820543949023,0.0,0.002386328903588808
20270847,slow reversible + graph reset,1.0,0.0,0.0,0.0,0.0
20270848,no rewiring,0.0,0.0,0.02855824003461971,0.0,0.004764530088506427
20270848,no rewiring,0.05,0.0,0.04092117105312132,0.0,0.008459118127089757
20270848,no rewiring,0.1,0.0,0.02398916472846091,0.0,0.014715525513160632
20270848,no rewiring,0.15000000000000002,0.0,0.016576736631478017,0.0,0.008305215934532567
20270848,no rewiring,0.2,0.0,0.007745604415569429,0.0,0.007487577676002888
20270848,no rewiring,0.25,0.0,0.006459114295869539,0.0,0.010128989286162515
20270848,no rewiring,0.30000000000000004,0.0,0.008156127587757023,0.0,0.005122497847293905
20270848,no rewiring,0.35000000000000003,0.0,0.004177814881501651,0.0,0.007767028386834518
20270848,no rewiring,0.4,0.0,0.0003166059192202808,0.0,0.005558329639765658
20270848,no rewiring,0.45,0.0,-0.0002850524199715654,0.0,0.0028720664945662833
20270848,no rewiring,0.5,0.0,0.0013227213472181698,0.0,0.004731499004639539
20270848,no rewiring,0.55,0.0,-0.0003741125052654226,0.0,0.0027884833437532563
20270848,no rewiring,0.6000000000000001,0.0,-0.00014175870780763766,0.0,0.002968102513461912
20270848,no rewiring,0.65,0.0,0.0012204560757343441,0.0,0.0006111594810539467
20270848,no rewiring,0.7000000000000001,0.0,-0.0002894922928503574,0.0,0.001226779219859253
20270848,no rewiring,0.75,0.0,2.313097613060311e-06,0.0,0.001132787655151457
20270848,no rewiring,0.8,0.0,0.0012784556923064183,0.0,0.0012027415928970164
20270848,no rewiring,0.8500000000000001,0.0,0.0007854618294683702,0.0,-0.001377936735867058
20270848,no rewiring,0.9,0.0,-0.002256630073321192,0.0,0.002073003275843366
20270848,no rewiring,0.9500000000000001,0.0,0.0011187844702541527,0.0,-2.4453398440038576e-05
20270848,no rewiring,1.0,0.0,0.0,0.0,0.0
20270848,fast reversible,0.0,0.0,0.049597931180929866,0.0,0.005545044448112518
20270848,fast reversible,0.05,0.0,0.05592526290411004,0.0,0.008791631796526228
20270848,fast reversible,0.1,0.0,0.03829953174856887,0.0,0.014038726694234255
20270848,fast reversible,0.15000000000000002,0.0,0.026522339391905347,0.0,0.006470969123834408
20270848,fast reversible,0.2,0.0,0.017736995385529142,0.0,0.004900794158722854
20270848,fast reversible,0.25,0.0,0.02117978023544248,0.0,0.009001667704208294
20270848,fast reversible,0.30000000000000004,0.008333333333333304,0.01309797320802919,-0.008695652173912993,0.050613578785170754
20270848,fast reversible,0.35000000000000003,0.17499999999999993,0.259828302271911,-0.18260869565217389,0.1868758162978561
20270848,fast reversible,0.4,0.31666666666666665,0.5201389396277407,-0.33043478260869563,0.2596877973154109
20270848,fast reversible,0.45,0.36666666666666664,0.6118929380081523,-0.38260869565217387,0.28987661942214804
20270848,fast reversible,0.5,0.39166666666666666,0.6649534324352937,-0.408695652173913,0.2881820550201051
20270848,fast reversible,0.55,0.39166666666666666,0.6777703453615862,-0.408695652173913,0.26129665117214007
20270848,fast reversible,0.6000000000000001,0.35000000000000003,0.6220657721832583,-0.3652173913043478,0.22532519501168669
20270848,fast reversible,0.65,0.2916666666666667,0.5168850698494588,-0.30434782608695654,0.16280442293718533
20270848,fast reversible,0.7000000000000001,0.20833333333333337,0.3802340733109817,-0.21739130434782608,0.11185815801164944
20270848,fast reversible,0.75,0.10000000000000003,0.1814920493584864,-0.10434782608695652,0.049857215444655045
20270848,fast reversible,0.8,0.01666666666666672,0.029985077197804633,-0.017391304347826084,0.01644264914465321
20270848,fast reversible,0.8500000000000001,0.0,-5.074360182799609e-05,0.0,-0.0020263930838894106
20270848,fast reversible,0.9,0.0,6.398552659003798e-05,0.0,0.0011872617151792442
20270848,fast reversible,0.9500000000000001,0.0,-0.0001700620790632268,0.0,-0.0010766597355021945
20270848,fast reversible,1.0,0.0,0.0,0.0,0.0
20270848,"fast reversible, slow ramp",0.0,0.0,0.005568467499392216,0.0,0.0011045709572946386
20270848,"fast reversible, slow ramp",0.05,0.0,0.028018287734983716,0.0,0.003928965477917906
20270848,"fast reversible, slow ramp",0.1,0.0,0.02419827254514162,0.0,0.0033011339069287937
20270848,"fast reversible, slow ramp",0.15000000000000002,0.0,0.018521079931805795,0.0,0.002625780204314171
20270848,"fast reversible, slow ramp",0.2,0.0,0.019062138086277214,0.0,0.001307900359762193
20270848,"fast reversible, slow ramp",0.25,0.0,0.01193496151187945,0.0,0.003921055534372886
20270848,"fast reversible, slow ramp",0.30000000000000004,0.0,0.00831833449334235,0.0,0.003641143082529885
20270848,"fast reversible, slow ramp",0.35000000000000003,0.0,0.012886559008672471,0.0,0.00015396917920212916
20270848,"fast reversible, slow ramp",0.4,0.0,0.0073318425878263205,0.0,0.0038856790732236246
20270848,"fast reversible, slow ramp",0.45,0.25,0.414600100177657,-0.26086956521739124,0.1958410014544389
20270848,"fast reversible, slow ramp",0.5,0.39166666666666666,0.6653649941750164,-0.408695652173913,0.2814719383405453
20270848,"fast reversible, slow ramp",0.55,0.30833333333333335,0.5224243076921111,-0.3217391304347826,0.21470282015292352
20270848,"fast reversible, slow ramp",0.6000000000000001,0.15000000000000002,0.25725592819351506,-0.15652173913043477,0.10862878915321972
20270848,"fast reversible, slow ramp",0.65,0.0,-0.00011282748746033189,0.0,0.0033685554655905614
20270848,"fast reversible, slow ramp",0.7000000000000001,0.0,1.5861923183257964e-05,0.0,0.002356326665112096
20270848,"fast reversible, slow ramp",0.75,0.0,-2.342099543262144e-05,0.0,0.0008605748291407034
20270848,"fast reversible, slow ramp",0.8,0.0,0.0004676270692932638,0.0,0.0001978562102472603
20270848,"fast reversible, slow ramp",0.8500000000000001,0.0,-0.0001385854085738103,0.0,-0.00040942071662586343
20270848,"fast reversible, slow ramp",0.9,0.0,3.098654575428572e-05,0.0,-0.0019940641584609287
20270848,"fast reversible, slow ramp",0.9500000000000001,0.0,-0.00021922047424549618,0.0,-5.5840794050965314e-05
20270848,"fast reversible, slow ramp",1.0,0.0,0.0,0.0,0.0
20270848,slow reversible,0.0,0.17499999999999993,0.2849235754064429,-0.18260869565217389,0.05360719684504225
20270848,slow reversible,0.05,0.23333333333333328,0.35541427148686283,-0.2434782608695652,0.1242401209740271
20270848,slow reversible,0.1,0.27499999999999997,0.4201530536540799,-0.28695652173913044,0.19301804228292208
20270848,slow reversible,0.15000000000000002,0.29166666666666663,0.4449186649497928,-0.3043478260869565,0.2272110483411876
20270848,slow reversible,0.2,0.32499999999999996,0.49147573392198196,-0.3391304347826087,0.28351353910765464
20270848,slow reversible,0.25,0.3416666666666666,0.5322680977644269,-0.3565217391304348,0.3054605492436256
20270848,slow reversible,0.30000000000000004,0.35,0.5515573638578908,-0.3652173913043478,0.31967115231342746
20270848,slow reversible,0.35000000000000003,0.36666666666666664,0.5884715848020451,-0.38260869565217387,0.3192375988176732
20270848,slow reversible,0.4,0.36666666666666664,0.5986777006745161,-0.38260869565217387,0.30527894232009833
20270848,slow reversible,0.45,0.37499999999999994,0.6234602085474044,-0.3913043478260869,0.29867222346707245
20270848,slow reversible,0.5,0.39166666666666666,0.6661075273692805,-0.408695652173913,0.28688542829780295
20270848,slow reversible,0.55,0.3666666666666667,0.6331786429073023,-0.3826086956521739,0.2523080633464273
20270848,slow reversible,0.6000000000000001,0.35000000000000003,0.6118021740896517,-0.3652173913043478,0.21586539578235708
20270848,slow reversible,0.65,0.2833333333333334,0.4965111562135606,-0.2956521739130435,0.16370764680793304
20270848,slow reversible,0.7000000000000001,0.22500000000000003,0.39850548582882406,-0.23478260869565218,0.11274570298105802
20270848,slow reversible,0.75,0.13333333333333336,0.23924308321976007,-0.1391304347826087,0.06739957652194517
20270848,slow reversible,0.8,0.008333333333333415,0.016068412763119322,-0.008695652173913044,0.014727558042978872
20270848,slow reversible,0.8500000000000001,0.0,-0.000245665021629371,0.0,-0.0020647606582541167
20270848,slow reversible,0.9,0.0,-0.00012814302817765189,0.0,0.0011822337224037804
20270848,slow reversible,0.9500000000000001,0.0,-0.00016515840801456516,0.0,-0.001073348285527187
20270848,slow reversible,1.0,0.0,0.0,0.0,0.0
20270848,"slow reversible, slow ramp",0.0,0.0,0.006457238930941633,0.0,0.0006685086384931732
20270848,"slow reversible, slow ramp",0.05,0.0,0.027728319337667173,0.0,0.003964890184812539
20270848,"slow reversible, slow ramp",0.1,0.0,0.030578139520986647,0.0,0.003778751960139437
20270848,"slow reversible, slow ramp",0.15000000000000002,0.0,0.023436227976220025,0.0,0.0030981366335415816
20270848,"slow reversible, slow ramp",0.2,0.0,0.027347741830123673,0.0,0.005144033103167384
20270848,"slow reversible, slow ramp",0.25,0.17499999999999993,0.261927601119766,-0.18260869565217389,0.10806578247539661
20270848,"slow reversible, slow ramp",0.30000000000000004,0.27499999999999997,0.43706290325104913,-0.28695652173913044,0.20773602534065327
20270848,"slow reversible, slow ramp",0.35000000000000003,0.31666666666666665,0.5044848843856736,-0.33043478260869563,0.249034836731945
20270848,"slow reversible, slow ramp",0.4,0.35,0.5712031691175822,-0.3652173913043478,0.2738103542777996
20270848,"slow reversible, slow ramp",0.45,0.39166666666666666,0.6524734147138562,-0.408695652173913,0.3071051406136978
20270848,"slow reversible, slow ramp",0.5,0.4,0.6791409152964303,-0.41739130434782606,0.28893757642563744
20270848,"slow reversible, slow ramp",0.55,0.3500000000000001,0.606096920007025,-0.3652173913043478,0.2424716542102202
20270848,"slow reversible, slow ramp",0.6000000000000001,0.16666666666666674,0.2919743437772234,-0.17391304347826086,0.12866375214178616
20270848,"slow reversible, slow ramp",0.65,0.0,1.131992291791839e-05,0.0,0.0031587978300056108
20270848,"slow reversible, slow ramp",0.7000000000000001,0.0,2.2496789775283688e-05,0.0,0.002364931281454874
20270848,"slow reversible, slow ramp",0.75,0.0,2.540999303835001e-05,0.0,0.0008855628956689898
20270848,"slow reversible, slow ramp",0.8,0.0,-7.757938383923246e-06,0.0,0.0001972015266257232
20270848,"slow reversible, slow ramp",0.8500000000000001,0.0,-1.8551261193877622e-07,0.0,-0.00040617042542412385
20270848,"slow reversible, slow ramp",0.9,0.0,7.751429937918886e-06,0.0,-0.001991179397836329
20270848,"slow reversible, slow ramp",0.9500000000000001,0.0,-5.98452482014622e-08,0.0,-5.341647325696197e-05
20270848,"slow reversible, slow ramp",1.0,0.0,0.0,0.0,0.0
20270848,one-way boundary,0.0,0.4,0.585795986378882,-0.41739130434782606,0.2478493993910009
20270848,one-way boundary,0.05,0.4,0.6040852113425048,-0.41739130434782606,0.32315901543604014
20270848,one-way boundary,0.1,0.4,0.5998301955536856,-0.41739130434782606,0.37343990309639297
20270848,one-way boundary,0.15000000000000002,0.4,0.5959322452985528,-0.41739130434782606,0.3876043156287855
20270848,one-way boundary,0.2,0.4,0.6021474900149035,-0.41739130434782606,0.3955306096934408
20270848,one-way boundary,0.25,0.4,0.6169304476922918,-0.41739130434782606,0.39534508057392576
20270848,one-way boundary,0.30000000000000004,0.4,0.6317778223155228,-0.41739130434782606,0.37886384548181773
20270848,one-way boundary,0.35000000000000003,0.4,0.6410805995662507,-0.41739130434782606,0.3657999870152532
20270848,one-way boundary,0.4,0.4,0.652311864753238,-0.41739130434782606,0.3437929533145083
20270848,one-way boundary,0.45,0.4,0.6656912566708918,-0.41739130434782606,0.31832170611513144
20270848,one-way boundary,0.5,0.4,0.679434922177462,-0.41739130434782606,0.2952282604184656
20270848,one-way boundary,0.55,0.3916666666666667,0.6791188534879051,-0.40869565217391307,0.26732585754006766
20270848,one-way boundary,0.6000000000000001,0.3833333333333334,0.6743420421577674,-0.4,0.23327400970655954
20270848,one-way boundary,0.65,0.3083333333333334,0.5517678641940186,-0.3217391304347826,0.1814613166181731
20270848,one-way boundary,0.7000000000000001,0.20000000000000007,0.36129030901137127,-0.20869565217391303,0.11806974224135447
20270848,one-way boundary,0.75,0.07500000000000007,0.13444391895219643,-0.0782608695652174,0.04990937027683895
20270848,one-way boundary,0.8,0.0,2.2341638104106387e-05,0.0,0.0053660673663138425
20270848,one-way boundary,0.8500000000000001,0.0,-7.550526023303306e-06,0.0,-0.002417344523133913
20270848,one-way boundary,0.9,0.0,-3.8289362625287815e-05,0.0,0.0011477947935162325
20270848,one-way boundary,0.9500000000000001,0.0,2.4580800898066357e-05,0.0,-0.0010976457193647704
20270848,one-way boundary,1.0,0.0,0.0,0.0,0.0
20270848,slow reversible + graph reset,0.0,0.0,0.028558240295916526,0.0,0.0047645295669457716
20270848,slow reversible + graph reset,0.05,0.0,0.04092117166010961,0.0,0.008459118323091805
20270848,slow reversible + graph reset,0.1,0.0,0.023989165818959712,0.0,0.01471552617699906
20270848,slow reversible + graph reset,0.15000000000000002,0.0,0.01657673924852654,0.0,0.008305217764137507
20270848,slow reversible + graph reset,0.2,0.0,0.0077456115802209125,0.0,0.007487582952640792
20270848,slow reversible + graph reset,0.25,0.0,0.006459145021282475,0.0,0.010129009828356572
20270848,slow reversible + graph reset,0.30000000000000004,0.0,0.008156308583424643,0.0,0.005122625306040629
20270848,slow reversible + graph reset,0.35000000000000003,0.0,0.0041791598047610234,0.0,0.007768298184787303
20270848,slow reversible + graph reset,0.4,0.0,0.0003289918281270676,0.0,0.005576156219843309
20270848,slow reversible + graph reset,0.45,0.0,-0.00017422320744114872,0.0,0.0031996168617317022
20270848,slow reversible + graph reset,0.5,0.0,0.0009874632459972443,0.0,0.012468534218655458
20270848,slow reversible + graph reset,0.55,0.3666666666666667,0.6331786429073023,-0.3826086956521739,0.2523080633464273
20270848,slow reversible + graph reset,0.6000000000000001,0.35000000000000003,0.6118021740896517,-0.3652173913043478,0.21586539578235708
20270848,slow reversible + graph reset,0.65,0.2833333333333334,0.4965111562135606,-0.2956521739130435,0.16370764680793304
20270848,slow reversible + graph reset,0.7000000000000001,0.22500000000000003,0.39850548582882406,-0.23478260869565218,0.11274570298105802
20270848,slow reversible + graph reset,0.75,0.13333333333333336,0.23924308321976007,-0.1391304347826087,0.06739957652194517
20270848,slow reversible + graph reset,0.8,0.008333333333333415,0.016068412763119322,-0.008695652173913044,0.014727558042978872
20270848,slow reversible + graph reset,0.8500000000000001,0.0,-0.000245665021629371,0.0,-0.0020647606582541167
20270848,slow reversible + graph reset,0.9,0.0,-0.00012814302817765189,0.0,0.0011822337224037804
20270848,slow reversible + graph reset,0.9500000000000001,0.0,-0.00016515840801456516,0.0,-0.001073348285527187
20270848,slow reversible + graph reset,1.0,0.0,0.0,0.0,0.0
20270849,no rewiring,0.0,0.0,0.04297939101415138,0.0,0.0037403399279157326
20270849,no rewiring,0.05,0.0,0.0407603822279175,0.0,0.009158770948056949
20270849,no rewiring,0.1,0.0,0.031034862462069213,0.0,0.012190410743925933
20270849,no rewiring,0.15000000000000002,0.0,0.026542905541388717,0.0,0.011727600555556578
20270849,no rewiring,0.2,0.0,0.014223317492424115,0.0,0.00983446222432141
20270849,no rewiring,0.25,0.0,0.008107686605798192,0.0,0.008324968430042434
20270849,no rewiring,0.30000000000000004,0.0,0.009103112739004993,0.0,0.006158862195564663
20270849,no rewiring,0.35000000000000003,0.0,-0.00016437488704873493,0.0,0.006359160402809372
20270849,no rewiring,0.4,0.0,-1.0296330493819728e-05,0.0,0.004654917828361416
20270849,no rewiring,0.45,0.0,0.0012272330546321264,0.0,0.0035644360113707974
20270849,no rewiring,0.5,0.0,0.002346671087195662,0.0,0.001653121282711334
20270849,no rewiring,0.55,0.0,-0.000980552638872756,0.0,0.005924350007120549
20270849,no rewiring,0.6000000000000001,0.0,-0.0007114291447026799,0.0,0.0018246046901182478
20270849,no rewiring,0.65,0.0,0.0011505774802068047,0.0,0.0010769061565590876
20270849,no rewiring,0.7000000000000001,0.0,-0.0008615910088679568,0.0,0.0029078351968732097
20270849,no rewiring,0.75,0.0,-0.0008617944573046099,0.0,0.0014810426650684327
20270849,no rewiring,0.8,0.0,-0.002100917062403923,0.0,0.0025123010484348063
20270849,no rewiring,0.8500000000000001,0.0,0.00016736712048784352,0.0,0.0020667478074687384
20270849,no rewiring,0.9,0.0,0.0015437658458493098,0.0,0.001137653404861494
20270849,no rewiring,0.9500000000000001,0.0,-0.0002977908217680625,0.0,0.001350874015178527
20270849,no rewiring,1.0,0.0,0.0,0.0,0.0
20270849,fast reversible,0.0,0.0,0.013788212992471682,0.0,0.003211455286783786
20270849,fast reversible,0.05,0.0,0.01544104873803065,0.0,0.008159963311924423
20270849,fast reversible,0.1,0.0,0.0051963878877118175,0.0,0.010777703932908972
20270849,fast reversible,0.15000000000000002,0.0,0.00500017378272416,0.0,0.009698310869228566
20270849,fast reversible,0.2,0.0,-0.005667722649133455,0.0,0.008653694099708564
20270849,fast reversible,0.25,0.0,-0.006181701099330028,0.0,0.009733498695300546
20270849,fast reversible,0.30000000000000004,0.025000000000000022,0.009767513068359879,-0.025862068965517238,0.06631732199037393
20270849,fast reversible,0.35000000000000003,0.16666666666666669,0.257353528149012,-0.17241379310344826,0.13999713914373974
20270849,fast reversible,0.4,0.25,0.3901138316833092,-0.2586206896551724,0.22631114414747944
20270849,fast reversible,0.45,0.35,0.5733709628448223,-0.3620689655172414,0.28104545047609586
20270849,fast reversible,0.5,0.4000000000000001,0.6683795085799427,-0.41379310344827586,0.2975830744136284
20270849,fast reversible,0.55,0.4000000000000001,0.6823446976617337,-0.41379310344827586,0.2753788484344639
20270849,fast reversible,0.6000000000000001,0.3583333333333334,0.6237304679246781,-0.3706896551724138,0.22978649643295113
20270849,fast reversible,0.65,0.3000000000000001,0.5430999321558774,-0.3103448275862069,0.1785170982816482
20270849,fast reversible,0.7000000000000001,0.25000000000000006,0.44191719713620503,-0.25862068965517243,0.13478109596297327
20270849,fast reversible,0.75,0.12500000000000006,0.2229217155369787,-0.12931034482758622,0.07046480302665836
20270849,fast reversible,0.8,0.025000000000000078,0.045559624228066364,-0.02586206896551724,0.019769811803501014
20270849,fast reversible,0.8500000000000001,0.0,-5.7801188217965205e-06,0.0,0.0017435140619020961
20270849,fast reversible,0.9,0.0,-1.2222427959729387e-06,0.0,0.00012808842822142896
20270849,fast reversible,0.9500000000000001,0.0,2.236618537443391e-05,0.0,0.0002824901749732822
20270849,fast reversible,1.0,0.0,0.0,0.0,0.0
20270849,"fast reversible, slow ramp",0.0,0.0,0.01837944889759624,0.0,0.00034306536946316496
20270849,"fast reversible, slow ramp",0.05,0.0,-0.010201262016124424,0.0,0.0011257581997003996
20270849,"fast reversible, slow ramp",0.1,0.0,-0.0014762867103048638,0.0,0.0025573806538853883
20270849,"fast reversible, slow ramp",0.15000000000000002,0.0,-0.0020382145029532728,0.0,0.000552001419257736
20270849,"fast reversible, slow ramp",0.2,0.0,-0.007284632793120527,0.0,0.004585758967549147
20270849,"fast reversible, slow ramp",0.25,0.0,-0.004260572379921501,0.0,0.0021293283907655725
20270849,"fast reversible, slow ramp",0.30000000000000004,0.0,-0.0073422730450822815,0.0,0.0038326540779091145
20270849,"fast reversible, slow ramp",0.35000000000000003,0.0,-0.0051055453017995744,0.0,0.003328642458373665
20270849,"fast reversible, slow ramp",0.4,0.0,-0.0012958557070689714,0.0,0.010229048704586297
20270849,"fast reversible, slow ramp",0.45,0.22499999999999998,0.3549645787816638,-0.23275862068965517,0.169572022476915
20270849,"fast reversible, slow ramp",0.5,0.39166666666666666,0.6525212528170621,-0.4051724137931034,0.2893185074666318
20270849,"fast reversible, slow ramp",0.55,0.28333333333333327,0.4833970027479718,-0.29310344827586204,0.20395682689330918
20270849,"fast reversible, slow ramp",0.6000000000000001,0.09166666666666662,0.15871220372977535,-0.09482758620689655,0.08621612775496645
20270849,"fast reversible, slow ramp",0.65,0.0,-0.00011610036628595388,0.0,0.0020422578789133228
20270849,"fast reversible, slow ramp",0.7000000000000001,0.0,-6.66285319361748e-07,0.0,-0.0008763320864636492
20270849,"fast reversible, slow ramp",0.75,0.0,0.00025772212514563186,0.0,-0.00024169828809206262
20270849,"fast reversible, slow ramp",0.8,0.0,0.00012869853910457696,0.0,-0.0007719533808557832
20270849,"fast reversible, slow ramp",0.8500000000000001,0.0,-9.777839716651471e-05,0.0,0.0015071739978601562
20270849,"fast reversible, slow ramp",0.9,0.0,0.0002292831549011165,0.0,-0.0018984572011435663
20270849,"fast reversible, slow ramp",0.9500000000000001,0.0,-0.00037900370960686214,0.0,0.0011216996688027114
20270849,"fast reversible, slow ramp",1.0,0.0,0.0,0.0,0.0
20270849,slow reversible,0.0,0.06666666666666665,0.14462517395215807,-0.06896551724137928,0.017471270274876473
20270849,slow reversible,0.05,0.1166666666666667,0.20199127078358792,-0.12068965517241381,0.05209718578832187
20270849,slow reversible,0.1,0.15000000000000002,0.25121560775106005,-0.15517241379310343,0.08962498778069444
20270849,slow reversible,0.15000000000000002,0.18333333333333335,0.2796882763184907,-0.1896551724137931,0.1414719127410896
20270849,slow reversible,0.2,0.25833333333333336,0.3846300545548478,-0.26724137931034486,0.20777417344790777
20270849,slow reversible,0.25,0.30833333333333335,0.4571691389038692,-0.31896551724137934,0.2616352561054756
20270849,slow reversible,0.30000000000000004,0.33333333333333337,0.5038731627075272,-0.3448275862068966,0.3165588933101437
20270849,slow reversible,0.35000000000000003,0.375,0.5886225938448734,-0.3879310344827586,0.33530986748244634
20270849,slow reversible,0.4,0.375,0.6002794580214617,-0.3879310344827586,0.3244385271330418
20270849,slow reversible,0.45,0.39166666666666666,0.6390895896760809,-0.4051724137931034,0.3163877644150075
20270849,slow reversible,0.5,0.4000000000000001,0.6683796521508851,-0.41379310344827586,0.29757911434241824
20270849,slow reversible,0.55,0.38333333333333336,0.6599457675000158,-0.39655172413793105,0.2701450783281575
20270849,slow reversible,0.6000000000000001,0.35000000000000003,0.6165902034633735,-0.3620689655172414,0.22610474372239242
20270849,slow reversible,0.65,0.2750000000000001,0.48368403283571826,-0.28448275862068967,0.1585183691152663
20270849,slow reversible,0.7000000000000001,0.1833333333333334,0.3334972197188918,-0.1896551724137931,0.11267097812514415
20270849,slow reversible,0.75,0.058333333333333404,0.10775767002855208,-0.0603448275862069,0.05006831643359777
20270849,slow reversible,0.8,0.0,9.330439285637482e-07,0.0,0.004942586945082539
20270849,slow reversible,0.8500000000000001,0.0,-6.729581430442444e-06,0.0,0.0010482941334164497
20270849,slow reversible,0.9,0.0,2.9471242244394347e-06,0.0,9.419412042854791e-05
20270849,slow reversible,0.9500000000000001,0.0,2.7779155518437015e-05,0.0,0.0002822357077822968
20270849,slow reversible,1.0,0.0,0.0,0.0,0.0
20270849,"slow reversible, slow ramp",0.0,0.0,0.042044144631997404,0.0,0.0009033933868561814
20270849,"slow reversible, slow ramp",0.05,0.0,0.035294533528609506,0.0,0.005042232870637209
20270849,"slow reversible, slow ramp",0.1,0.0,0.031352403828450115,0.0,0.006392724097752656
20270849,"slow reversible, slow ramp",0.15000000000000002,0.0,0.028642772074251643,0.0,0.00518032175649677
20270849,"slow reversible, slow ramp",0.2,0.0,0.03287258086514816,0.0,0.009810347266132668
20270849,"slow reversible, slow ramp",0.25,0.07500000000000007,0.13208657982681177,-0.07758620689655171,0.052657367044526504
20270849,"slow reversible, slow ramp",0.30000000000000004,0.17500000000000004,0.27640650731311084,-0.1810344827586207,0.12476486926793884
20270849,"slow reversible, slow ramp",0.35000000000000003,0.2333333333333334,0.3938777865139403,-0.24137931034482757,0.1724705110825766
20270849,"slow reversible, slow ramp",0.4,0.30000000000000004,0.49065798373387165,-0.3103448275862069,0.24096213395220034
20270849,"slow reversible, slow ramp",0.45,0.375,0.6141611861652188,-0.3879310344827586,0.2902872032610501
20270849,"slow reversible, slow ramp",0.5,0.39166666666666666,0.653861089104975,-0.4051724137931034,0.2873763040354197
20270849,"slow reversible, slow ramp",0.55,0.28333333333333327,0.48258501429669065,-0.29310344827586204,0.20466691467258824
20270849,"slow reversible, slow ramp",0.6000000000000001,0.07500000000000001,0.12793475701737722,-0.07758620689655173,0.06420596804669576
20270849,"slow reversible, slow ramp",0.65,0.0,0.00024393936604993893,0.0,0.0020127595008456733
20270849,"slow reversible, slow ramp",0.7000000000000001,0.0,0.00014833640693423522,0.0,-0.0008544086317102684
20270849,"slow reversible, slow ramp",0.75,0.0,-0.0003845940435314166,0.0,-0.0002733073829165322
20270849,"slow reversible, slow ramp",0.8,0.0,0.00018865932915368422,0.0,-0.0007754556519797839
20270849,"slow reversible, slow ramp",0.8500000000000001,0.0,-3.770125604052321e-05,0.0,0.0014786012191031483
20270849,"slow reversible, slow ramp",0.9,0.0,0.0002480403342755011,0.0,-0.0019099348627769075
20270849,"slow reversible, slow ramp",0.9500000000000001,0.0,-0.00012606210980825594,0.0,0.0011182757356105189
20270849,"slow reversible, slow ramp",1.0,0.0,0.0,0.0,0.0
20270849,one-way boundary,0.0,0.4000000000000001,0.5683620457631393,-0.41379310344827586,0.24482085815570026
20270849,one-way boundary,0.05,0.4000000000000001,0.5778206246833926,-0.41379310344827586,0.321211920397351
20270849,one-way boundary,0.1,0.4000000000000001,0.5771934599610211,-0.41379310344827586,0.36753586565580526
20270849,one-way boundary,0.15000000000000002,0.4000000000000001,0.5833874054080018,-0.41379310344827586,0.3889587109053141
20270849,one-way boundary,0.2,0.4000000000000001,0.5855278910606311,-0.41379310344827586,0.3965692935313658
20270849,one-way boundary,0.25,0.4000000000000001,0.5963624877307776,-0.41379310344827586,0.3922391031299441
20270849,one-way boundary,0.30000000000000004,0.4000000000000001,0.6111312573935672,-0.41379310344827586,0.38205873030505383
20270849,one-way boundary,0.35000000000000003,0.4000000000000001,0.6219707594697684,-0.41379310344827586,0.36789327801218236
20270849,one-way boundary,0.4,0.4000000000000001,0.635995104315539,-0.41379310344827586,0.34742393985963516
20270849,one-way boundary,0.45,0.4000000000000001,0.6521384496134341,-0.41379310344827586,0.3239290007710043
20270849,one-way boundary,0.5,0.4000000000000001,0.6683838090247278,-0.41379310344827586,0.2975883565697153
20270849,one-way boundary,0.55,0.35000000000000003,0.5948954822846388,-0.3620689655172414,0.2575606945723652
20270849,one-way boundary,0.6000000000000001,0.3333333333333334,0.5797359478097134,-0.3448275862068966,0.21427361264263267
20270849,one-way boundary,0.65,0.325,0.5793785342864746,-0.33620689655172414,0.18270436640019827
20270849,one-way boundary,0.7000000000000001,0.21666666666666673,0.3896332596396578,-0.22413793103448276,0.1265498819187405
20270849,one-way boundary,0.75,0.07500000000000001,0.13795298974021242,-0.07758620689655173,0.05132199935564208
20270849,one-way boundary,0.8,0.0,9.314523757519844e-06,0.0,0.006109905478766442
20270849,one-way boundary,0.8500000000000001,0.0,-7.859536854004645e-06,0.0,0.0010997717099987536
20270849,one-way boundary,0.9,0.0,-5.128414325095143e-06,0.0,8.945579437213969e-05
20270849,one-way boundary,0.9500000000000001,0.0,2.6256377943401077e-05,0.0,0.00028708999027493576
20270849,one-way boundary,1.0,0.0,0.0,0.0,0.0
20270849,slow reversible + graph reset,0.0,0.0,0.042979391013324986,0.0,0.003740338950215742
20270849,slow reversible + graph reset,0.05,0.0,0.04076038174757096,0.0,0.00915876898189083
20270849,slow reversible + graph reset,0.1,0.0,0.031034859398362258,0.0,0.012190406503270856
20270849,slow reversible + graph reset,0.15000000000000002,0.0,0.026542893474343687,0.0,0.011727594369609101
20270849,slow reversible + graph reset,0.2,0.0,0.014223270959723089,0.0,0.009834440252783683
20270849,slow reversible + graph reset,0.25,0.0,0.008107523896617064,0.0,0.00832488893085187
20270849,slow reversible + graph reset,0.30000000000000004,0.0,0.009102621056075844,0.0,0.006158625989534261
20270849,slow reversible + graph reset,0.35000000000000003,0.0,-0.0001652148715009516,0.0,0.006359066853562634
20270849,slow reversible + graph reset,0.4,0.0,-5.721306635175782e-06,0.0,0.004673301925467499
20270849,slow reversible + graph reset,0.45,0.0,0.0012985669075959994,0.0,0.0038916290277637433
20270849,slow reversible + graph reset,0.5,0.0,0.0014657817183142963,0.0,0.009418096699063683
20270849,slow reversible + graph reset,0.55,0.38333333333333336,0.6599457675000158,-0.39655172413793105,0.2701450783281575
20270849,slow reversible + graph reset,0.6000000000000001,0.35000000000000003,0.6165902034633735,-0.3620689655172414,0.22610474372239242
20270849,slow reversible + graph reset,0.65,0.2750000000000001,0.48368403283571826,-0.28448275862068967,0.1585183691152663
20270849,slow reversible + graph reset,0.7000000000000001,0.1833333333333334,0.3334972197188918,-0.1896551724137931,0.11267097812514415
20270849,slow reversible + graph reset,0.75,0.058333333333333404,0.10775767002855208,-0.0603448275862069,0.05006831643359777
20270849,slow reversible + graph reset,0.8,0.0,9.330439285637482e-07,0.0,0.004942586945082539
20270849,slow reversible + graph reset,0.8500000000000001,0.0,-6.729581430442444e-06,0.0,0.0010482941334164497
20270849,slow reversible + graph reset,0.9,0.0,2.9471242244394347e-06,0.0,9.419412042854791e-05
20270849,slow reversible + graph reset,0.9500000000000001,0.0,2.7779155518437015e-05,0.0,0.0002822357077822968
20270849,slow reversible + graph reset,1.0,0.0,0.0,0.0,0.0
20270850,no rewiring,0.0,0.0,0.0442336299238964,0.0,0.0035996957085526263
20270850,no rewiring,0.05,0.0,0.03546134609631435,0.0,0.010234736412097822
20270850,no rewiring,0.1,0.0,0.024651915416980252,0.0,0.010540582324169406
20270850,no rewiring,0.15000000000000002,0.0,0.013166143292723143,0.0,0.011191692160961941
20270850,no rewiring,0.2,0.0,0.014419545340306983,0.0,0.011501199575041032
20270850,no rewiring,0.25,0.0,0.01232847422303962,0.0,0.007883207620408728
20270850,no rewiring,0.30000000000000004,0.0,0.000405514737376822,0.0,0.007078711241184976
20270850,no rewiring,0.35000000000000003,0.0,0.0060644114769583535,0.0,0.0052400967384465535
20270850,no rewiring,0.4,0.0,0.0012798206833536385,0.0,0.00432083695244001
20270850,no rewiring,0.45,0.0,-0.0007105137778900539,0.0,0.0044231986645042465
20270850,no rewiring,0.5,0.0,0.0015729773529614133,0.0,0.004690998488019349
20270850,no rewiring,0.55,0.0,0.002076500614723531,0.0,0.001281651677689899
20270850,no rewiring,0.6000000000000001,0.0,0.0003143118480995466,0.0,0.003751015104640487
20270850,no rewiring,0.65,0.0,0.0010306281967760178,0.0,0.004776004572923043
20270850,no rewiring,0.7000000000000001,0.0,-0.0019188940753496198,0.0,0.002266934751492977
20270850,no rewiring,0.75,0.0,-0.0009716564234882874,0.0,0.0012087513886989143
20270850,no rewiring,0.8,0.0,-0.002524587403252815,0.0,0.00019245393094768914
20270850,no rewiring,0.8500000000000001,0.0,0.0003149405880255307,0.0,0.0038075167768424345
20270850,no rewiring,0.9,0.0,0.000516824582911829,0.0,0.0019945133482476285
20270850,no rewiring,0.9500000000000001,0.0,0.0016308119034242896,0.0,0.002109442958432184
20270850,no rewiring,1.0,0.0,0.0,0.0,0.0
20270850,fast reversible,0.0,0.0,0.08343147096190501,0.0,0.006759045589701383
20270850,fast reversible,0.05,0.0,0.07469726101468632,0.0,0.016031319030714267
20270850,fast reversible,0.1,0.0,0.07078007114511747,0.0,0.017976857555316583
20270850,fast reversible,0.15000000000000002,0.0,0.060505580875924114,0.0,0.02068411095482403
20270850,fast reversible,0.2,0.0,0.04793943299527825,0.0,0.021325610874622092
20270850,fast reversible,0.25,0.0,0.048593321168880266,0.0,0.0224434194646701
20270850,fast reversible,0.30000000000000004,0.033333333333333326,0.06401469121525799,-0.03418803418803418,0.07001736974099665
20270850,fast reversible,0.35000000000000003,0.2083333333333334,0.3383179938133293,-0.21367521367521367,0.1845729962905387
20270850,fast reversible,0.4,0.32499999999999996,0.5242196480434699,-0.3333333333333333,0.27501406220214164
20270850,fast reversible,0.45,0.3583333333333333,0.5915550820978521,-0.3675213675213675,0.29478697381405305
20270850,fast reversible,0.5,0.3916666666666666,0.6646811563985972,-0.40170940170940167,0.2892501690120787
20270850,fast reversible,0.55,0.3749999999999999,0.644582193152532,-0.3846153846153846,0.2565853864966189
20270850,fast reversible,0.6000000000000001,0.34166666666666656,0.5901095018323792,-0.3504273504273504,0.21670757841679933
20270850,fast reversible,0.65,0.29166666666666663,0.5100074252657661,-0.29914529914529914,0.1745571646535965
20270850,fast reversible,0.7000000000000001,0.22499999999999998,0.38986411000888954,-0.23076923076923078,0.12231496987170554
20270850,fast reversible,0.75,0.15833333333333333,0.2832846048377988,-0.1623931623931624,0.073626358962125
20270850,fast reversible,0.8,0.04166666666666663,0.07736525323455534,-0.042735042735042736,0.028803721276301486
20270850,fast reversible,0.8500000000000001,0.0,-1.966967349587012e-05,0.0,0.003966071675684968
20270850,fast reversible,0.9,0.0,8.034889383456978e-05,0.0,0.0010964486219032787
20270850,fast reversible,0.9500000000000001,0.0,-6.089963032174239e-05,0.0,0.0010883675763320166
20270850,fast reversible,1.0,0.0,0.0,0.0,0.0
20270850,"fast reversible, slow ramp",0.0,0.0,0.020817226942740963,0.0,0.002402661593062849
20270850,"fast reversible, slow ramp",0.05,0.0,0.006712867183692683,0.0,-4.374374161567052e-05
20270850,"fast reversible, slow ramp",0.1,0.0,0.009741199383950683,0.0,0.0007153182891350696
20270850,"fast reversible, slow ramp",0.15000000000000002,0.0,0.003823373318690093,0.0,0.000632000544329353
20270850,"fast reversible, slow ramp",0.2,0.0,0.016484008662859706,0.0,0.002801215296053622
20270850,"fast reversible, slow ramp",0.25,0.0,0.01060137890754187,0.0,-0.0013703536355704204
20270850,"fast reversible, slow ramp",0.30000000000000004,0.0,0.0038533901985869923,0.0,0.0006583663012806884
20270850,"fast reversible, slow ramp",0.35000000000000003,0.0,0.009459314384492323,0.0,0.002506011237311201
20270850,"fast reversible, slow ramp",0.4,0.0,0.0014237430080158986,0.0,0.0011260123905846298
20270850,"fast reversible, slow ramp",0.45,0.25,0.41860073154209526,-0.2564102564102564,0.1833507624254932
20270850,"fast reversible, slow ramp",0.5,0.3999999999999999,0.675412352519714,-0.41025641025641024,0.29356145307058856
20270850,"fast reversible, slow ramp",0.55,0.30833333333333324,0.5063443584093328,-0.3162393162393162,0.22037132954402905
20270850,"fast reversible, slow ramp",0.6000000000000001,0.1333333333333332,0.22260320370228592,-0.13675213675213677,0.10704806857224725
20270850,"fast reversible, slow ramp",0.65,0.0,1.6966901669190904e-06,0.0,0.000907794152652408
20270850,"fast reversible, slow ramp",0.7000000000000001,0.0,-1.1433412184125302e-05,0.0,-0.000740092764289213
20270850,"fast reversible, slow ramp",0.75,0.0,-1.5696867659009683e-06,0.0,0.001116342816504634
20270850,"fast reversible, slow ramp",0.8,0.0,-8.272019759503202e-06,0.0,1.837273338212153e-05
20270850,"fast reversible, slow ramp",0.8500000000000001,0.0,1.3996759724355101e-05,0.0,0.0008049071895550597
20270850,"fast reversible, slow ramp",0.9,0.0,-9.418793426196892e-06,0.0,-0.0006054992713949714
20270850,"fast reversible, slow ramp",0.9500000000000001,0.0,1.1802923698400747e-06,0.0,-0.0013103900044616479
20270850,"fast reversible, slow ramp",1.0,0.0,0.0,0.0,0.0
20270850,slow reversible,0.0,0.14166666666666672,0.26053287137968073,-0.14529914529914528,0.0449683890756693
20270850,slow reversible,0.05,0.19166666666666668,0.3151920832195654,-0.19658119658119658,0.10452097636053534
20270850,slow reversible,0.1,0.275,0.4183536275793494,-0.28205128205128205,0.18434156437507787
20270850,slow reversible,0.15000000000000002,0.30833333333333335,0.46055088311520115,-0.3162393162393162,0.2479959089978085
20270850,slow reversible,0.2,0.32499999999999996,0.4908306700526101,-0.3333333333333333,0.29165093071183873
20270850,slow reversible,0.25,0.3416666666666667,0.5301775672516322,-0.3504273504273504,0.31861653075084573
20270850,slow reversible,0.30000000000000004,0.3833333333333333,0.5992885015392004,-0.39316239316239315,0.35956269440989863
20270850,slow reversible,0.35000000000000003,0.3916666666666666,0.6246338375972714,-0.40170940170940167,0.35982923072726725
20270850,slow reversible,0.4,0.3999999999999999,0.6505403295057568,-0.41025641025641024,0.344068058214257
20270850,slow reversible,0.45,0.3999999999999999,0.6636466776889229,-0.41025641025641024,0.32173381256370626
20270850,slow reversible,0.5,0.3999999999999999,0.6782334358805919,-0.41025641025641024,0.29731156435601613
20270850,slow reversible,0.55,0.3833333333333332,0.6615748037474107,-0.39316239316239315,0.26330960268466785
20270850,slow reversible,0.6000000000000001,0.29166666666666663,0.5136329383590827,-0.29914529914529914,0.20843303513503542
20270850,slow reversible,0.65,0.2583333333333332,0.46200008469709875,-0.26495726495726496,0.15690088761219534
20270850,slow reversible,0.7000000000000001,0.1416666666666666,0.25089042428579167,-0.1452991452991453,0.09656257994167627
20270850,slow reversible,0.75,0.02499999999999991,0.045929395712067556,-0.02564102564102564,0.030329691161851247
20270850,slow reversible,0.8,0.0,-2.0898374777367223e-05,0.0,0.00040660669534309246
20270850,slow reversible,0.8500000000000001,0.0,1.9431418181503624e-05,0.0,0.0029446173693861155
20270850,slow reversible,0.9,0.0,1.4102154746176154e-05,0.0,0.0010572211991047853
20270850,slow reversible,0.9500000000000001,0.0,-2.6618103729614262e-05,0.0,0.001062700441237907
20270850,slow reversible,1.0,0.0,0.0,0.0,0.0
20270850,"slow reversible, slow ramp",0.0,0.0,0.014914930638205981,0.0,0.001167561603914416
20270850,"slow reversible, slow ramp",0.05,0.0,0.015263444116975222,0.0,-0.002344559126897086
20270850,"slow reversible, slow ramp",0.1,0.0,0.016640026827152044,0.0,-0.0025532784499605055
20270850,"slow reversible, slow ramp",0.15000000000000002,0.0,0.013540963037152132,0.0,-0.004050529366197264
20270850,"slow reversible, slow ramp",0.2,0.0,0.016345258342305102,0.0,-0.0032312860352083084
20270850,"slow reversible, slow ramp",0.25,0.05833333333333335,0.08275207095765974,-0.05982905982905984,0.024405794963219207
20270850,"slow reversible, slow ramp",0.30000000000000004,0.16666666666666666,0.26333524707631517,-0.17094017094017092,0.09968778795687738
20270850,"slow reversible, slow ramp",0.35000000000000003,0.225,0.3795927094241748,-0.23076923076923075,0.15884604821226755
20270850,"slow reversible, slow ramp",0.4,0.31666666666666665,0.5164649578730686,-0.32478632478632474,0.24117449083159692
20270850,"slow reversible, slow ramp",0.45,0.3666666666666667,0.6123288458478242,-0.37606837606837606,0.2776724774463827
20270850,"slow reversible, slow ramp",0.5,0.3916666666666666,0.6620861597845835,-0.40170940170940167,0.28532152590174953
20270850,"slow reversible, slow ramp",0.55,0.31666666666666665,0.5444452649810965,-0.32478632478632474,0.21924467233458755
20270850,"slow reversible, slow ramp",0.6000000000000001,0.16666666666666663,0.2794243727335537,-0.17094017094017094,0.12733489674306564
20270850,"slow reversible, slow ramp",0.65,0.0,9.974233455223303e-05,0.0,0.0024781117489132143
20270850,"slow reversible, slow ramp",0.7000000000000001,0.0,-6.979744895185824e-05,0.0,-0.0007515614389490555
20270850,"slow reversible, slow ramp",0.75,0.0,0.00014092918372210494,0.0,0.0011193937368230156
20270850,"slow reversible, slow ramp",0.8,0.0,0.00010129367878386475,0.0,7.683721745643801e-06
20270850,"slow reversible, slow ramp",0.8500000000000001,0.0,-4.482127885441223e-05,0.0,0.0008042609684995039
20270850,"slow reversible, slow ramp",0.9,0.0,9.752786270333935e-05,0.0,-0.0006132978666000266
20270850,"slow reversible, slow ramp",0.9500000000000001,0.0,9.19687508598166e-05,0.0,-0.001309087063551706
20270850,"slow reversible, slow ramp",1.0,0.0,0.0,0.0,0.0
20270850,one-way boundary,0.0,0.3999999999999999,0.597840353276,-0.41025641025641024,0.24747676143303649
20270850,one-way boundary,0.05,0.3999999999999999,0.599207529731986,-0.41025641025641024,0.3245879318368253
20270850,one-way boundary,0.1,0.3999999999999999,0.5996615279858017,-0.41025641025641024,0.3671512282833786
20270850,one-way boundary,0.15000000000000002,0.3999999999999999,0.5996871429304664,-0.41025641025641024,0.39047628394099504
20270850,one-way boundary,0.2,0.3999999999999999,0.6044323807992618,-0.41025641025641024,0.39870403538532634
20270850,one-way boundary,0.25,0.3999999999999999,0.6170210080050684,-0.41025641025641024,0.39165511485192406
20270850,one-way boundary,0.30000000000000004,0.3999999999999999,0.6232910111122438,-0.41025641025641024,0.3823531975199469
20270850,one-way boundary,0.35000000000000003,0.3999999999999999,0.6391002863115167,-0.41025641025641024,0.36460880297239207
20270850,one-way boundary,0.4,0.3999999999999999,0.6505385490860419,-0.41025641025641024,0.3440331386770792
20270850,one-way boundary,0.45,0.3999999999999999,0.6636445612865918,-0.41025641025641024,0.3217404141596284
20270850,one-way boundary,0.5,0.3999999999999999,0.6782311679111729,-0.41025641025641024,0.2973303166836173
20270850,one-way boundary,0.55,0.3666666666666666,0.6254430723998239,-0.37606837606837606,0.2544703355053457
20270850,one-way boundary,0.6000000000000001,0.32499999999999996,0.5588920353595688,-0.3333333333333333,0.21491042292685758
20270850,one-way boundary,0.65,0.22499999999999987,0.38137131434603844,-0.23076923076923078,0.1531226844127478
20270850,one-way boundary,0.7000000000000001,0.1499999999999999,0.2553595670459068,-0.15384615384615385,0.09628298778664546
20270850,one-way boundary,0.75,0.04999999999999993,0.0868807073193083,-0.05128205128205128,0.03778079390098843
20270850,one-way boundary,0.8,0.0,-2.0125513948476836e-05,0.0,0.0011184493954612407
20270850,one-way boundary,0.8500000000000001,0.0,2.0757285506323164e-05,0.0,0.002961230833396944
20270850,one-way boundary,0.9,0.0,1.4282115806452111e-05,0.0,0.0010460981630479038
20270850,one-way boundary,0.9500000000000001,0.0,-3.228033436375455e-05,0.0,0.0010663592467832217
20270850,one-way boundary,1.0,0.0,0.0,0.0,0.0
20270850,slow reversible + graph reset,0.0,0.0,0.044233629866929136,0.0,0.003599695700030256
20270850,slow reversible + graph reset,0.05,0.0,0.035461345874771455,0.0,0.010234736186266635
20270850,slow reversible + graph reset,0.1,0.0,0.024651914688742227,0.0,0.010540581733309573
20270850,slow reversible + graph reset,0.15000000000000002,0.0,0.013166140854337205,0.0,0.011191690559833989
20270850,slow reversible + graph reset,0.2,0.0,0.014419537432845242,0.0,0.011501195080089233
20270850,slow reversible + graph reset,0.25,0.0,0.012328450701363791,0.0,0.007883196573855056
20270850,slow reversible + graph reset,0.30000000000000004,0.0,0.0004054686043226674,0.0,0.007078723795440611
20270850,slow reversible + graph reset,0.35000000000000003,0.0,0.006064714273705862,0.0,0.005241090931211945
20270850,slow reversible + graph reset,0.4,0.0,0.0012863842531009029,0.0,0.004337516180035084
20270850,slow reversible + graph reset,0.45,0.0,-0.0006369339950186292,0.0,0.0047478302383659465
20270850,slow reversible + graph reset,0.5,0.0,0.001070813731888609,0.0,0.012498987661501149
20270850,slow reversible + graph reset,0.55,0.3833333333333332,0.6615748037474107,-0.39316239316239315,0.26330960268466785
20270850,slow reversible + graph reset,0.6000000000000001,0.29166666666666663,0.5136329383590827,-0.29914529914529914,0.20843303513503542
20270850,slow reversible + graph reset,0.65,0.2583333333333332,0.46200008469709875,-0.26495726495726496,0.15690088761219534
20270850,slow reversible + graph reset,0.7000000000000001,0.1416666666666666,0.25089042428579167,-0.1452991452991453,0.09656257994167627
20270850,slow reversible + graph reset,0.75,0.02499999999999991,0.045929395712067556,-0.02564102564102564,0.030329691161851247
20270850,slow reversible + graph reset,0.8,0.0,-2.0898374777367223e-05,0.0,0.00040660669534309246
20270850,slow reversible + graph reset,0.8500000000000001,0.0,1.9431418181503624e-05,0.0,0.0029446173693861155
20270850,slow reversible + graph reset,0.9,0.0,1.4102154746176154e-05,0.0,0.0010572211991047853
20270850,slow reversible + graph reset,0.9500000000000001,0.0,-2.6618103729614262e-05,0.0,0.001062700441237907
20270850,slow reversible + graph reset,1.0,0.0,0.0,0.0,0.0
20270851,no rewiring,0.0,0.0,0.019227753944509096,0.0,0.005037015927856721
20270851,no rewiring,0.05,0.0,0.02527480395401116,0.0,0.006651307804480033
20270851,no rewiring,0.1,0.0,0.015506540067262098,0.0,0.006116906525576532
20270851,no rewiring,0.15000000000000002,0.0,0.012797842291202843,0.0,0.006405107802570281
20270851,no rewiring,0.2,0.0,0.010859768082759846,0.0,0.00808539631339053
20270851,no rewiring,0.25,0.0,0.0022897452243519356,0.0,0.004741787800879305
20270851,no rewiring,0.30000000000000004,0.0,0.006509708575552997,0.0,0.006701332535424098
20270851,no rewiring,0.35000000000000003,0.0,0.003085983213560628,0.0,0.004634607050626793
20270851,no rewiring,0.4,0.0,0.0015264241242222698,0.0,0.0059631856184230725
20270851,no rewiring,0.45,0.0,0.0005910295866153881,0.0,0.005283942921612661
20270851,no rewiring,0.5,0.0,0.0037079384189775966,0.0,0.0036199815973171345
20270851,no rewiring,0.55,0.0,0.0004140080500300569,0.0,0.003504888982452492
20270851,no rewiring,0.6000000000000001,0.0,7.933227515538599e-05,0.0,0.002457341101967825
20270851,no rewiring,0.65,0.0,0.0007245989137180109,0.0,0.004309540141986701
20270851,no rewiring,0.7000000000000001,0.0,0.000423150092587532,0.0,0.0005153466373445381
20270851,no rewiring,0.75,0.0,-0.0007598752633675432,0.0,0.0009510115593269752
20270851,no rewiring,0.8,0.0,0.0008000576234348244,0.0,-0.00024265374598975153
20270851,no rewiring,0.8500000000000001,0.0,-0.0005802724279037608,0.0,0.0010973650805268242
20270851,no rewiring,0.9,0.0,0.0008863552020265952,0.0,0.0018251574327573516
20270851,no rewiring,0.9500000000000001,0.0,-0.0003507888846309981,0.0,0.0015342903510712214
20270851,no rewiring,1.0,0.0,0.0,0.0,0.0
20270851,fast reversible,0.0,0.0,0.02789189572381462,0.0,0.0078186262671565
20270851,fast reversible,0.05,0.0,0.055735888140452106,0.0,0.011010899489960965
20270851,fast reversible,0.1,0.0,0.051234441681185516,0.0,0.011339193733162195
20270851,fast reversible,0.15000000000000002,0.0,0.0459387739475951,0.0,0.01095295017895942
20270851,fast reversible,0.2,0.0,0.035072393583881034,0.0,0.011529634372029723
20270851,fast reversible,0.25,0.0,0.03249391823227593,0.0,0.01033908355585933
20270851,fast reversible,0.30000000000000004,0.050000000000000044,0.09658274718471094,-0.05504587155963303,0.06137920780795275
20270851,fast reversible,0.35000000000000003,0.18333333333333335,0.3066093895332094,-0.2018348623853211,0.1495415977738097
20270851,fast reversible,0.4,0.2916666666666667,0.48746818970469996,-0.3211009174311927,0.25024082222201227
20270851,fast reversible,0.45,0.3583333333333334,0.6175838797361944,-0.3944954128440367,0.289848262308214
20270851,fast reversible,0.5,0.39166666666666666,0.6842662820928063,-0.43119266055045874,0.29044785295836373
20270851,fast reversible,0.55,0.39166666666666666,0.6933751749904342,-0.43119266055045874,0.2649989081681169
20270851,fast reversible,0.6000000000000001,0.325,0.5837914768998316,-0.3577981651376147,0.21773679508338373
20270851,fast reversible,0.65,0.26666666666666666,0.481673081613036,-0.29357798165137616,0.1704088821516846
20270851,fast reversible,0.7000000000000001,0.1833333333333333,0.32774268170442966,-0.2018348623853211,0.10262220815355816
20270851,fast reversible,0.75,0.10833333333333334,0.19451227240617608,-0.11926605504587157,0.05573840454726309
20270851,fast reversible,0.8,0.024999999999999967,0.04311553337277785,-0.027522935779816515,0.01293870320058943
20270851,fast reversible,0.8500000000000001,0.0,0.0002776179185638439,0.0,0.0006503998515843268
20270851,fast reversible,0.9,0.0,0.0005278608645777894,0.0,0.0008347672089419333
20270851,fast reversible,0.9500000000000001,0.0,0.00010797427756592537,0.0,0.0005484974803282583
20270851,fast reversible,1.0,0.0,0.0,0.0,0.0
20270851,"fast reversible, slow ramp",0.0,0.0,0.03585400193220273,0.0,-0.0006009865375977766
20270851,"fast reversible, slow ramp",0.05,0.0,0.05333946930133926,0.0,0.0017094443965311457
20270851,"fast reversible, slow ramp",0.1,0.0,0.051993093615068986,0.0,0.003600815310504546
20270851,"fast reversible, slow ramp",0.15000000000000002,0.0,0.04301480515496531,0.0,0.0032598728177907765
20270851,"fast reversible, slow ramp",0.2,0.0,0.04388787424865748,0.0,0.003740778317179949
20270851,"fast reversible, slow ramp",0.25,0.0,0.04344109261304352,0.0,0.0030084249581505684
20270851,"fast reversible, slow ramp",0.30000000000000004,0.0,0.035043070600143444,0.0,0.0024805761366892276
20270851,"fast reversible, slow ramp",0.35000000000000003,0.0,0.035076024947163886,0.0,0.0019484652296060667
20270851,"fast reversible, slow ramp",0.4,0.0,0.031813169415035036,0.0,0.003168079262043766
20270851,"fast reversible, slow ramp",0.45,0.21666666666666667,0.38024542809272605,-0.23853211009174313,0.14445262106336143
20270851,"fast reversible, slow ramp",0.5,0.39999999999999997,0.6957615015328105,-0.44036697247706424,0.29351075637527446
20270851,"fast reversible, slow ramp",0.55,0.28333333333333327,0.47382561081601504,-0.3119266055045872,0.2132577307772473
20270851,"fast reversible, slow ramp",0.6000000000000001,0.08333333333333331,0.1409160253713463,-0.09174311926605505,0.0703667552824987
20270851,"fast reversible, slow ramp",0.65,0.0,8.396496338658466e-06,0.0,-0.0017185596338293863
20270851,"fast reversible, slow ramp",0.7000000000000001,0.0,-2.4964023986551176e-05,0.0,0.0010831523750975958
20270851,"fast reversible, slow ramp",0.75,0.0,-1.028371751665702e-05,0.0,-0.000742664452761499
20270851,"fast reversible, slow ramp",0.8,0.0,1.2708296634356131e-05,0.0,0.0006614390831747308
20270851,"fast reversible, slow ramp",0.8500000000000001,0.0,-1.8742879014932434e-05,0.0,-0.001259744134255003
20270851,"fast reversible, slow ramp",0.9,0.0,-4.387560763374765e-06,0.0,0.000980118058395485
20270851,"fast reversible, slow ramp",0.9500000000000001,0.0,-2.124407994130717e-05,0.0,0.0004156864992466147
20270851,"fast reversible, slow ramp",1.0,0.0,0.0,0.0,0.0
20270851,slow reversible,0.0,0.06666666666666665,0.13911330008874273,-0.07339449541284404,0.022841230865273128
20270851,slow reversible,0.05,0.13333333333333336,0.23539777626785297,-0.14678899082568808,0.060512286063093584
20270851,slow reversible,0.1,0.20000000000000007,0.33726096935366445,-0.22018348623853212,0.11911815088525418
20270851,slow reversible,0.15000000000000002,0.2333333333333334,0.3907584884852133,-0.25688073394495414,0.16776243051159936
20270851,slow reversible,0.2,0.2666666666666667,0.4245167320480206,-0.29357798165137616,0.23537210572845338
20270851,slow reversible,0.25,0.31666666666666665,0.5152700949950603,-0.3486238532110092,0.2763428858245084
20270851,slow reversible,0.30000000000000004,0.34166666666666673,0.5611871029033122,-0.3761467889908257,0.31322003628081135
20270851,slow reversible,0.35000000000000003,0.3666666666666667,0.6107750581354772,-0.4036697247706422,0.33450415989219406
20270851,slow reversible,0.4,0.39166666666666666,0.6585678105265591,-0.43119266055045874,0.34490612854454117
20270851,slow reversible,0.45,0.39999999999999997,0.6850795936920118,-0.44036697247706424,0.32613381572259975
20270851,slow reversible,0.5,0.39999999999999997,0.6976332176462012,-0.44036697247706424,0.29904615466340145
20270851,slow reversible,0.55,0.37499999999999994,0.6531636045439071,-0.41284403669724773,0.2580902272431993
20270851,slow reversible,0.6000000000000001,0.3499999999999999,0.6187252031128669,-0.3853211009174312,0.21808134364357779
20270851,slow reversible,0.65,0.2666666666666666,0.46540526158227524,-0.29357798165137616,0.16743630517060404
20270851,slow reversible,0.7000000000000001,0.1833333333333333,0.3232467283844078,-0.2018348623853211,0.10210974571957998
20270851,slow reversible,0.75,0.13333333333333325,0.245931856376695,-0.14678899082568808,0.062388142091848287
20270851,slow reversible,0.8,0.016666666666666607,0.031389180898627966,-0.01834862385321101,0.011538324794156285
20270851,slow reversible,0.8500000000000001,0.0,-1.4114939916431979e-05,0.0,0.0005418808027286559
20270851,slow reversible,0.9,0.0,-8.494054486996028e-06,0.0,0.0007856391756805303
20270851,slow reversible,0.9500000000000001,0.0,-2.080682798533129e-05,0.0,0.000520191206477838
20270851,slow reversible,1.0,0.0,0.0,0.0,0.0
20270851,"slow reversible, slow ramp",0.0,0.0,0.004523733519776085,0.0,-0.001415263251664571
20270851,"slow reversible, slow ramp",0.05,0.0,-0.017081501769287244,0.0,-0.0007231486212534999
20270851,"slow reversible, slow ramp",0.1,0.0,-0.011871839562501263,0.0,0.0005197571133361556
20270851,"slow reversible, slow ramp",0.15000000000000002,0.0,-0.012679196982864627,0.0,0.0004326126734732205
20270851,"slow reversible, slow ramp",0.2,0.0,-0.011734798400765412,0.0,0.0012479074135088308
20270851,"slow reversible, slow ramp",0.25,0.0,-0.004044331711578086,0.0,0.00389712746605958
20270851,"slow reversible, slow ramp",0.30000000000000004,0.09999999999999998,0.15875812295582786,-0.11009174311926606,0.06378494435152893
20270851,"slow reversible, slow ramp",0.35000000000000003,0.2416666666666667,0.40453346613237723,-0.26605504587155965,0.1697381259653718
20270851,"slow reversible, slow ramp",0.4,0.30000000000000004,0.5132873570090941,-0.3302752293577982,0.2405861673546143
20270851,"slow reversible, slow ramp",0.45,0.375,0.6450563695493872,-0.41284403669724773,0.2985512861078401
20270851,"slow reversible, slow ramp",0.5,0.39166666666666666,0.6817404141410165,-0.43119266055045874,0.2857065598365889
20270851,"slow reversible, slow ramp",0.55,0.28333333333333327,0.4876067677970301,-0.3119266055045872,0.2131353754272043
20270851,"slow reversible, slow ramp",0.6000000000000001,0.12499999999999994,0.20526601983251713,-0.13761467889908258,0.09852721047806179
20270851,"slow reversible, slow ramp",0.65,0.0,-3.5143055003405976e-05,0.0,-0.0016779225037689693
20270851,"slow reversible, slow ramp",0.7000000000000001,0.0,7.66192290246881e-05,0.0,0.0010550495294641138
20270851,"slow reversible, slow ramp",0.75,0.0,0.00014479991027394057,0.0,-0.0007247407942018169
20270851,"slow reversible, slow ramp",0.8,0.0,0.000318289916262815,0.0,0.0006794152321764058
20270851,"slow reversible, slow ramp",0.8500000000000001,0.0,5.020686806700425e-05,0.0,-0.0012569034057740014
20270851,"slow reversible, slow ramp",0.9,0.0,0.00011721105245554586,0.0,0.000989862198317204
20270851,"slow reversible, slow ramp",0.9500000000000001,0.0,-0.00010374898524534437,0.0,0.00042684310419349725
20270851,"slow reversible, slow ramp",1.0,0.0,0.0,0.0,0.0
20270851,one-way boundary,0.0,0.39166666666666666,0.6020694398619248,-0.43119266055045874,0.2297579490994752
20270851,one-way boundary,0.05,0.39166666666666666,0.6154192313725539,-0.43119266055045874,0.30525408185412795
20270851,one-way boundary,0.1,0.39166666666666666,0.6145322723740936,-0.43119266055045874,0.35056245410959086
20270851,one-way boundary,0.15000000000000002,0.39166666666666666,0.6171436484329536,-0.43119266055045874,0.3757392659129891
20270851,one-way boundary,0.2,0.39166666666666666,0.6245054670897572,-0.43119266055045874,0.38761395163547663
20270851,one-way boundary,0.25,0.39166666666666666,0.6302527609361688,-0.43119266055045874,0.3819915752011426
20270851,one-way boundary,0.30000000000000004,0.39166666666666666,0.6403463152649831,-0.43119266055045874,0.3754249266718965
20270851,one-way boundary,0.35000000000000003,0.39166666666666666,0.650673259426041,-0.43119266055045874,0.3586027706042527
20270851,one-way boundary,0.4,0.39166666666666666,0.6607398294664468,-0.43119266055045874,0.34148959866121875
20270851,one-way boundary,0.45,0.39166666666666666,0.6722379656205264,-0.43119266055045874,0.31857324513708624
20270851,one-way boundary,0.5,0.39166666666666666,0.6847932637699572,-0.43119266055045874,0.29251661439674803
20270851,one-way boundary,0.55,0.36666666666666664,0.6536543400859286,-0.4036697247706422,0.25548044397643543
20270851,one-way boundary,0.6000000000000001,0.3166666666666666,0.5773759507526648,-0.3486238532110092,0.2085998748910768
20270851,one-way boundary,0.65,0.24999999999999994,0.46149438606012805,-0.27522935779816515,0.15877811895923033
20270851,one-way boundary,0.7000000000000001,0.11666666666666664,0.2087658344494897,-0.12844036697247707,0.08009749035486702
20270851,one-way boundary,0.75,0.0,0.00030468194307220475,0.0,0.011159042156418053
20270851,one-way boundary,0.8,0.0,-0.0002449674236182364,0.0,-0.0011027776052614513
20270851,one-way boundary,0.8500000000000001,0.0,-0.0001467780438128008,0.0,0.00014793708396132477
20270851,one-way boundary,0.9,0.0,0.00015462377488839607,0.0,0.0008250736128571079
20270851,one-way boundary,0.9500000000000001,0.0,-3.8230128990068835e-05,0.0,0.0005307737557294079
20270851,one-way boundary,1.0,0.0,0.0,0.0,0.0
20270851,slow reversible + graph reset,0.0,0.0,0.019227754446654866,0.0,0.0050370115667123586
20270851,slow reversible + graph reset,0.05,0.0,0.025274805112250498,0.0,0.00665130744835038
20270851,slow reversible + graph reset,0.1,0.0,0.015506542254045297,0.0,0.006116909446294311
20270851,slow reversible + graph reset,0.15000000000000002,0.0,0.012797846247423805,0.0,0.006405115818416268
20270851,slow reversible + graph reset,0.2,0.0,0.010859777564203754,0.0,0.008085418356763269
20270851,slow reversible + graph reset,0.25,0.0,0.0022897802799287104,0.0,0.004741851156750909
20270851,slow reversible + graph reset,0.30000000000000004,0.0,0.0065098976556229315,0.0,0.006701573729430088
20270851,slow reversible + graph reset,0.35000000000000003,0.0,0.0030873501473969167,0.0,0.004636271291893035
20270851,slow reversible + graph reset,0.4,0.0,0.0015394228288760914,0.0,0.005983057218130694
20270851,slow reversible + graph reset,0.45,0.0,0.0007258868901450222,0.0,0.005631929810524905
20270851,slow reversible + graph reset,0.5,0.0,0.0038953903116780153,0.0,0.011721500664849449
20270851,slow reversible + graph reset,0.55,0.37499999999999994,0.6531636045439071,-0.41284403669724773,0.2580902272431993
20270851,slow reversible + graph reset,0.6000000000000001,0.3499999999999999,0.6187252031128669,-0.3853211009174312,0.21808134364357779
20270851,slow reversible + graph reset,0.65,0.2666666666666666,0.46540526158227524,-0.29357798165137616,0.16743630517060404
20270851,slow reversible + graph reset,0.7000000000000001,0.1833333333333333,0.3232467283844078,-0.2018348623853211,0.10210974571957998
20270851,slow reversible + graph reset,0.75,0.13333333333333325,0.245931856376695,-0.14678899082568808,0.062388142091848287
20270851,slow reversible + graph reset,0.8,0.016666666666666607,0.031389180898627966,-0.01834862385321101,0.011538324794156285
20270851,slow reversible + graph reset,0.8500000000000001,0.0,-1.4114939916431979e-05,0.0,0.0005418808027286559
20270851,slow reversible + graph reset,0.9,0.0,-8.494054486996028e-06,0.0,0.0007856391756805303
20270851,slow reversible + graph reset,0.9500000000000001,0.0,-2.080682798533129e-05,0.0,0.000520191206477838
20270851,slow reversible + graph reset,1.0,0.0,0.0,0.0,0.0
20270852,no rewiring,0.0,0.0,0.030471069021486663,0.0,0.008553362706713231
20270852,no rewiring,0.05,0.0,0.04358440846776118,0.0,0.012421938210378292
20270852,no rewiring,0.1,0.0,0.03163778148599894,0.0,0.015079957351686102
20270852,no rewiring,0.15000000000000002,0.0,0.025247511190969962,0.0,0.014017845028360343
20270852,no rewiring,0.2,0.0,0.013264764695806175,0.0,0.012654579902815988
20270852,no rewiring,0.25,0.0,0.004900709263969905,0.0,0.008371709948521877
20270852,no rewiring,0.30000000000000004,0.0,0.0028589508375661543,0.0,0.004721704428779838
20270852,no rewiring,0.35000000000000003,0.0,0.0027590705019734374,0.0,0.004372670938961709
20270852,no rewiring,0.4,0.0,-0.0009527419223390732,0.0,0.005548649016994589
20270852,no rewiring,0.45,0.0,-0.0006684496766286019,0.0,0.0013483207461806868
20270852,no rewiring,0.5,0.0,0.0013822499635483543,0.0,0.0032422099935344173
20270852,no rewiring,0.55,0.0,0.000175856092978266,0.0,0.00022206246794453932
20270852,no rewiring,0.6000000000000001,0.0,-0.000676203996258784,0.0,0.004334210736334443
20270852,no rewiring,0.65,0.0,-0.0015733443536964375,0.0,0.0012609392014967247
20270852,no rewiring,0.7000000000000001,0.0,0.0003373148421846883,0.0,0.0012689183936354098
20270852,no rewiring,0.75,0.0,0.0010561076340087627,0.0,0.0009968673763803837
20270852,no rewiring,0.8,0.0,6.4690071121698e-05,0.0,0.0033527096082399677
20270852,no rewiring,0.8500000000000001,0.0,-0.0020007195287951307,0.0,0.0018177161045109802
20270852,no rewiring,0.9,0.0,0.0001281423052673092,0.0,0.00298791425096101
20270852,no rewiring,0.9500000000000001,0.0,0.00028126164474789883,0.0,0.0022934323737167084
20270852,no rewiring,1.0,0.0,0.0,0.0,0.0
20270852,fast reversible,0.0,0.0,-0.04090084273385708,0.0,0.0034594898753257594
20270852,fast reversible,0.05,0.0,-0.03994121087780067,0.0,0.0052786147924586
20270852,fast reversible,0.1,0.0,-0.03511816401329848,0.0,0.006658318560540694
20270852,fast reversible,0.15000000000000002,0.0,-0.047492295409880536,0.0,0.004521741974922888
20270852,fast reversible,0.2,0.0,-0.04715128011942016,0.0,0.004410286614811465
20270852,fast reversible,0.25,0.0,-0.05186591626551157,0.0,0.0035714604440011954
20270852,fast reversible,0.30000000000000004,0.0,-0.049666369855569714,0.0,0.016106000259994868
20270852,fast reversible,0.35000000000000003,0.125,0.17849062307081914,-0.1339285714285714,0.10368056131560277
20270852,fast reversible,0.4,0.20833333333333337,0.30836614344944335,-0.2232142857142857,0.1669413208948895
20270852,fast reversible,0.45,0.33333333333333337,0.5212723372490506,-0.3571428571428571,0.2773771017861082
20270852,fast reversible,0.5,0.4,0.6577852655338066,-0.42857142857142855,0.2993307289978778
20270852,fast reversible,0.55,0.39166666666666666,0.6640768037397169,-0.41964285714285715,0.2671607067877787
20270852,fast reversible,0.6000000000000001,0.35,0.6094404883730308,-0.375,0.23262307321203035
20270852,fast reversible,0.65,0.29166666666666663,0.5166312403264348,-0.3125,0.17890676007170292
20270852,fast reversible,0.7000000000000001,0.2,0.3577328995249919,-0.21428571428571427,0.11759115089113314
20270852,fast reversible,0.75,0.07500000000000001,0.13490853000211867,-0.08035714285714286,0.04870160224139308
20270852,fast reversible,0.8,0.0,-1.021328931150034e-05,0.0,0.006831868094033022
20270852,fast reversible,0.8500000000000001,0.0,-2.7930016055499607e-07,0.0,0.0009296002401734116
20270852,fast reversible,0.9,0.0,1.3626308356329275e-05,0.0,0.0019910437362214983
20270852,fast reversible,0.9500000000000001,0.0,-3.412729429275174e-06,0.0,0.0012482423136944698
20270852,fast reversible,1.0,0.0,0.0,0.0,0.0
20270852,"fast reversible, slow ramp",0.0,0.0,0.002728034134973689,0.0,0.0012974222627549215
20270852,"fast reversible, slow ramp",0.05,0.0,-0.009154823026020775,0.0,0.00032671762739042154
20270852,"fast reversible, slow ramp",0.1,0.0,-0.009490176366628744,0.0,0.0008677876291547648
20270852,"fast reversible, slow ramp",0.15000000000000002,0.0,-0.008590972842017264,0.0,0.0020803874995545257
20270852,"fast reversible, slow ramp",0.2,0.0,-0.010825578995357965,0.0,0.004520780197636937
20270852,"fast reversible, slow ramp",0.25,0.0,-0.008138773436792202,0.0,0.004617889883535065
20270852,"fast reversible, slow ramp",0.30000000000000004,0.0,-0.004886148042776761,0.0,0.0038720580572536023
20270852,"fast reversible, slow ramp",0.35000000000000003,0.0,-0.005504802758446892,0.0,0.009540516674313826
20270852,"fast reversible, slow ramp",0.4,0.0,0.001979749086982119,0.0,0.013254128897298711
20270852,"fast reversible, slow ramp",0.45,0.2833333333333333,0.4521028206533607,-0.30357142857142855,0.2107522611879401
20270852,"fast reversible, slow ramp",0.5,0.3916666666666667,0.6420556895395304,-0.4196428571428571,0.28708355043788925
20270852,"fast reversible, slow ramp",0.55,0.30833333333333335,0.5267767499593095,-0.33035714285714285,0.22509284736845314
20270852,"fast reversible, slow ramp",0.6000000000000001,0.14166666666666672,0.24674772616340823,-0.1517857142857143,0.10567809551036655
20270852,"fast reversible, slow ramp",0.65,0.0,-0.00019034055009969908,0.0,0.0002685070058168204
20270852,"fast reversible, slow ramp",0.7000000000000001,0.0,-5.39010253504113e-05,0.0,0.0009750679868782974
20270852,"fast reversible, slow ramp",0.75,0.0,6.21372980931234e-05,0.0,0.0015313284189775178
20270852,"fast reversible, slow ramp",0.8,0.0,-3.084970918143526e-05,0.0,-0.002448601103115511
20270852,"fast reversible, slow ramp",0.8500000000000001,0.0,-3.2069509646515115e-05,0.0,-0.0006018914948825449
20270852,"fast reversible, slow ramp",0.9,0.0,0.000260405571163691,0.0,-0.0005959706417971722
20270852,"fast reversible, slow ramp",0.9500000000000001,0.0,-0.00027074753599443113,0.0,-0.0011624793540845335
20270852,"fast reversible, slow ramp",1.0,0.0,0.0,0.0,0.0
20270852,slow reversible,0.0,0.07500000000000001,0.13675960153738914,-0.08035714285714285,0.03211339005996807
20270852,slow reversible,0.05,0.15000000000000002,0.22804193654404398,-0.1607142857142857,0.07420812863468575
20270852,slow reversible,0.1,0.2,0.2790754486943829,-0.21428571428571427,0.12370357883838295
20270852,slow reversible,0.15000000000000002,0.2333333333333334,0.31593421931904114,-0.24999999999999997,0.168166407789633
20270852,slow reversible,0.2,0.25,0.34296403970231243,-0.2678571428571428,0.20000494457674012
20270852,slow reversible,0.25,0.275,0.3737793716223654,-0.2946428571428571,0.24743242452970843
20270852,slow reversible,0.30000000000000004,0.30833333333333335,0.4329249797302364,-0.33035714285714285,0.2831473839529809
20270852,slow reversible,0.35000000000000003,0.35,0.520051804779714,-0.375,0.30868946986445434
20270852,slow reversible,0.4,0.36666666666666675,0.5628659782325562,-0.39285714285714285,0.3150270978507898
20270852,slow reversible,0.45,0.37500000000000006,0.594408372133874,-0.40178571428571425,0.29921422416105725
20270852,slow reversible,0.5,0.3916666666666667,0.643799319684117,-0.4196428571428571,0.2919514945850368
20270852,slow reversible,0.55,0.3666666666666667,0.6202734837574104,-0.39285714285714285,0.2536926009785333
20270852,slow reversible,0.6000000000000001,0.30833333333333335,0.5309129290635815,-0.33035714285714285,0.20715610295253206
20270852,slow reversible,0.65,0.275,0.4857489019720747,-0.2946428571428571,0.16261551049832368
20270852,slow reversible,0.7000000000000001,0.21666666666666667,0.38264080223812025,-0.23214285714285715,0.11556381440137498
20270852,slow reversible,0.75,0.09166666666666667,0.16480921604946497,-0.09821428571428571,0.054517017801033796
20270852,slow reversible,0.8,0.0,6.719997221982243e-05,0.0,0.009283964744503437
20270852,slow reversible,0.8500000000000001,0.0,0.00013044192083511152,0.0,0.001050532344780808
20270852,slow reversible,0.9,0.0,0.0002594992943296681,0.0,0.00201563316209441
20270852,slow reversible,0.9500000000000001,0.0,3.30987055700005e-05,0.0,0.0012670274203876453
20270852,slow reversible,1.0,0.0,0.0,0.0,0.0
20270852,"slow reversible, slow ramp",0.0,0.0,0.020641277093360166,0.0,0.000811307175378688
20270852,"slow reversible, slow ramp",0.05,0.0,0.004441019921738565,0.0,-0.0011974698291145197
20270852,"slow reversible, slow ramp",0.1,0.0,0.008619635535933978,0.0,0.0001470849127473972
20270852,"slow reversible, slow ramp",0.15000000000000002,0.0,0.008719017901160753,0.0,0.00017854293836563895
20270852,"slow reversible, slow ramp",0.2,0.01666666666666672,0.015423705339178917,-0.01785714285714285,0.00988902662689739
20270852,"slow reversible, slow ramp",0.25,0.16666666666666669,0.24528145863028816,-0.17857142857142855,0.10877025598886447
20270852,"slow reversible, slow ramp",0.30000000000000004,0.22500000000000003,0.3165517701782635,-0.24107142857142855,0.17005299231380933
20270852,"slow reversible, slow ramp",0.35000000000000003,0.2916666666666667,0.42778194632086103,-0.3125,0.2291717481292207
20270852,"slow reversible, slow ramp",0.4,0.3416666666666667,0.52995484800834,-0.36607142857142855,0.2730794176745873
20270852,"slow reversible, slow ramp",0.45,0.38333333333333336,0.6075995144221016,-0.4107142857142857,0.30423645275842903
20270852,"slow reversible, slow ramp",0.5,0.4,0.6556909068062081,-0.42857142857142855,0.29538842685265987
20270852,"slow reversible, slow ramp",0.55,0.30833333333333335,0.5247127548898324,-0.33035714285714285,0.2294124343793733
20270852,"slow reversible, slow ramp",0.6000000000000001,0.1333333333333333,0.22219078624739874,-0.14285714285714285,0.10289780282146488
20270852,"slow reversible, slow ramp",0.65,0.0,-1.3970675886154638e-06,0.0,0.0003576471000749093
20270852,"slow reversible, slow ramp",0.7000000000000001,0.0,-3.085555477799762e-05,0.0,0.0009666408247365199
20270852,"slow reversible, slow ramp",0.75,0.0,-1.0370559904382404e-05,0.0,0.0015373720684366265
20270852,"slow reversible, slow ramp",0.8,0.0,-2.3700426141193276e-05,0.0,-0.0024631922429362296
20270852,"slow reversible, slow ramp",0.8500000000000001,0.0,2.5445115676703267e-06,0.0,-0.0005883958900270159
20270852,"slow reversible, slow ramp",0.9,0.0,-1.5279855005490006e-05,0.0,-0.0006038931215887056
20270852,"slow reversible, slow ramp",0.9500000000000001,0.0,-9.324105389452164e-06,0.0,-0.0011591696781670935
20270852,"slow reversible, slow ramp",1.0,0.0,0.0,0.0,0.0
20270852,one-way boundary,0.0,0.3916666666666667,0.5205895628945241,-0.4196428571428571,0.23082200143647832
20270852,one-way boundary,0.05,0.3916666666666667,0.5398778842236331,-0.4196428571428571,0.30457562805308036
20270852,one-way boundary,0.1,0.3916666666666667,0.5444672223764391,-0.4196428571428571,0.3499116638855941
20270852,one-way boundary,0.15000000000000002,0.3916666666666667,0.5434668907356179,-0.4196428571428571,0.37181340913167577
20270852,one-way boundary,0.2,0.3916666666666667,0.5495442157576214,-0.4196428571428571,0.380799413507239
20270852,one-way boundary,0.25,0.3916666666666667,0.5572704674508674,-0.4196428571428571,0.3773200654973626
20270852,one-way boundary,0.30000000000000004,0.3916666666666667,0.5709537024334261,-0.4196428571428571,0.3667510920244522
20270852,one-way boundary,0.35000000000000003,0.3916666666666667,0.589004683174972,-0.4196428571428571,0.35404777008227606
20270852,one-way boundary,0.4,0.3916666666666667,0.6061302671670231,-0.4196428571428571,0.3383282788598219
20270852,one-way boundary,0.45,0.3916666666666667,0.6247105668518496,-0.4196428571428571,0.3127151214607916
20270852,one-way boundary,0.5,0.3916666666666667,0.6456681180583081,-0.4196428571428571,0.29143922421750645
20270852,one-way boundary,0.55,0.3583333333333334,0.6118263940612081,-0.3839285714285714,0.2529060846866802
20270852,one-way boundary,0.6000000000000001,0.30833333333333335,0.5422779202843306,-0.33035714285714285,0.203636911027133
20270852,one-way boundary,0.65,0.2416666666666667,0.4278019460443213,-0.2589285714285714,0.14927910994198912
20270852,one-way boundary,0.7000000000000001,0.16666666666666669,0.3069645435318088,-0.17857142857142858,0.0969666814074227
20270852,one-way boundary,0.75,0.050000000000000044,0.09322653119136792,-0.053571428571428575,0.03518949313734221
20270852,one-way boundary,0.8,0.0,-0.00022220894091118382,0.0,0.003992095368115178
20270852,one-way boundary,0.8500000000000001,0.0,-0.0004964159892419939,0.0,0.0008695377078172806
20270852,one-way boundary,0.9,0.0,4.0521197374299156e-05,0.0,0.0020317374253917553
20270852,one-way boundary,0.9500000000000001,0.0,-0.0001109680365791732,0.0,0.0012680998860796766
20270852,one-way boundary,1.0,0.0,0.0,0.0,0.0
20270852,slow reversible + graph reset,0.0,0.0,0.030471067907094973,0.0,0.008553353852207145
20270852,slow reversible + graph reset,0.05,0.0,0.043584400815328106,0.0,0.012421924956113897
20270852,slow reversible + graph reset,0.1,0.0,0.031637754914034366,0.0,0.015079940125019842
20270852,slow reversible + graph reset,0.15000000000000002,0.0,0.025247435868115453,0.0,0.014017827732264926
20270852,slow reversible + graph reset,0.2,0.0,0.013264542193660689,0.0,0.012654524380811105
20270852,slow reversible + graph reset,0.25,0.0,0.004900026076260056,0.0,0.008371518192197558
20270852,slow reversible + graph reset,0.30000000000000004,0.0,0.0028568070205319818,0.0,0.004721368989131003
20270852,slow reversible + graph reset,0.35000000000000003,0.0,0.0027528636618116553,0.0,0.004371358442418538
20270852,slow reversible + graph reset,0.4,0.0,-0.0009709013290465918,0.0,0.0055636039902989265
20270852,slow reversible + graph reset,0.45,0.0,-0.0007326362622916416,0.0,0.0016486503124540919
20270852,slow reversible + graph reset,0.5,0.0,-0.0005719007328995884,0.0,0.010697178839009891
20270852,slow reversible + graph reset,0.55,0.3666666666666667,0.6202734837574104,-0.39285714285714285,0.2536926009785333
20270852,slow reversible + graph reset,0.6000000000000001,0.30833333333333335,0.5309129290635815,-0.33035714285714285,0.20715610295253206
20270852,slow reversible + graph reset,0.65,0.275,0.4857489019720747,-0.2946428571428571,0.16261551049832368
20270852,slow reversible + graph reset,0.7000000000000001,0.21666666666666667,0.38264080223812025,-0.23214285714285715,0.11556381440137498
20270852,slow reversible + graph reset,0.75,0.09166666666666667,0.16480921604946497,-0.09821428571428571,0.054517017801033796
20270852,slow reversible + graph reset,0.8,0.0,6.719997221982243e-05,0.0,0.009283964744503437
20270852,slow reversible + graph reset,0.8500000000000001,0.0,0.00013044192083511152,0.0,0.001050532344780808
20270852,slow reversible + graph reset,0.9,0.0,0.0002594992943296681,0.0,0.00201563316209441
20270852,slow reversible + graph reset,0.9500000000000001,0.0,3.30987055700005e-05,0.0,0.0012670274203876453
20270852,slow reversible + graph reset,1.0,0.0,0.0,0.0,0.0
20270853,no rewiring,0.0,0.0,0.01705519404717637,0.0,0.0053068458252301595
20270853,no rewiring,0.05,0.0,0.025619411008903914,0.0,0.008094362699820445
20270853,no rewiring,0.1,0.0,0.02992364453882196,0.0,0.00943157367451479
20270853,no rewiring,0.15000000000000002,0.0,0.016196888276431287,0.0,0.009047327062586763
20270853,no rewiring,0.2,0.0,0.015575136352158514,0.0,0.006702829781636527
20270853,no rewiring,0.25,0.0,0.012192242011142052,0.0,0.006358888533611773
20270853,no rewiring,0.30000000000000004,0.0,0.001972514738977471,0.0,0.006618351888452556
20270853,no rewiring,0.35000000000000003,0.0,0.006016523309653743,0.0,0.007154343374141836
20270853,no rewiring,0.4,0.0,0.0014653148652529202,0.0,0.0027045988007437516
20270853,no rewiring,0.45,0.0,-0.0014545647529433103,0.0,0.003546934868324858
20270853,no rewiring,0.5,0.0,0.003209346712904293,0.0,0.002687465483169782
20270853,no rewiring,0.55,0.0,0.002311370779197297,0.0,0.004879106080138418
20270853,no rewiring,0.6000000000000001,0.0,0.000273742056337678,0.0,0.0007765341767405065
20270853,no rewiring,0.65,0.0,0.001787698965015183,0.0,0.004423498274167659
20270853,no rewiring,0.7000000000000001,0.0,-0.0002972069382602416,0.0,0.002957947112181447
20270853,no rewiring,0.75,0.0,-0.0003728869690659553,0.0,0.00014924803613902693
20270853,no rewiring,0.8,0.0,0.00030553971608665575,0.0,-0.0016764436980050146
20270853,no rewiring,0.8500000000000001,0.0,0.0006499010241643455,0.0,0.003900705736187171
20270853,no rewiring,0.9,0.0,0.0014660314519822637,0.0,-0.0004868933899766503
20270853,no rewiring,0.9500000000000001,0.0,0.0006571604308655277,0.0,0.001674357691564543
20270853,no rewiring,1.0,0.0,0.0,0.0,0.0
20270853,fast reversible,0.0,0.0,0.04671755373776271,0.0,0.007333016180351981
20270853,fast reversible,0.05,0.0,0.055496996179138,0.0,0.012182743814556987
20270853,fast reversible,0.1,0.0,0.04816353738522611,0.0,0.015672754425656896
20270853,fast reversible,0.15000000000000002,0.0,0.030688537099649915,0.0,0.016173034267894876
20270853,fast reversible,0.2,0.0,0.02440700423242914,0.0,0.01635239682309958
20270853,fast reversible,0.25,0.0,0.02493329522739257,0.0,0.022784287794140767
20270853,fast reversible,0.30000000000000004,0.050000000000000044,0.10780748668416629,-0.051282051282051266,0.09223486718527085
20270853,fast reversible,0.35000000000000003,0.2083333333333334,0.3349477067075839,-0.21367521367521367,0.2108650898106338
20270853,fast reversible,0.4,0.33333333333333337,0.545244553075638,-0.3418803418803419,0.294572200599644
20270853,fast reversible,0.45,0.375,0.6260431050599302,-0.3846153846153846,0.3090567234392114
20270853,fast reversible,0.5,0.3999999999999999,0.6833262199034041,-0.41025641025641024,0.3057345576569459
20270853,fast reversible,0.55,0.3749999999999999,0.6426357656486901,-0.38461538461538464,0.2718338739124523
20270853,fast reversible,0.6000000000000001,0.34999999999999987,0.6042829692206463,-0.358974358974359,0.22593264194327067
20270853,fast reversible,0.65,0.2749999999999999,0.4721031361355674,-0.28205128205128205,0.17557316781934984
20270853,fast reversible,0.7000000000000001,0.20833333333333326,0.36339998323961387,-0.21367521367521367,0.11403314704962064
20270853,fast reversible,0.75,0.09999999999999987,0.17866068694816117,-0.10256410256410256,0.054365448289310114
20270853,fast reversible,0.8,0.008333333333333304,0.015579611506579272,-0.008547008547008548,0.01202185130950173
20270853,fast reversible,0.8500000000000001,0.0,-7.826482737338658e-06,0.0,0.0033783689093106473
20270853,fast reversible,0.9,0.0,-2.2127678191874445e-05,0.0,-0.0016480889612473515
20270853,fast reversible,0.9500000000000001,0.0,1.1669592956953245e-05,0.0,0.0006003416426708652
20270853,fast reversible,1.0,0.0,0.0,0.0,0.0
20270853,"fast reversible, slow ramp",0.0,0.0,0.03326258777877761,0.0,0.004116235390467973
20270853,"fast reversible, slow ramp",0.05,0.0,0.045862631605918136,0.0,0.006199505963861582
20270853,"fast reversible, slow ramp",0.1,0.0,0.04836113034160011,0.0,0.008856820380941877
20270853,"fast reversible, slow ramp",0.15000000000000002,0.0,0.04820460361931339,0.0,0.010356896126130388
20270853,"fast reversible, slow ramp",0.2,0.0,0.04306568699125829,0.0,0.011665664320016228
20270853,"fast reversible, slow ramp",0.25,0.0,0.03841318639941532,0.0,0.010781475656924111
20270853,"fast reversible, slow ramp",0.30000000000000004,0.0,0.03681465983953647,0.0,0.013348988452906552
20270853,"fast reversible, slow ramp",0.35000000000000003,0.0,0.03989743852883887,0.0,0.016828709561900357
20270853,"fast reversible, slow ramp",0.4,0.0,0.035777459058457806,0.0,0.016108750136956784
20270853,"fast reversible, slow ramp",0.45,0.24166666666666672,0.4093866250373959,-0.24786324786324784,0.1853501751236744
20270853,"fast reversible, slow ramp",0.5,0.3999999999999999,0.6794373384854763,-0.41025641025641024,0.3025012541648422
20270853,"fast reversible, slow ramp",0.55,0.3583333333333333,0.6169925912697234,-0.36752136752136755,0.25595165016191856
20270853,"fast reversible, slow ramp",0.6000000000000001,0.23333333333333328,0.39751578167246127,-0.23931623931623933,0.1638544457968799
20270853,"fast reversible, slow ramp",0.65,0.016666666666666607,0.029367656056472735,-0.017094017094017096,0.019784431293415006
20270853,"fast reversible, slow ramp",0.7000000000000001,0.0,-9.556418840706016e-07,0.0,0.0005900757407971691
20270853,"fast reversible, slow ramp",0.75,0.0,2.3251953737202236e-05,0.0,-0.00016728364803386686
20270853,"fast reversible, slow ramp",0.8,0.0,-3.6168002943703925e-06,0.0,0.0011990571127771243
20270853,"fast reversible, slow ramp",0.8500000000000001,0.0,1.7181655269316032e-05,0.0,-0.00211888752223488
20270853,"fast reversible, slow ramp",0.9,0.0,1.2169877574352839e-05,0.0,-0.000428120516511199
20270853,"fast reversible, slow ramp",0.9500000000000001,0.0,-1.7154570798205704e-05,0.0,-0.0002567471182031156
20270853,"fast reversible, slow ramp",1.0,0.0,0.0,0.0,0.0
20270853,slow reversible,0.0,0.07500000000000001,0.14592829033955834,-0.07692307692307693,0.019721460035636934
20270853,slow reversible,0.05,0.1166666666666667,0.1941559198151958,-0.11965811965811962,0.04691341878739638
20270853,slow reversible,0.1,0.16666666666666666,0.2772797613329251,-0.17094017094017092,0.09324712900054989
20270853,slow reversible,0.15000000000000002,0.19999999999999998,0.29808455884961577,-0.20512820512820512,0.14780956664321912
20270853,slow reversible,0.2,0.2583333333333333,0.39064798741581913,-0.2649572649572649,0.22583473753693123
20270853,slow reversible,0.25,0.30833333333333335,0.4821747959201211,-0.3162393162393162,0.2705338042515125
20270853,slow reversible,0.30000000000000004,0.33333333333333337,0.5206200925045573,-0.3418803418803419,0.3213630258742665
20270853,slow reversible,0.35000000000000003,0.3583333333333333,0.5835236775304552,-0.3675213675213675,0.3221800282949796
20270853,slow reversible,0.4,0.3666666666666667,0.6055052114399992,-0.37606837606837606,0.3197566052940643
20270853,slow reversible,0.45,0.3916666666666666,0.6535554366869176,-0.40170940170940167,0.32242509288274857
20270853,slow reversible,0.5,0.3916666666666666,0.6700264724527253,-0.40170940170940167,0.2974635005782028
20270853,slow reversible,0.55,0.3916666666666666,0.6805972776316294,-0.40170940170940167,0.27374293122346427
20270853,slow reversible,0.6000000000000001,0.35,0.6274109598092398,-0.358974358974359,0.23510901772002013
20270853,slow reversible,0.65,0.30833333333333324,0.551952230063856,-0.3162393162393162,0.1890964831453581
20270853,slow reversible,0.7000000000000001,0.21666666666666656,0.3971879241863582,-0.22222222222222224,0.12157827715920488
20270853,slow reversible,0.75,0.1333333333333333,0.24453758703005624,-0.13675213675213677,0.06334269459364528
20270853,slow reversible,0.8,0.033333333333333326,0.061078569216108214,-0.03418803418803419,0.021366325299431166
20270853,slow reversible,0.8500000000000001,0.0,5.119113203166936e-05,0.0,0.0037907363022261498
20270853,slow reversible,0.9,0.0,-0.0002503123581746314,0.0,-0.0016211929567870875
20270853,slow reversible,0.9500000000000001,0.0,0.0002086242905232627,0.0,0.0006222439562684201
20270853,slow reversible,1.0,0.0,0.0,0.0,0.0
20270853,"slow reversible, slow ramp",0.0,0.0,-0.00526403691258126,0.0,0.0027140347527497694
20270853,"slow reversible, slow ramp",0.05,0.0,0.01742306899537266,0.0,0.004286688434649799
20270853,"slow reversible, slow ramp",0.1,0.0,0.021593053632556036,0.0,0.006415313543174789
20270853,"slow reversible, slow ramp",0.15000000000000002,0.0,0.019957739739775993,0.0,0.006912232697988574
20270853,"slow reversible, slow ramp",0.2,0.0,0.02319295343368294,0.0,0.007958787408691048
20270853,"slow reversible, slow ramp",0.25,0.050000000000000044,0.10056348554952182,-0.051282051282051266,0.04443285783781398
20270853,"slow reversible, slow ramp",0.30000000000000004,0.16666666666666666,0.282002127818937,-0.17094017094017092,0.12020990509653806
20270853,"slow reversible, slow ramp",0.35000000000000003,0.2333333333333333,0.39414996088537996,-0.2393162393162393,0.1791251630121567
20270853,"slow reversible, slow ramp",0.4,0.2833333333333333,0.4795121357371498,-0.29059829059829057,0.232586759939442
20270853,"slow reversible, slow ramp",0.45,0.3583333333333333,0.6058272014879038,-0.3675213675213675,0.2843539733916804
20270853,"slow reversible, slow ramp",0.5,0.3833333333333333,0.654397931715556,-0.39316239316239315,0.28862897215904004
20270853,"slow reversible, slow ramp",0.55,0.29999999999999993,0.49716970821575807,-0.3076923076923077,0.21725356878077973
20270853,"slow reversible, slow ramp",0.6000000000000001,0.17499999999999993,0.2831094002770418,-0.1794871794871795,0.1280665714176623
20270853,"slow reversible, slow ramp",0.65,0.0,-0.00022202710619845245,0.0,0.00015368204913923655
20270853,"slow reversible, slow ramp",0.7000000000000001,0.0,0.0001997572246822399,0.0,0.0005618997597669484
20270853,"slow reversible, slow ramp",0.75,0.0,-0.0002813482014439872,0.0,-0.00016842072753775472
20270853,"slow reversible, slow ramp",0.8,0.0,0.0002531937975412957,0.0,0.0011752463887209075
20270853,"slow reversible, slow ramp",0.8500000000000001,0.0,-0.00011976837962446307,0.0,-0.0021344778507648154
20270853,"slow reversible, slow ramp",0.9,0.0,-5.2077668463823557e-05,0.0,-0.00044820259634159587
20270853,"slow reversible, slow ramp",0.9500000000000001,0.0,-0.0002457816501451049,0.0,-0.0002667806003270323
20270853,"slow reversible, slow ramp",1.0,0.0,0.0,0.0,0.0
20270853,one-way boundary,0.0,0.3999999999999999,0.5862431828518981,-0.41025641025641024,0.24919869324687843
20270853,one-way boundary,0.05,0.3999999999999999,0.6005524636025168,-0.41025641025641024,0.32337549393014753
20270853,one-way boundary,0.1,0.3999999999999999,0.602812802275236,-0.41025641025641024,0.3692438332166189
20270853,one-way boundary,0.15000000000000002,0.3999999999999999,0.5982523801485564,-0.41025641025641024,0.39345907853828865
20270853,one-way boundary,0.2,0.3999999999999999,0.6079343305734486,-0.41025641025641024,0.3999827772000277
20270853,one-way boundary,0.25,0.3999999999999999,0.6208376572556411,-0.41025641025641024,0.39902702030064496
20270853,one-way boundary,0.30000000000000004,0.3999999999999999,0.6255405815390372,-0.41025641025641024,0.3911555347535141
20270853,one-way boundary,0.35000000000000003,0.3999999999999999,0.6416885771076143,-0.41025641025641024,0.377947282706364
20270853,one-way boundary,0.4,0.3999999999999999,0.6527257431507301,-0.41025641025641024,0.35340633249328407
20270853,one-way boundary,0.45,0.3999999999999999,0.6666268577930721,-0.41025641025641024,0.3317362085353991
20270853,one-way boundary,0.5,0.3999999999999999,0.683326284473359,-0.41025641025641024,0.30571714013773543
20270853,one-way boundary,0.55,0.3833333333333332,0.6636049906884358,-0.39316239316239315,0.27383548423214554
20270853,one-way boundary,0.6000000000000001,0.33333333333333326,0.5820836951018514,-0.3418803418803419,0.21931696095213093
20270853,one-way boundary,0.65,0.2666666666666666,0.4651357602865265,-0.27350427350427353,0.16942168363930832
20270853,one-way boundary,0.7000000000000001,0.19999999999999996,0.350204366002253,-0.20512820512820512,0.11943191162901301
20270853,one-way boundary,0.75,0.11666666666666659,0.2076580695997654,-0.11965811965811966,0.056385710431710145
20270853,one-way boundary,0.8,0.04999999999999993,0.0936393339621373,-0.05128205128205128,0.020378268208951056
20270853,one-way boundary,0.8500000000000001,0.0,3.1228476760070123e-07,0.0,0.005510836697095733
20270853,one-way boundary,0.9,0.0,-1.945131724256921e-05,0.0,-0.0016003814534171212
20270853,one-way boundary,0.9500000000000001,0.0,1.6498722673730093e-05,0.0,0.0005986919032027194
20270853,one-way boundary,1.0,0.0,0.0,0.0,0.0
20270853,slow reversible + graph reset,0.0,0.0,0.01705519381028936,0.0,0.005306844644588339
20270853,slow reversible + graph reset,0.05,0.0,0.025619409678834082,0.0,0.008094360246475696
20270853,slow reversible + graph reset,0.1,0.0,0.029923640339888258,0.0,0.00943157019917644
20270853,slow reversible + graph reset,0.15000000000000002,0.0,0.016196876182663633,0.0,0.009047318488831141
20270853,slow reversible + graph reset,0.2,0.0,0.015575100097449501,0.0,0.006702806332435779
20270853,slow reversible + graph reset,0.25,0.0,0.012192138676594466,0.0,0.006358816329868122
20270853,slow reversible + graph reset,0.30000000000000004,0.0,0.0019722629317941442,0.0,0.0066182342144280315
20270853,slow reversible + graph reset,0.35000000000000003,0.0,0.006016329382778518,0.0,0.007154534122803868
20270853,slow reversible + graph reset,0.4,0.0,0.0014708293164361064,0.0,0.002721710628001861
20270853,slow reversible + graph reset,0.45,0.0,-0.0013866996815000143,0.0,0.003864841458463719
20270853,slow reversible + graph reset,0.5,0.0,0.002517288606436574,0.0,0.010435656823388872
20270853,slow reversible + graph reset,0.55,0.3916666666666666,0.6805972776316294,-0.40170940170940167,0.27374293122346427
20270853,slow reversible + graph reset,0.6000000000000001,0.35,0.6274109598092398,-0.358974358974359,0.23510901772002013
20270853,slow reversible + graph reset,0.65,0.30833333333333324,0.551952230063856,-0.3162393162393162,0.1890964831453581
20270853,slow reversible + graph reset,0.7000000000000001,0.21666666666666656,0.3971879241863582,-0.22222222222222224,0.12157827715920488
20270853,slow reversible + graph reset,0.75,0.1333333333333333,0.24453758703005624,-0.13675213675213677,0.06334269459364528
20270853,slow reversible + graph reset,0.8,0.033333333333333326,0.061078569216108214,-0.03418803418803419,0.021366325299431166
20270853,slow reversible + graph reset,0.8500000000000001,0.0,5.119113203166936e-05,0.0,0.0037907363022261498
20270853,slow reversible + graph reset,0.9,0.0,-0.0002503123581746314,0.0,-0.0016211929567870875
20270853,slow reversible + graph reset,0.9500000000000001,0.0,0.0002086242905232627,0.0,0.0006222439562684201
20270853,slow reversible + graph reset,1.0,0.0,0.0,0.0,0.0
20270854,no rewiring,0.0,0.0,0.020288950198202982,0.0,0.0038254167697686775
20270854,no rewiring,0.05,0.0,0.021906758126679693,0.0,0.008130955186167632
20270854,no rewiring,0.1,0.0,0.01785025756021058,0.0,0.009161623231579014
20270854,no rewiring,0.15000000000000002,0.0,0.014192485621743467,0.0,0.010119368816306734
20270854,no rewiring,0.2,0.0,0.005001363684717652,0.0,0.00930801809489376
20270854,no rewiring,0.25,0.0,0.0028766194710486692,0.0,0.00774277150966679
20270854,no rewiring,0.30000000000000004,0.0,0.0035885975670669756,0.0,0.007628765516206948
20270854,no rewiring,0.35000000000000003,0.0,0.004832778439058716,0.0,0.0030984801845446164
20270854,no rewiring,0.4,0.0,0.0007899811021483405,0.0,0.005790896909619814
20270854,no rewiring,0.45,0.0,-0.0006687868429572363,0.0,0.003677410628614708
20270854,no rewiring,0.5,0.0,-0.002588616852111425,0.0,0.0043462146222815745
20270854,no rewiring,0.55,0.0,0.001773555222471801,0.0,0.0039655885107789945
20270854,no rewiring,0.6000000000000001,0.0,0.0003890484722224863,0.0,0.002438105805758095
20270854,no rewiring,0.65,0.0,-0.001850915168912226,0.0,0.00412030188884116
20270854,no rewiring,0.7000000000000001,0.0,-0.001179641530540232,0.0,0.0020608079127042433
20270854,no rewiring,0.75,0.0,-0.0005339335947544543,0.0,0.0034666338689608445
20270854,no rewiring,0.8,0.0,-0.0008295065305016225,0.0,0.00257371417489638
20270854,no rewiring,0.8500000000000001,0.0,-8.330088654062706e-05,0.0,0.0015038193621389473
20270854,no rewiring,0.9,0.0,-0.00036948071935233306,0.0,-4.081032180236477e-05
20270854,no rewiring,0.9500000000000001,0.0,-0.001129904200441817,0.0,0.0011279737029382675
20270854,no rewiring,1.0,0.0,0.0,0.0,0.0
20270854,fast reversible,0.0,0.0,0.03176474179031241,0.0,0.004944375196012957
20270854,fast reversible,0.05,0.0,0.04571841552612832,0.0,0.009805823983631848
20270854,fast reversible,0.1,0.0,0.03759374566854967,0.0,0.01072722078943722
20270854,fast reversible,0.15000000000000002,0.0,0.04425251572155792,0.0,0.01097451457840909
20270854,fast reversible,0.2,0.0,0.03492278567138962,0.0,0.007603206309515859
20270854,fast reversible,0.25,0.0,0.03288730346138258,0.0,0.00440076000765055
20270854,fast reversible,0.30000000000000004,0.0,0.03301338361145523,0.0,0.009527774136373512
20270854,fast reversible,0.35000000000000003,0.09999999999999998,0.1855519283022693,-0.11009174311926606,0.0732736786516332
20270854,fast reversible,0.4,0.17500000000000004,0.3028442800425875,-0.1926605504587156,0.13450523503620232
20270854,fast reversible,0.45,0.30000000000000004,0.5095044823563968,-0.3302752293577982,0.2433388842710006
20270854,fast reversible,0.5,0.39166666666666666,0.6735226035596176,-0.43119266055045874,0.2919607646852498
20270854,fast reversible,0.55,0.35833333333333334,0.6369397295410586,-0.3944954128440367,0.2528674744202388
20270854,fast reversible,0.6000000000000001,0.3,0.5413403126357461,-0.3302752293577982,0.204837821442013
20270854,fast reversible,0.65,0.24999999999999994,0.45501589170712997,-0.27522935779816515,0.15586724261920637
20270854,fast reversible,0.7000000000000001,0.11666666666666664,0.2145000985504263,-0.12844036697247707,0.08134045694213898
20270854,fast reversible,0.75,0.0,-9.676252636947602e-05,0.0,0.0116992393554326
20270854,fast reversible,0.8,0.0,-7.818012816296349e-05,0.0,0.0019371411959332452
20270854,fast reversible,0.8500000000000001,0.0,8.5177458566843e-05,0.0,0.0005182764250344363
20270854,fast reversible,0.9,0.0,-0.0002813934523651085,0.0,-0.0011124462714166006
20270854,fast reversible,0.9500000000000001,0.0,0.00018055168220543205,0.0,0.00012830553091691677
20270854,fast reversible,1.0,0.0,0.0,0.0,0.0
20270854,"fast reversible, slow ramp",0.0,0.0,-0.02525348387534526,0.0,8.869758012039486e-05
20270854,"fast reversible, slow ramp",0.05,0.0,-0.013484659289917489,0.0,-4.372229016334772e-05
20270854,"fast reversible, slow ramp",0.1,0.0,-0.010830092423311233,0.0,0.000798373634308569
20270854,"fast reversible, slow ramp",0.15000000000000002,0.0,-0.015010511332161525,0.0,0.0036530352126550314
20270854,"fast reversible, slow ramp",0.2,0.0,-0.016111314823854195,0.0,0.0020865805124850867
20270854,"fast reversible, slow ramp",0.25,0.0,-0.008261437257800375,0.0,0.0012217457712419555
20270854,"fast reversible, slow ramp",0.30000000000000004,0.0,-0.0031149435806269166,0.0,-0.00036764954979395803
20270854,"fast reversible, slow ramp",0.35000000000000003,0.0,-0.0062858097964245685,0.0,0.0025212784016562795
20270854,"fast reversible, slow ramp",0.4,0.0,-0.005241567098788036,0.0,0.0005580031434169186
20270854,"fast reversible, slow ramp",0.45,0.19166666666666665,0.3320126370322055,-0.21100917431192662,0.13327181920659342
20270854,"fast reversible, slow ramp",0.5,0.39166666666666666,0.6746169293179705,-0.43119266055045874,0.2866221628507253
20270854,"fast reversible, slow ramp",0.55,0.3,0.5185755805676215,-0.3302752293577982,0.22111943031171744
20270854,"fast reversible, slow ramp",0.6000000000000001,0.20833333333333331,0.36707040932120627,-0.22935779816513763,0.14920360405601996
20270854,"fast reversible, slow ramp",0.65,0.0,-1.3523016001659727e-05,0.0,0.0003324493805891837
20270854,"fast reversible, slow ramp",0.7000000000000001,0.0,-0.00025048126526705516,0.0,0.0012832682702431653
20270854,"fast reversible, slow ramp",0.75,0.0,7.438474258381067e-05,0.0,-0.002028909007249835
20270854,"fast reversible, slow ramp",0.8,0.0,0.0002594483886826371,0.0,-0.0011152207610720666
20270854,"fast reversible, slow ramp",0.8500000000000001,0.0,0.0002882404109056935,0.0,0.0020052768628923134
20270854,"fast reversible, slow ramp",0.9,0.0,-0.00012245523702414385,0.0,0.0006417477581597275
20270854,"fast reversible, slow ramp",0.9500000000000001,0.0,-0.00024685734114193725,0.0,-0.001562967873682708
20270854,"fast reversible, slow ramp",1.0,0.0,0.0,0.0,0.0
20270854,slow reversible,0.0,0.08333333333333337,0.13286797228970226,-0.09174311926605505,0.023677241677579716
20270854,slow reversible,0.05,0.15833333333333333,0.25259545648071524,-0.1743119266055046,0.08360835253017185
20270854,slow reversible,0.1,0.2333333333333334,0.37168593515004067,-0.25688073394495414,0.14636679560810423
20270854,slow reversible,0.15000000000000002,0.275,0.4422782589507543,-0.30275229357798167,0.20637614691332815
20270854,slow reversible,0.2,0.2916666666666667,0.46801036021135595,-0.3211009174311927,0.2587015197079966
20270854,slow reversible,0.25,0.31666666666666665,0.5034419176816234,-0.3486238532110092,0.30908271864015846
20270854,slow reversible,0.30000000000000004,0.3583333333333334,0.5881796687797424,-0.3944954128440367,0.32824297878799114
20270854,slow reversible,0.35000000000000003,0.3666666666666667,0.6131067648696168,-0.4036697247706422,0.32461553637011975
20270854,slow reversible,0.4,0.375,0.6276650825264052,-0.41284403669724773,0.32242306304507823
20270854,slow reversible,0.45,0.38333333333333336,0.6555241561031648,-0.42201834862385323,0.3064563124085612
20270854,slow reversible,0.5,0.38333333333333336,0.665989821189704,-0.42201834862385323,0.2833575310214139
20270854,slow reversible,0.55,0.36666666666666664,0.65284419958754,-0.4036697247706422,0.2501649175983838
20270854,slow reversible,0.6000000000000001,0.3166666666666667,0.5714766195544083,-0.3486238532110092,0.2074695145107276
20270854,slow reversible,0.65,0.22500000000000003,0.39304562387146025,-0.24770642201834864,0.1430020167672249
20270854,slow reversible,0.7000000000000001,0.1833333333333333,0.321191920768913,-0.2018348623853211,0.09886700814660754
20270854,slow reversible,0.75,0.09166666666666667,0.1605103048208143,-0.10091743119266056,0.05001938634160996
20270854,slow reversible,0.8,0.0,-0.0002959024518809361,0.0,0.00719425343138258
20270854,slow reversible,0.8500000000000001,0.0,-0.00013934381459013157,0.0,0.0006788334390529505
20270854,slow reversible,0.9,0.0,-4.4324374574244985e-05,0.0,-0.0010730300851401475
20270854,slow reversible,0.9500000000000001,0.0,0.0001276321451436635,0.0,0.00016031093146506858
20270854,slow reversible,1.0,0.0,0.0,0.0,0.0
20270854,"slow reversible, slow ramp",0.0,0.0,0.01287882846389754,0.0,0.002293501813094831
20270854,"slow reversible, slow ramp",0.05,0.0,0.04057411193223992,0.0,0.003044878675468196
20270854,"slow reversible, slow ramp",0.1,0.0,0.03337926126402008,0.0,0.004965510516876825
20270854,"slow reversible, slow ramp",0.15000000000000002,0.0,0.025710806900930028,0.0,0.007939402271877422
20270854,"slow reversible, slow ramp",0.2,0.025000000000000022,0.05317411291466495,-0.027522935779816515,0.01859339136797375
20270854,"slow reversible, slow ramp",0.25,0.125,0.21178594774254988,-0.13761467889908258,0.08498900033108941
20270854,"slow reversible, slow ramp",0.30000000000000004,0.25833333333333336,0.4287586720311927,-0.28440366972477066,0.1911754457679612
20270854,"slow reversible, slow ramp",0.35000000000000003,0.3333333333333333,0.5463495476248249,-0.3669724770642202,0.2777330644228645
20270854,"slow reversible, slow ramp",0.4,0.375,0.6230443300127155,-0.41284403669724773,0.3106260339801782
20270854,"slow reversible, slow ramp",0.45,0.39999999999999997,0.6742510385066537,-0.44036697247706424,0.3168731900790562
20270854,"slow reversible, slow ramp",0.5,0.39999999999999997,0.6876232059977114,-0.44036697247706424,0.2935922526826873
20270854,"slow reversible, slow ramp",0.55,0.3249999999999999,0.5706350045186644,-0.3577981651376147,0.23736332864883336
20270854,"slow reversible, slow ramp",0.6000000000000001,0.1416666666666666,0.24591852684987103,-0.1559633027522936,0.11182493691080164
20270854,"slow reversible, slow ramp",0.65,0.0,-1.3368729236518107e-05,0.0,0.0002231013028183293
20270854,"slow reversible, slow ramp",0.7000000000000001,0.0,-2.510217853735064e-05,0.0,0.001320947815275253
20270854,"slow reversible, slow ramp",0.75,0.0,-5.016255158696303e-06,0.0,-0.002004335873434182
20270854,"slow reversible, slow ramp",0.8,0.0,-1.6756134134987555e-05,0.0,-0.001120545609662571
20270854,"slow reversible, slow ramp",0.8500000000000001,0.0,-2.301427991968641e-05,0.0,0.001982710803324017
20270854,"slow reversible, slow ramp",0.9,0.0,2.6439061985295e-06,0.0,0.0006414830738539212
20270854,"slow reversible, slow ramp",0.9500000000000001,0.0,-2.78175066630304e-05,0.0,-0.0015573872901397667
20270854,"slow reversible, slow ramp",1.0,0.0,0.0,0.0,0.0
20270854,one-way boundary,0.0,0.38333333333333336,0.5643599789686878,-0.42201834862385323,0.2124833922763536
20270854,one-way boundary,0.05,0.38333333333333336,0.5756353414718366,-0.42201834862385323,0.2886366935117601
20270854,one-way boundary,0.1,0.38333333333333336,0.5807882976751286,-0.42201834862385323,0.3351075755472958
20270854,one-way boundary,0.15000000000000002,0.38333333333333336,0.5862954238392879,-0.42201834862385323,0.36270232030598026
20270854,one-way boundary,0.2,0.38333333333333336,0.5931126594411016,-0.42201834862385323,0.37414892904613317
20270854,one-way boundary,0.25,0.38333333333333336,0.6005997550864457,-0.42201834862385323,0.37157016143913624
20270854,one-way boundary,0.30000000000000004,0.38333333333333336,0.61420153255597,-0.42201834862385323,0.3628836251736308
20270854,one-way boundary,0.35000000000000003,0.38333333333333336,0.6276740927077509,-0.42201834862385323,0.34511563666855205
20270854,one-way boundary,0.4,0.38333333333333336,0.6368961546068785,-0.42201834862385323,0.3299539356045193
20270854,one-way boundary,0.45,0.38333333333333336,0.6501364346948075,-0.42201834862385323,0.30820709056369955
20270854,one-way boundary,0.5,0.38333333333333336,0.6615531525439518,-0.42201834862385323,0.2853188809646797
20270854,one-way boundary,0.55,0.36666666666666664,0.6423004651911963,-0.4036697247706422,0.25303222964949446
20270854,one-way boundary,0.6000000000000001,0.3416666666666667,0.6048474263259657,-0.3761467889908257,0.21579261509077063
20270854,one-way boundary,0.65,0.2916666666666667,0.520457350929056,-0.3211009174311927,0.17551684070397333
20270854,one-way boundary,0.7000000000000001,0.24166666666666664,0.42536005391634857,-0.26605504587155965,0.128080470006244
20270854,one-way boundary,0.75,0.14999999999999997,0.26903734811609514,-0.1651376146788991,0.07631126320505066
20270854,one-way boundary,0.8,0.04166666666666663,0.0738561160984631,-0.045871559633027525,0.027129711358131026
20270854,one-way boundary,0.8500000000000001,0.0,6.580314152226929e-05,0.0,0.0014826929216240625
20270854,one-way boundary,0.9,0.0,-0.0002601086389183438,0.0,-0.0010526867570908038
20270854,one-way boundary,0.9500000000000001,0.0,-9.317816431453352e-05,0.0,0.0001518857826364739
20270854,one-way boundary,1.0,0.0,0.0,0.0,0.0
20270854,slow reversible + graph reset,0.0,0.0,0.020288950227162816,0.0,0.0038254102095978057
20270854,slow reversible + graph reset,0.05,0.0,0.021906756624541113,0.0,0.008130951954130217
20270854,slow reversible + graph reset,0.1,0.0,0.017850251851395993,0.0,0.009161620195409892
20270854,slow reversible + graph reset,0.15000000000000002,0.0,0.01419247028244669,0.0,0.010119369415618612
20270854,slow reversible + graph reset,0.2,0.0,0.005001329732570059,0.0,0.00930803615067119
20270854,slow reversible + graph reset,0.25,0.0,0.0028765474585218387,0.0,0.007742828435567117
20270854,slow reversible + graph reset,0.30000000000000004,0.0,0.0035885350559005103,0.0,0.0076289899522850035
20270854,slow reversible + graph reset,0.35000000000000003,0.0,0.0048336288402826,0.0,0.0031000793675600713
20270854,slow reversible + graph reset,0.4,0.0,0.0008026263301904035,0.0,0.005810319663917429
20270854,slow reversible + graph reset,0.45,0.0,-0.0005300871264439233,0.0,0.004013736125492773
20270854,slow reversible + graph reset,0.5,0.0,-0.0022399611549897003,0.0,0.012063562992439714
20270854,slow reversible + graph reset,0.55,0.36666666666666664,0.65284419958754,-0.4036697247706422,0.2501649175983838
20270854,slow reversible + graph reset,0.6000000000000001,0.3166666666666667,0.5714766195544083,-0.3486238532110092,0.2074695145107276
20270854,slow reversible + graph reset,0.65,0.22500000000000003,0.39304562387146025,-0.24770642201834864,0.1430020167672249
20270854,slow reversible + graph reset,0.7000000000000001,0.1833333333333333,0.321191920768913,-0.2018348623853211,0.09886700814660754
20270854,slow reversible + graph reset,0.75,0.09166666666666667,0.1605103048208143,-0.10091743119266056,0.05001938634160996
20270854,slow reversible + graph reset,0.8,0.0,-0.0002959024518809361,0.0,0.00719425343138258
20270854,slow reversible + graph reset,0.8500000000000001,0.0,-0.00013934381459013157,0.0,0.0006788334390529505
20270854,slow reversible + graph reset,0.9,0.0,-4.4324374574244985e-05,0.0,-0.0010730300851401475
20270854,slow reversible + graph reset,0.9500000000000001,0.0,0.0001276321451436635,0.0,0.00016031093146506858
20270854,slow reversible + graph reset,1.0,0.0,0.0,0.0,0.0
20270855,no rewiring,0.0,0.0,0.019611131444943863,0.0,0.0036819020443948844
20270855,no rewiring,0.05,0.0,0.025741879761370656,0.0,0.008237175282319598
20270855,no rewiring,0.1,0.0,0.014084406489565438,0.0,0.009450429083137313
20270855,no rewiring,0.15000000000000002,0.0,0.021681784520174552,0.0,0.010685948691357722
20270855,no rewiring,0.2,0.0,0.014326965783552859,0.0,0.007289404245232306
20270855,no rewiring,0.25,0.0,0.011801973941679034,0.0,0.007984109161900066
20270855,no rewiring,0.30000000000000004,0.0,0.009151989773976799,0.0,0.004677682106450365
20270855,no rewiring,0.35000000000000003,0.0,0.006957260039863855,0.0,0.004677253964022576
20270855,no rewiring,0.4,0.0,0.001149505757520708,0.0,0.003746346470214934
20270855,no rewiring,0.45,0.0,-0.0018249558645021535,0.0,0.004480434237822795
20270855,no rewiring,0.5,0.0,0.0003921222463937335,0.0,0.00453885718633007
20270855,no rewiring,0.55,0.0,0.0005459330543340912,0.0,0.0023670382179586946
20270855,no rewiring,0.6000000000000001,0.0,-0.0019205959806332107,0.0,0.0020231203411815724
20270855,no rewiring,0.65,0.0,0.0008268129697203142,0.0,0.002060339734377581
20270855,no rewiring,0.7000000000000001,0.0,-0.002018282020085471,0.0,0.0011701249395491553
20270855,no rewiring,0.75,0.0,-0.0002794572620624658,0.0,0.0018921118809794857
20270855,no rewiring,0.8,0.0,-0.0018040063257176442,0.0,0.00031426709167414746
20270855,no rewiring,0.8500000000000001,0.0,0.0007355400253432065,0.0,-0.0006513176936367993
20270855,no rewiring,0.9,0.0,0.0008945570212441911,0.0,0.0010532593187367878
20270855,no rewiring,0.9500000000000001,0.0,-4.352097195109428e-05,0.0,0.00309390334880133
20270855,no rewiring,1.0,0.0,0.0,0.0,0.0
20270855,fast reversible,0.0,0.0,0.07401916402291409,0.0,0.0070588698698108784
20270855,fast reversible,0.05,0.0,0.09356146886097827,0.0,0.014873096131452337
20270855,fast reversible,0.1,0.0,0.0747238834276755,0.0,0.017845090872745578
20270855,fast reversible,0.15000000000000002,0.0,0.07397441493203555,0.0,0.019728361881642648
20270855,fast reversible,0.2,0.0,0.06727605560389505,0.0,0.018331783838716115
20270855,fast reversible,0.25,0.0,0.05940509901706348,0.0,0.022315967116186386
20270855,fast reversible,0.30000000000000004,0.025000000000000022,0.06177498257993708,-0.025641025641025605,0.06748515175331937
20270855,fast reversible,0.35000000000000003,0.18333333333333338,0.31889401942914547,-0.18803418803418803,0.1724163340089755
20270855,fast reversible,0.4,0.2833333333333333,0.4567168021985372,-0.29059829059829057,0.25454042329740334
20270855,fast reversible,0.45,0.375,0.6210675634483607,-0.3846153846153846,0.30844723353714476
20270855,fast reversible,0.5,0.3999999999999999,0.6767341517630823,-0.41025641025641024,0.3035929225814268
20270855,fast reversible,0.55,0.3666666666666666,0.646711479847534,-0.37606837606837606,0.2645865181608108
20270855,fast reversible,0.6000000000000001,0.32499999999999996,0.5739448340261142,-0.3333333333333333,0.21112487832866977
20270855,fast reversible,0.65,0.29166666666666663,0.5191760230589223,-0.29914529914529914,0.17023615704684902
20270855,fast reversible,0.7000000000000001,0.20833333333333326,0.3682101413436657,-0.21367521367521367,0.11743561805931846
20270855,fast reversible,0.75,0.10833333333333328,0.198319558621194,-0.1111111111111111,0.0558149616976934
20270855,fast reversible,0.8,0.008333333333333304,0.015421193587746296,-0.008547008547008548,0.00749843587778809
20270855,fast reversible,0.8500000000000001,0.0,1.4878146398222825e-06,0.0,-0.0015379271532370842
20270855,fast reversible,0.9,0.0,9.932648707078329e-06,0.0,-6.727165298481275e-06
20270855,fast reversible,0.9500000000000001,0.0,1.9822752758136275e-06,0.0,0.0020401361150043096
20270855,fast reversible,1.0,0.0,0.0,0.0,0.0
20270855,"fast reversible, slow ramp",0.0,0.0,0.09287830188919438,0.0,0.003254281912851549
20270855,"fast reversible, slow ramp",0.05,0.0,0.0748377410648497,0.0,0.00479394553707925
20270855,"fast reversible, slow ramp",0.1,0.0,0.06989375944389764,0.0,0.004941986587576108
20270855,"fast reversible, slow ramp",0.15000000000000002,0.0,0.07106637835363139,0.0,0.007542228379686294
20270855,"fast reversible, slow ramp",0.2,0.0,0.06285513334974085,0.0,0.010367437989977107
20270855,"fast reversible, slow ramp",0.25,0.0,0.06709015959880843,0.0,0.006214401047212104
20270855,"fast reversible, slow ramp",0.30000000000000004,0.0,0.05725999937691645,0.0,0.008194003939275218
20270855,"fast reversible, slow ramp",0.35000000000000003,0.0,0.05896187567330663,0.0,0.004986970205078212
20270855,"fast reversible, slow ramp",0.4,0.0,0.05302544058653852,0.0,0.009158539153143685
20270855,"fast reversible, slow ramp",0.45,0.2083333333333334,0.35548373522820087,-0.21367521367521367,0.15491330491163458
20270855,"fast reversible, slow ramp",0.5,0.3916666666666666,0.6633918315591962,-0.40170940170940167,0.29185668034296064
20270855,"fast reversible, slow ramp",0.55,0.32499999999999996,0.570418339177678,-0.3333333333333333,0.23085568091693687
20270855,"fast reversible, slow ramp",0.6000000000000001,0.11666666666666659,0.1927948261614093,-0.11965811965811965,0.09013133946942575
20270855,"fast reversible, slow ramp",0.65,0.0,8.21498321386116e-05,0.0,-0.0008751900349853736
20270855,"fast reversible, slow ramp",0.7000000000000001,0.0,-2.2945511391037066e-05,0.0,-0.000703948899518192
20270855,"fast reversible, slow ramp",0.75,0.0,3.253079264553538e-05,0.0,-8.884172554635139e-05
20270855,"fast reversible, slow ramp",0.8,0.0,6.3765365494461435e-06,0.0,0.001483683200374064
20270855,"fast reversible, slow ramp",0.8500000000000001,0.0,0.00020647272712170928,0.0,0.0005012225573676199
20270855,"fast reversible, slow ramp",0.9,0.0,-4.227780754340049e-05,0.0,-0.0012931287635230548
20270855,"fast reversible, slow ramp",0.9500000000000001,0.0,-2.8058872251768285e-05,0.0,0.00010992225925299248
20270855,"fast reversible, slow ramp",1.0,0.0,0.0,0.0,0.0
20270855,slow reversible,0.0,0.10833333333333334,0.16277812861067864,-0.1111111111111111,0.02777574016244362
20270855,slow reversible,0.05,0.15833333333333335,0.2596461157551436,-0.16239316239316237,0.06662058036136273
20270855,slow reversible,0.1,0.18333333333333338,0.27685102032740194,-0.18803418803418803,0.10983589327465029
20270855,slow reversible,0.15000000000000002,0.2166666666666667,0.33045783322736516,-0.2222222222222222,0.15064746527912418
20270855,slow reversible,0.2,0.24166666666666672,0.362693621266344,-0.24786324786324784,0.20449335140766395
20270855,slow reversible,0.25,0.275,0.42811106729173526,-0.28205128205128205,0.24134554894478855
20270855,slow reversible,0.30000000000000004,0.31666666666666665,0.4953881698118686,-0.32478632478632474,0.27960382182738996
20270855,slow reversible,0.35000000000000003,0.3416666666666667,0.5473574079195189,-0.3504273504273504,0.3004842892790879
20270855,slow reversible,0.4,0.3583333333333333,0.58025500133392,-0.3675213675213675,0.30861128580687314
20270855,slow reversible,0.45,0.375,0.6210097944543274,-0.3846153846153846,0.30386473866804986
20270855,slow reversible,0.5,0.3916666666666666,0.6639685093668537,-0.40170940170940167,0.29462088134901443
20270855,slow reversible,0.55,0.3916666666666666,0.6781256285816393,-0.40170940170940167,0.26642963774747486
20270855,slow reversible,0.6000000000000001,0.33333333333333326,0.5919200817952033,-0.34188034188034183,0.22103065868258143
20270855,slow reversible,0.65,0.29999999999999993,0.5378887196064801,-0.30769230769230765,0.1821409865469087
20270855,slow reversible,0.7000000000000001,0.22499999999999998,0.4075178736562324,-0.23076923076923078,0.12950299773654428
20270855,slow reversible,0.75,0.1333333333333333,0.24630550455476508,-0.13675213675213677,0.07842645573543805
20270855,slow reversible,0.8,0.02499999999999991,0.04511890510832284,-0.025641025641025644,0.019495868952135176
20270855,slow reversible,0.8500000000000001,0.0,-0.00028858441343670993,0.0,-0.0010703164255929654
20270855,slow reversible,0.9,0.0,9.375398180799799e-05,0.0,4.2812476848452796e-05
20270855,slow reversible,0.9500000000000001,0.0,-0.0002174014567070115,0.0,0.0020690298843406563
20270855,slow reversible,1.0,0.0,0.0,0.0,0.0
20270855,"slow reversible, slow ramp",0.0,0.0,-0.030690362734194232,0.0,0.00031620123188365323
20270855,"slow reversible, slow ramp",0.05,0.0,-0.02379744075597018,0.0,-0.0007347306408090615
20270855,"slow reversible, slow ramp",0.1,0.0,-0.032568867806459734,0.0,-0.0028403261396915402
20270855,"slow reversible, slow ramp",0.15000000000000002,0.0,-0.02854279482687383,0.0,-0.00224452559227728
20270855,"slow reversible, slow ramp",0.2,0.0,-0.034290269200953793,0.0,0.0001970778229742065
20270855,"slow reversible, slow ramp",0.25,0.06666666666666671,0.06947318301681421,-0.06837606837606836,0.03930615106387081
20270855,"slow reversible, slow ramp",0.30000000000000004,0.15000000000000002,0.21607729083938093,-0.15384615384615385,0.11300700073116943
20270855,"slow reversible, slow ramp",0.35000000000000003,0.25,0.3845177486373318,-0.2564102564102564,0.18519260397013948
20270855,"slow reversible, slow ramp",0.4,0.33333333333333337,0.53610049968798,-0.3418803418803419,0.26906764668165445
20270855,"slow reversible, slow ramp",0.45,0.3583333333333333,0.5961462117374748,-0.3675213675213675,0.28228278018817277
20270855,"slow reversible, slow ramp",0.5,0.3999999999999999,0.6770312318548775,-0.41025641025641024,0.2999222609135338
20270855,"slow reversible, slow ramp",0.55,0.30833333333333324,0.5269295401693961,-0.3162393162393162,0.2247620571638409
20270855,"slow reversible, slow ramp",0.6000000000000001,0.17499999999999993,0.29575023213911167,-0.1794871794871795,0.1272566003572031
20270855,"slow reversible, slow ramp",0.65,0.0,-6.5113163175700706e-06,0.0,-0.0006762274662464041
20270855,"slow reversible, slow ramp",0.7000000000000001,0.0,4.6526320496287354e-07,0.0,-0.0006902658266777495
20270855,"slow reversible, slow ramp",0.75,0.0,-1.236371759993915e-05,0.0,-7.182816040907092e-05
20270855,"slow reversible, slow ramp",0.8,0.0,2.0922403000223078e-05,0.0,0.0015013112603411427
20270855,"slow reversible, slow ramp",0.8500000000000001,0.0,2.299755305434914e-05,0.0,0.0004918825475198618
20270855,"slow reversible, slow ramp",0.9,0.0,1.223394167748637e-06,0.0,-0.0012932391026995171
20270855,"slow reversible, slow ramp",0.9500000000000001,0.0,8.64034295622318e-06,0.0,0.00010668653580536702
20270855,"slow reversible, slow ramp",1.0,0.0,0.0,0.0,0.0
20270855,one-way boundary,0.0,0.3916666666666666,0.5567770206783501,-0.40170940170940167,0.22741589343446245
20270855,one-way boundary,0.05,0.3916666666666666,0.574655241725353,-0.40170940170940167,0.30504610013303957
20270855,one-way boundary,0.1,0.3916666666666666,0.5745176670548837,-0.40170940170940167,0.3505621255650006
20270855,one-way boundary,0.15000000000000002,0.3916666666666666,0.5842871648262751,-0.40170940170940167,0.3755168591390119
20270855,one-way boundary,0.2,0.3916666666666666,0.588094556215647,-0.40170940170940167,0.3827098191886011
20270855,one-way boundary,0.25,0.3916666666666666,0.5959219979295329,-0.40170940170940167,0.382198720480612
20270855,one-way boundary,0.30000000000000004,0.3916666666666666,0.6072827313359109,-0.40170940170940167,0.37140115540174623
20270855,one-way boundary,0.35000000000000003,0.3916666666666666,0.6206587735124407,-0.40170940170940167,0.358205405154142
20270855,one-way boundary,0.4,0.3916666666666666,0.6342331249561552,-0.40170940170940167,0.3404598527828995
20270855,one-way boundary,0.45,0.3916666666666666,0.6479591705895387,-0.40170940170940167,0.320506405984065
20270855,one-way boundary,0.5,0.3916666666666666,0.6631098608764959,-0.40170940170940167,0.2969136977205149
20270855,one-way boundary,0.55,0.3833333333333333,0.661233116997674,-0.39316239316239315,0.2643947980817727
20270855,one-way boundary,0.6000000000000001,0.34166666666666656,0.594864803387052,-0.3504273504273504,0.21922582110184363
20270855,one-way boundary,0.65,0.30833333333333324,0.5485028679280763,-0.3162393162393162,0.18006604393541537
20270855,one-way boundary,0.7000000000000001,0.2416666666666666,0.4406962210093065,-0.24786324786324784,0.12884106159421338
20270855,one-way boundary,0.75,0.15833333333333333,0.2895488984691996,-0.1623931623931624,0.08047805447815304
20270855,one-way boundary,0.8,0.0,-4.958609574967632e-05,0.0,0.011481869336982142
20270855,one-way boundary,0.8500000000000001,0.0,0.0002514892187621687,0.0,-0.0014237506237586572
20270855,one-way boundary,0.9,0.0,0.00023292264942376129,0.0,2.1888975484829487e-05
20270855,one-way boundary,0.9500000000000001,0.0,0.0001576037721552348,0.0,0.002053811657410476
20270855,one-way boundary,1.0,0.0,0.0,0.0,0.0
20270855,slow reversible + graph reset,0.0,0.0,0.019611131274728688,0.0,0.0036819021175488256
20270855,slow reversible + graph reset,0.05,0.0,0.025741879208130425,0.0,0.008237175138031086
20270855,slow reversible + graph reset,0.1,0.0,0.014084403988255778,0.0,0.00945042787612374
20270855,slow reversible + graph reset,0.15000000000000002,0.0,0.02168177302753127,0.0,0.010685943787218127
20270855,slow reversible + graph reset,0.2,0.0,0.014326911288900901,0.0,0.007289383126385773
20270855,slow reversible + graph reset,0.25,0.0,0.011801750056602334,0.0,0.007984023558766207
20270855,slow reversible + graph reset,0.30000000000000004,0.0,0.009151159104854312,0.0,0.004677395121603534
20270855,slow reversible + graph reset,0.35000000000000003,0.0,0.006954855750401667,0.0,0.004676923416029155
20270855,slow reversible + graph reset,0.4,0.0,0.001147192293735777,0.0,0.0037566672360943576
20270855,slow reversible + graph reset,0.45,0.0,-0.0017961459581359307,0.0,0.004788638704235737
20270855,slow reversible + graph reset,0.5,0.0,-0.0006677627614878889,0.0,0.012119886455354667
20270855,slow reversible + graph reset,0.55,0.3916666666666666,0.6781256285816393,-0.40170940170940167,0.26642963774747486
20270855,slow reversible + graph reset,0.6000000000000001,0.33333333333333326,0.5919200817952033,-0.34188034188034183,0.22103065868258143
20270855,slow reversible + graph reset,0.65,0.29999999999999993,0.5378887196064801,-0.30769230769230765,0.1821409865469087
20270855,slow reversible + graph reset,0.7000000000000001,0.22499999999999998,0.4075178736562324,-0.23076923076923078,0.12950299773654428
20270855,slow reversible + graph reset,0.75,0.1333333333333333,0.24630550455476508,-0.13675213675213677,0.07842645573543805
20270855,slow reversible + graph reset,0.8,0.02499999999999991,0.04511890510832284,-0.025641025641025644,0.019495868952135176
20270855,slow reversible + graph reset,0.8500000000000001,0.0,-0.00028858441343670993,0.0,-0.0010703164255929654
20270855,slow reversible + graph reset,0.9,0.0,9.375398180799799e-05,0.0,4.2812476848452796e-05
20270855,slow reversible + graph reset,0.9500000000000001,0.0,-0.0002174014567070115,0.0,0.0020690298843406563
20270855,slow reversible + graph reset,1.0,0.0,0.0,0.0,0.0
