draw,signed_area,absolute_area,max_absolute_gap,endpoint_state_deficit,endpoint_G_gap,threshold_width,full_system_multistable,multiplier_gain,multiplier_w_g,multiplier_w_alpha,multiplier_w_m,multiplier_w_l,multiplier_w_c,multiplier_threshold,multiplier_tau_m,multiplier_tau_l,multiplier_tau_c,multiplier_delta_m,multiplier_build_0,multiplier_build_alpha,multiplier_decay_l,multiplier_consolidate_c,multiplier_recover_c
0,0.47885073370638964,0.47885073370638964,0.9740510956124749,0.5715703433455792,0.0055757308668032655,0.55,True,1.002745839282106,1.0794008269436564,1.0270423861966023,0.9869690553773426,1.0624887224607855,0.8426684403657658,1.161505607540834,0.9620632309724676,1.0976507339349681,0.8099149329166232,1.0374326295274783,1.102774457274139,0.9560930333198576,0.9817587763918502,1.0616200547919672,0.9158301389164509
1,0.5770396247320025,0.5770396247320025,0.9859403515121706,0.5139784890711577,0.0020430748343624097,0.65,True,1.192991971175842,0.9040673093511951,0.9292039597095264,0.9729221336436331,1.1598549684632822,0.9638620392127272,1.1789737303430465,1.033818386713454,0.9896674558961285,0.8585432659889977,0.8685909766284532,0.9375130162196388,1.1502095111190132,0.909112880490139,1.0823785224104996,1.0266272312667293
2,0.46460228209070265,0.46460228209070265,0.9663831876338892,0.6827955573653828,0.032000105882594464,0.5500000000000002,True,0.952574335650087,1.0990297979026262,1.0493560541058673,0.9828585256570885,1.1855521328336884,0.9082712198743567,1.0085114797979164,1.093049663257741,0.803655918795638,1.1960779434883784,0.8802729308145322,0.932006233582422,1.0108349008404505,0.9337739141667784,0.916231591209884,1.1734969940387656
3,0.33645281028631463,0.33645281028631463,0.9453937072817666,0.7059334632657628,0.08721263005552794,0.4000000000000001,True,1.0563931653875849,0.8107291638328807,1.1661227254628443,0.9589915425312954,1.0719785811836333,0.884484560389251,0.8063175748268019,0.8447485330044565,0.8009602459651708,1.0761616021829776,0.8520156702282792,0.9294834613507171,1.0482492119591367,1.0963414721954836,0.8479527150179779,1.0318275909564927
4,0.5317576074601031,0.5317576074601031,0.9849341072837442,0.7140317429110926,0.024837094628930936,0.6000000000000001,True,1.1369390809617819,1.0531374840049144,0.9922941338406542,0.9324102582266908,1.1871402828069366,0.9714701918314157,0.9922555798056274,0.9221519406859168,0.9297741305234333,0.9367111781744188,1.1890483775022407,1.1321589870181559,1.157014006931645,0.8381702156260491,1.1203565325485823,1.1747698045403026
5,0.423161548748499,0.423161548748499,0.9721922149211147,0.6288521470291711,0.011058970998132913,0.5000000000000001,True,1.0654718403351164,1.1049491485628997,1.1115978201093737,0.9139709411348662,0.9259037049219196,0.8867084849581233,0.9984036222589352,0.9110071653694763,1.0156482360269459,1.0206633811259294,1.0256325261201762,0.9854800853922182,0.8016345514025255,0.9557644741353903,0.8164774671898442,0.8648167442304007
6,0.425688176838919,0.425688176838919,0.9527796156040863,0.6590973561240451,0.03819452126909116,0.5000000000000001,True,1.0354322985591602,0.8658560830550387,0.9199644807288689,0.9374914126636023,1.0129402381848969,0.8672343299527923,0.8774238315244098,1.172604010167745,0.8858683539911582,0.9672071933353632,1.1404087072770193,0.9627236286595733,1.07346580902742,0.9595700339685251,0.814766151007206,1.1501635983766
7,0.4370643914023877,0.4370643914023877,0.9860535758945899,0.7319857996481355,0.01059820848602911,0.5000000000000001,True,1.1831387643185574,1.1510473994718806,1.1172609926945305,1.0347201223958566,0.8104253881935345,0.8971039809324117,0.9677180515685013,1.0311600412015705,0.8785995500083503,0.8414315192775185,0.9503906744180233,0.9703127086844388,1.113406701709468,1.0605417365183285,1.0434362530876977,0.9575960262116289
8,0.4387242921941535,0.4387242921941535,0.9576137087751022,0.45632816982295554,0.003398937782769048,0.5000000000000001,True,1.0105518350268472,0.8442834300998978,0.9547190326048762,0.9423199978459862,0.8404500307078294,1.0297474468925618,1.1540581068461955,0.8652159498239725,0.8232980754924202,0.9403688774376807,1.0385735744380886,1.1661516075071399,1.0016724219260815,1.1011697513048126,1.1013189530566498,1.093392493615163
9,0.5683401618376521,0.5683401618376521,0.9798874923588826,0.5012756169120391,0.003033017741886304,0.6500000000000001,True,1.0587574044598669,0.9034678831013818,0.8963453069526671,1.1922811564842655,1.0024683193006694,1.1377455709361186,1.194102282693932,1.1751941503256331,0.839523143778405,0.8012933789855818,0.9692187436770145,0.9998938615132654,0.9442336269724547,0.8288772252825299,1.0269780320482034,1.0374901815720066
10,0.43001526058807926,0.43001526058807926,0.9798425957596056,0.7408351918579412,0.03926223055906058,0.5,True,1.1381488848515466,1.0461576085443225,1.091949129435518,1.154022221700825,0.9173224906762285,1.086400316941043,0.8811949945215554,1.0467739368769453,0.947153631333757,0.8120959061002825,0.8260605168992038,1.098234037258102,0.8577531363246581,1.0719464183427796,0.8581726780682075,1.0587972070296752
11,0.5787211804460991,0.5787211804460991,0.9836748479474656,0.7273085119335063,0.04140236864959319,0.65,True,1.153321838894491,0.991141982934078,0.8272588064210492,1.16435138041739,1.0574622065854973,1.104145761122846,0.9001589933773411,0.9553527184671922,1.1540015678376832,0.9766388901650522,0.859005449400635,0.948183904360349,1.1187998560318366,0.8950252512574913,1.1856474429313875,0.9289203816434546
12,0.3523235943019902,0.3523235943019902,0.9553786740977358,0.8622986521757247,0.8944430236135731,,True,0.9386496655572552,1.1251666374870097,1.060938951121781,0.9189642808768379,1.1321099259315455,0.9635722938011355,0.8008293822503252,0.9860974732893948,1.0072151922901682,1.0898650464501236,0.9338162006452125,0.9405803712614061,0.9990816958509243,0.8070005714278918,0.9404918750468104,0.8833942089958876
13,0.43499289382487133,0.43499289382487133,0.9766155991180072,0.579044674454139,0.0051673331085437535,0.5000000000000001,True,1.0823091353572523,1.066848489104108,1.0737064280375535,0.9436866534639895,0.8308640961271062,1.106266662786626,1.0963339891086143,0.8938405177200119,1.0803992480904743,1.167598901656051,1.0834045292649233,0.8491917133263795,0.9976064207961677,0.952844428814808,1.1930718798254298,0.9768739370360742
14,0.6288191497627555,0.6288191497627555,0.9886632201518527,0.6552871526699293,0.007519700160480585,0.7000000000000001,True,1.1353563782527487,1.1998249290261507,0.8398111979236722,1.1116060646109625,0.8894961084439423,1.1084541544378983,1.0364953800032386,1.1956978641870328,0.9439791151018635,1.1608838583414038,0.9480686627941652,0.898959723449134,0.9248673399736214,1.0561112362463108,1.1684477037135865,0.8184135222229911
15,0.3700929180482345,0.3700929180482345,0.9624254461428542,0.47027716859007584,0.0016656984761443396,0.4,True,1.1023652424465076,0.8272027778784569,1.10877552799709,0.9044305651805847,0.8087552306590828,0.8129695157129474,1.160884802550557,0.9683542888946793,0.8461480110875768,0.9784925023601265,1.16153727681096,1.1516256554382889,1.0166506929510404,0.8716657624467458,0.9069563058047525,1.1888453540459387
16,0.4316758162517916,0.4316758162517916,0.9179886608284112,0.7204633280133487,0.17237052285302942,0.55,True,0.8315901931987344,0.9460658107530142,0.8487316122657438,0.9735029068646437,1.1100836333539361,0.9417461551869023,0.8527613663213027,0.9828626931743876,0.8654974804558692,0.8514171353900579,1.0895503803811362,0.9634359415757257,1.1482175596162052,0.9649219550660235,0.937863627244613,0.9905007588587228
17,0.4018104146271931,0.4018104146271931,0.9364225197154471,0.6241543188496096,0.03679267800577451,0.4500000000000002,True,0.9596665259777355,0.8667930887573649,0.9570633445924185,0.8750656030837738,1.0528621969052674,0.9313204970427944,0.9177677586446688,1.0408306398016736,0.9420515313498303,0.9953460728415908,0.9403748693995386,0.8709933884135861,0.8982256975140597,0.9843778367839017,0.8271296814082231,1.0496994318129609
18,0.574400194281061,0.574400194281061,0.982415728251415,0.543100055371392,0.005232425749970521,0.6500000000000001,True,1.1656608969746802,0.9650490519036109,0.8199353792432391,1.0326165744497322,0.886228435575326,1.119253866448026,1.0310896367109987,0.888727062156678,1.1285470197612986,1.0296941975173115,0.8197057636946363,0.8631279266431343,0.9709032992191453,0.9949547597396928,1.1276324546937653,0.8506399122645784
19,0.42740126658979727,0.42740126658979727,0.9336846965889068,0.4700378837708753,0.010410476924597957,0.5000000000000001,True,0.8156935721048967,1.0251242792612942,0.9441824864339836,0.9812255438111215,0.9723035517287445,1.171562836720895,1.181450219794338,0.9200354354868329,1.018527667646459,1.0843746144339077,0.9530518736917374,0.8559418616899687,0.819901756065819,0.96556615166054,1.1290302429372678,0.9704613216609239
20,0.4641978636105685,0.4641978636105685,0.950952701907376,0.6028760609037863,0.020351749263762004,0.5500000000000002,True,0.8784212816929995,1.1037670496049048,0.8754792996314642,1.0503926237185777,0.9563866058169215,0.8345651781051487,1.0232456339786848,0.9355489197156989,1.049484977967255,1.16558564081233,0.9255728020769066,0.8448620312059024,1.165179146987575,1.1851481101247814,1.085962714129003,1.0527418072770836
21,0.47286123867833707,0.47286123867833707,0.9494920310984702,0.5962647405506896,0.022322320131928197,0.5500000000000002,True,0.8485464870854408,1.19825822605557,0.865927797444434,0.8613591737484451,1.041804746186276,0.8830644128615317,1.0529196544563748,1.0495886826576863,1.0348143003917853,1.0802281196069907,1.1072005628683768,0.8806946568222507,1.1415275728487249,1.122618060143164,0.8864203948006817,0.9940192438246475
22,0.4771971695889395,0.4771971695889395,0.982314143436122,0.7470661068598848,0.051062216497699625,0.55,True,1.1637394515425588,1.0059502780071086,0.997066203281302,1.169457876360826,1.0493389890689349,0.9389606130722353,0.8697619261945055,0.8816255833863204,1.0336378898220826,0.9204998463218337,1.0658057920061945,1.1728741481011218,1.1238936331465443,0.9313980839726603,1.117219123046527,0.8234580327194065
23,0.4729640420783108,0.4729640420783108,0.9818092132195876,0.6012841799625277,0.007724476244524949,0.5500000000000002,True,1.1866522756015727,0.9396528261609238,0.9808389124889763,1.1570364249499152,0.9836995625227677,0.8360415187414729,0.986535536702807,0.8533238097350375,1.1179625072983568,1.0376603292205795,1.0305944015825634,0.9893637292582073,1.181832819525667,0.9268942188779952,0.853169289054244,0.9911872935052083
24,0.48231600192499535,0.48231600192499535,0.9769797933357869,0.39445166225462874,0.0013737275106823705,0.55,True,1.141863167566113,0.8497362386722692,0.909457241087736,1.1161935166670203,0.864584120866037,1.1399916010666467,1.1474950741357204,0.9710655378365345,1.1421208701860404,1.1910796458614716,0.9753706821034231,1.0647984732715217,0.9296856710186675,1.0764241648144526,0.9280587943128655,1.092318934043346
25,0.37790329558175545,0.37790329558175545,0.977783595042629,0.7119192485109815,0.03712263856770421,0.45,True,1.1601988671573333,1.0950644248077537,1.1628728470893557,1.1747918673485918,0.9062564531963357,0.8613103117508923,0.8232558647685538,1.0685426964646927,1.1931103340519225,1.1394617233635989,1.0355704313562057,0.9030066294929633,0.8499198244949006,0.8670683047269944,0.9996944550673619,1.0334548201933842
26,0.2989131231116841,0.2989131231116841,0.9186679214105421,0.7100489282844646,0.08375656005237317,0.3500000000000001,True,0.8207630121678213,1.144581029647241,1.176985126639809,1.0214925901006287,0.8489847870339071,0.9482546531428944,0.8796482969267974,0.9384199704243529,1.1978048514693955,1.1292033956975274,1.036609659313917,1.0923235303470729,0.9486918602144362,1.145619382638876,1.1538201215649777,0.8421747057498331
27,0.44978700843104447,0.44978700843104447,0.9717455470650656,0.6852047385104431,0.025844984266451876,0.5000000000000001,True,1.0790317738361699,0.9389725578113175,1.0068897037249371,0.9525778413069704,1.0677803266232806,0.9650579773456025,0.9555044854967455,1.0479499159845702,0.817061217285476,0.9433796549571483,0.94169145908675,0.912829117911399,0.9119413288181105,0.915960488184245,1.0391958982808265,0.8955653274857267
28,0.43527921466308245,0.43527921466308245,0.9731972459300224,0.588965446647372,0.007947244054003443,0.5000000000000001,True,1.119746418244803,0.8336778012154351,1.1216261791102453,0.8477605600613766,1.1995312237043976,0.9198426890356066,1.094821773457579,0.8694929912315161,1.0164706274856123,0.8843733370512572,1.162007854991785,0.8931256719050072,1.0720449080864303,0.8848649900257676,1.1442413505044655,0.9532437314462322
29,0.4629843311665997,0.4629843311665997,0.9561893222905651,0.5477705968194766,0.0098416683932021,0.55,True,0.9547615324064882,1.0707785762713362,0.9225855206415121,0.8578630301757217,0.8553229448785571,1.0797062082831441,1.058303409714294,1.1254011621680524,1.183841980793712,0.9425125237752026,0.960281142828083,0.8167475103041555,0.8914153039418586,1.0072687080668572,0.9238296539021226,0.908711324223226
30,0.5323717223846401,0.5323717223846401,0.9766386589822946,0.8440382001093836,0.6951834343037206,,True,1.0288360246711872,1.122612265984892,0.885607623123515,1.065571186046861,1.0898111341703605,0.8984696281010145,0.8931048404017465,0.8453905431866424,0.8329813162355513,0.8116313252721192,0.9202869893582831,1.1532641304937274,0.9165592096820054,1.1565629868007445,1.1970937532433865,1.0397139751008893
31,0.389594161902801,0.389594161902801,0.9290264883974697,0.6950085462530454,0.0666795756205699,0.5000000000000001,True,0.8668461872988437,0.9716290890412376,1.044613813385967,0.968261626698895,0.9546877195273298,1.114521758407295,0.9214322341961464,1.0780461345431427,0.9874430133790267,0.9892858572044138,0.843138956028612,1.0017604246782157,0.9505376562349733,1.193656648973417,1.0523600119295522,0.9473404233961823
32,0.4052037993725897,0.4052037993725897,0.9329393698248759,0.680814933579308,0.0934028977873766,0.5000000000000001,True,0.8752041517411087,0.9226409090759463,0.9852058234392219,1.1667727948127937,1.1903434634090142,0.9349427698988111,0.8927656880619566,0.9279673510130033,1.0956269103391756,1.1074263171510095,0.9472769685115818,0.8378895361797453,0.9412415993938703,0.958654915027332,1.0313463386222133,0.9110838356882802
33,0.47218705649678555,0.47218705649678555,0.9611659936772158,0.60936543589071,0.020000615887043362,0.5500000000000002,True,0.9613904808354228,0.8811523855741774,0.9524021580070923,1.1533576157484104,1.1295424461413288,0.9723455799793679,1.0481541552674747,0.8620225773352904,1.0635848050989916,0.8379271010740064,0.978858097117006,1.071423073915474,1.1661946701205586,0.9350165008326871,0.9433430761161766,0.8749557487149404
34,0.3751909760612149,0.3751909760612149,0.9574005175317764,0.6542206254922126,0.01845422637832568,0.45000000000000007,True,0.9634601729093148,1.1101121327321164,1.1782221070196974,0.8666733610902462,0.802187211299705,1.1663443158943303,1.0042611564041404,1.0949974780998095,0.981766819413321,1.0196033884649915,1.0505177724262889,1.0928372454726898,0.87664264523255,0.9341460549496337,0.8664222844501783,1.1096813850835896
35,0.3962209344625642,0.3962209344625642,0.9377610051997463,0.6766458920132028,0.03962030444580249,0.5000000000000001,True,0.9037531070448205,0.8733931899034683,1.0959170028690486,1.0359474515903684,1.0098453326856294,1.0235618870974847,0.9838818503897968,0.9992664220669725,1.0249333037922084,0.9018747781764063,1.0359924478685216,1.1423373063851794,1.1932398298605926,1.1840392222290246,1.1789671461511744,0.8743800132590107
36,0.31958776910143033,0.31958776910143033,0.8887207181441423,0.5216185482932232,0.015950314316469285,0.4,True,0.8373430297739585,0.8516696865975986,1.0993165428482878,0.8647241169725889,0.8150415517658587,1.0103567468356434,1.056629154321386,0.877122351460343,0.9067931639975013,1.1061858544827317,1.149325355123863,0.8014693006006073,0.8633848555704474,0.9981029545265373,1.0977093506772702,1.0116285253572244
37,0.3331095770459968,0.3331095770459968,0.9239503858965024,0.8309666086612992,0.8048526640646998,,True,0.8377456511854058,1.1092473537417902,1.0926839616043973,0.8128674399669911,0.9762991834616599,1.1631223140081828,0.8045078905618958,0.9126661571005537,1.1302288301203305,1.0999078633724357,1.075423738280488,0.8504644967517664,1.0431371392437585,1.005141995656299,1.0682536371450753,1.0827115971235182
38,0.5298087060076959,0.5298087060076959,0.9799015075803863,0.5815696224374662,0.006222674060036755,0.6000000000000001,True,1.0389984207978966,1.0394728998006721,0.9576742920314232,1.1606079068713422,0.9453535151345438,1.1843046398521007,1.1361801609023134,1.0285371764897007,1.0866991557523822,0.913545435500933,0.9758695968125713,1.1784881759790933,0.9520731500407278,0.9281813420587215,1.1042813715148192,0.8397326068181484
39,0.5588847365760591,0.5588847365760591,0.9687941773528937,0.5344844626922093,0.009052036838652014,0.6500000000000001,True,0.9184866380771726,1.1448013595988678,0.8634292328557284,1.036261944806314,1.0501495231893307,1.1487245043538086,1.1371049921411958,1.141726938130006,0.8444045341630587,1.1901912281292832,0.8533876740658896,0.857117540200652,0.8558617837439358,1.0319266134807954,0.8832119770497325,0.8946754263212804
40,0.4066462183700733,0.4066462183700733,0.9239333914102469,0.6601733071569542,0.07013714548791194,0.5000000000000001,True,0.9238598916815917,0.8514371969896963,0.9115581424788255,0.9307041971717598,1.1196030543583761,0.8494736839106881,0.8626288025889665,1.049662439425744,1.1153094465194981,1.1044471053180387,0.8839968780629139,1.1204727874039897,0.8038638117361923,0.8434899195009645,1.0754594238620905,1.0764049751980556
41,0.4220477849814924,0.4220477849814924,0.9375768208060049,0.6931761973198336,0.05643200668048474,0.5000000000000001,True,0.9708998425833903,0.8432201730046103,0.8584732105869137,0.9563041544146734,0.8534161122231314,0.9717944330535928,0.8568967681643253,0.8910067397351986,0.8602789590760093,0.8173341101171856,0.9684647730913527,1.0333376795783271,1.076930324422046,0.8104355858678458,1.1208701262365786,1.0509749206696255
42,0.459053733208493,0.459053733208493,0.9779384149003412,0.48598787157528395,0.0019315531109657547,0.55,True,1.1321542770924642,0.8845202673294948,1.1024548182810543,1.0091436324463614,1.0738856207193523,0.947262051238551,1.1936040797554546,0.9668230096341679,0.969427648358373,0.9516263098370898,1.0703107658133766,1.1129893936372899,0.8652703024704927,1.0702058681822642,0.8909920873442675,0.8120123324452471
43,0.5031293047824252,0.5031293047824252,0.989423414115281,0.8729922806449951,0.8750316573047897,,True,1.1780533413288035,1.1697299925170817,1.1255090214790375,1.1804682272732419,1.1352367590235273,0.9796619413533209,0.9361142757471422,1.0568778515966935,0.8480308199733089,0.8642280170580953,0.9233128180209136,0.9673101993666166,0.9291689024507952,0.9966187416982725,0.8986602314444908,0.9744086820364377
44,0.5286870856438419,0.5286870856438419,0.9741260848151997,0.5896470191270723,0.011932400910657306,0.6000000000000001,True,1.0764470420368029,0.9424549600824423,0.8141499045919686,1.0785102802886515,0.995471216189434,0.9043110839479563,0.9831465041938726,1.0658690821579833,0.8016688155016661,1.153551483791525,1.0116378587087584,1.180772753456409,1.0908017710807254,1.0423895417185607,0.8487509176698698,1.1792404196471198
45,0.4705985947964658,0.4705985947964658,0.9426775762712958,0.43191102126468284,0.005061885781174129,0.55,True,0.9326720331689883,0.9016765715802402,0.8527457254806025,0.8180621630464489,0.9542771450717293,1.0803881877697954,1.1594820460337252,1.1910817308287287,0.8526628984413755,1.0345504958458671,1.0794737177421772,1.0343820835739355,0.9939886633145529,0.8722703956896367,1.053529772383357,1.1611284887082902
46,0.46234774528004335,0.46234774528004335,0.9703770521095643,0.6281799403565341,0.019536968098589166,0.55,True,1.1372279135607608,0.8832235347737252,0.9812057640928538,0.9475547405825215,0.9914070823988299,1.170968911742607,0.9254994125818723,1.1465177747325122,1.0446999976221214,1.0981418061388166,1.0742705603035267,1.0746569428200945,0.8424956006295974,0.9185802167259713,0.8071467633023313,0.8692043869399156
47,0.3911147524051054,0.3911147524051054,0.9527548796964314,0.674291414766844,0.04552026736817532,0.5000000000000001,True,1.0722615714941324,0.839019193227179,0.9725612012465626,1.0924359934498487,0.948461074808491,0.8405274331561516,0.8273776726708644,0.806664101477861,1.1462778461582168,1.0435629463562142,0.9427774685668252,0.8018547412046119,1.1815058146697928,0.8391635206002259,0.913447812449957,0.8430292392638359
48,0.4648794197501697,0.4648794197501697,0.9792142051675987,0.6455084871513111,0.008937333918835676,0.55,True,1.1703055689104493,0.9944102847861106,1.0855773940855402,0.8885974299185242,0.8680568791117939,1.1695652703922332,1.000245347809402,1.0416219085235956,0.9492295927768083,1.0014679566336615,0.9750890637139813,1.162051857816481,0.94693038066575,0.8092044148121308,0.8161815187928926,0.8415910059513677
49,0.4630064820773096,0.4630064820773096,0.9356354807545427,0.6155179526921365,0.0420566229369218,0.5000000000000001,True,0.8211856248218969,1.0638952356346405,0.9201050251690952,0.8909952817762066,1.1876249371282537,1.1359923975008157,1.031528649402238,1.1225955580066405,1.1962037141485617,0.9713479534746232,0.8769157156097362,0.9208490533236339,0.9878195338033093,1.0910789008544337,0.8449446182179123,0.8570170852234273
50,0.6769502269173783,0.6769502269173783,0.9893839596366623,0.6354797650181342,0.007657062197637143,0.7500000000000001,True,1.0898328459597921,1.1927886495137234,0.8464975437957158,1.1719826454872933,1.150438629018535,1.1263171730310086,1.1131998866593498,1.0527770996134393,1.085820011436747,0.8912280572362621,0.9307756834375418,0.8440887807477276,0.8391947337342304,1.1648373328587778,1.184475425411042,0.8356222186659575
51,0.5069351410006271,0.5069351410006271,0.9558267149907864,0.5480648481070637,0.01336774222871405,0.6000000000000001,True,0.8546226393178712,1.1124411547524509,0.8618937125132994,1.0902914309932752,0.9640777026738648,0.9533570294659364,1.1185237959668828,0.8078532899919303,0.8302316453553276,1.0217207094988843,1.0155622885815987,0.8477476735836559,0.9809582566774793,1.0955144085750832,1.107249954170236,0.8059460397584923
52,0.4271405609109145,0.4271405609109145,0.9702368995475885,0.7100962063908505,0.029398331917635065,0.5000000000000001,True,1.091262343201676,1.0122435641377872,1.0209609269657598,0.9121441730658251,0.8434149656944264,1.0688318371153935,0.8986513753305894,1.1003972148271433,1.0820535011081718,1.0769161974301484,0.9770991724701674,1.044010219898799,0.9770617934322693,1.0724424387433102,1.1884529884089603,0.8363639637661547
53,0.5592716356655454,0.5592716356655454,0.9728401541313458,0.5342883683526399,0.006943238888594203,0.6500000000000001,True,1.0011092165691848,1.0415224215992254,0.8339387123017593,1.0439154127297303,1.0473437051276142,0.8090562994096817,1.0988597289448243,0.8846856328832233,0.9642276173212248,1.0417789022036312,0.9332624401697192,1.0099017847519793,0.918657498022215,0.9940703919397172,1.1833185124962975,1.0845242681700276
54,0.4725382598694176,0.4725382598694176,0.9706090421163439,0.6621980078913189,0.021336037619653716,0.55,True,1.0507424099200846,0.9633128738859632,0.9796950127582625,1.0242333056817243,0.9301176909302784,1.1703968906437083,0.9818183697920306,0.9435397296871278,0.9780444867093145,0.9651363249553622,1.034377595959058,1.1313575358357761,1.0359399599503767,0.8806034117880488,1.0036760576737325,0.8822163916730847
55,0.3829444559665735,0.3829444559665735,0.966614470221824,0.65800782246371,0.01756510102828037,0.45000000000000007,True,1.0239412478845076,1.004345505943582,1.1752056300669607,1.1074757408535987,1.0235522405511803,0.9136323542088501,1.0006462756589158,1.0874900361451991,1.167034998348484,1.1256539510483419,1.114636059338746,1.0135621782167208,0.9141413786149148,1.0698326933764695,1.1548237438860178,1.0770327716827799
56,0.5270582981404379,0.5270582981404379,0.9872608301454544,0.705392044959192,0.018284899752683555,0.6000000000000001,True,1.1786717038464662,1.1712425503486412,0.9806791785173856,1.182591951551756,0.9383036963799214,0.9163425352660645,0.9243622781868502,0.8549289657445268,1.1059098709831172,1.1571153688449414,1.186450608688888,1.0643988388420034,1.1683517209907623,1.1795356448095242,1.0274440145137513,0.9407182090842008
57,0.4782630581502725,0.4782630581502725,0.9704933082252596,0.6257948678583305,0.01293186711450374,0.5500000000000002,True,1.1527870277897239,0.8077904251417474,0.9002117529452685,0.9810928262804115,0.8858274428617818,1.0576043459348472,0.9521339277875966,1.121086747832732,1.0741330540511012,0.9110220486637544,1.084426901006915,1.114094810663859,1.0255043191182855,1.1808178040184418,1.1623202314900971,0.8332996302174741
58,0.44018835908105947,0.44018835908105947,0.9390495982817422,0.5331004458459939,0.015877851713253333,0.55,True,0.8621381993828372,0.938709504415989,0.9344689206150226,1.0907996114381353,0.9112498514994384,1.1741958848485807,1.0850188794070783,0.8931412777768869,0.8976656338007617,1.1370818444856794,1.1972362366107858,0.8811587868567192,1.191053733235616,1.194274913783738,0.992424825698473,0.8392903442944383
59,0.48259664811828273,0.48259664811828273,0.9856574051903376,0.6729500262022423,0.00951540801938771,0.55,True,1.1271522282589146,1.0266980451313872,1.1601615046474603,1.0477129631984443,1.114615407283968,1.096520449257596,1.1047836320750175,0.8356153674517814,0.8061617547632625,1.050173570886125,1.0016178342491369,1.011073328888968,1.1086956472317602,0.8244760265337682,1.1747753148483673,0.8784106463162362
60,0.49785198081041027,0.49785198081041027,0.9824190701790342,0.8756465744025568,0.9038684030863604,,True,1.1230950146548875,1.0929448541920423,0.9838118202026535,0.9898006655532104,1.0990209008501077,1.1172982846941149,0.8645653172965402,1.0471371120853101,1.0101048260448604,1.0957435770770934,1.0803605470693698,0.9756393309180793,1.0829047369664906,1.0689244196750876,1.1871840309040265,1.0066990364126822
61,0.5795059110398554,0.5795059110398554,0.9869748019454451,0.44329845467886064,0.0010486471679153888,0.6500000000000001,True,1.171649650277045,1.0116121313370452,0.8709815700715751,1.1738185117389097,0.8741434246040363,0.9946319923530443,1.171648683199216,1.153845702162507,1.170230528805855,1.1498380760383564,1.0775184574227503,0.9421111347778574,1.033875647521917,0.8748651112861879,1.0267831897815543,0.8977683575265349
62,0.38895338323574924,0.38895338323574924,0.9572062662183433,0.7368322199513714,0.06815396289655205,0.45000000000000007,True,0.9498944725377769,1.019895500009207,1.075149222956412,1.0550107442028975,0.9315236582902826,1.1567856967367809,0.9150240142677694,1.0982983101411563,0.8830313431263278,0.8676935556018063,1.0826859919998002,1.1788117971042296,1.1384372139964434,0.9328255294751897,1.0161238597285631,0.9115350791764125
63,0.37049066761158334,0.37049066761158334,0.9174602169767887,0.7069732455540179,0.26273008623734495,0.45,True,0.8051794116821066,1.166472084869985,0.8996418812879026,0.8784577104967095,1.0895073347296815,0.8523002967068246,0.8295962425016171,1.1474281458762758,1.1705982761421396,1.0891781810763437,0.8883222362143367,0.8949209293266313,0.8935290436237533,1.1288580453948964,0.8247884509656044,0.8330636938272364
64,0.3864596571492712,0.3864596571492712,0.9262439432283559,0.7093086793665704,0.09682357902929183,0.5,True,0.8569461677759674,1.0921327197631963,0.9255376383972088,0.9984853872530985,0.9299864574373924,0.8479190726175496,0.8397489209294142,1.1438776457055053,1.1877554236222065,1.023002376071601,0.9616166159515306,1.1261644036121665,0.9192193460594255,1.0557067247739487,1.0057746754153398,0.8837110826099972
65,0.37556462825102715,0.37556462825102715,0.9306773998289131,0.6370328103921804,0.03486602298305381,0.4500000000000002,True,0.9190729324539623,0.8168964546830966,1.14642722102537,0.9228755390150624,1.094034103830203,1.0210001125595285,0.9880070663604029,1.0763310476467365,0.8868166482430477,1.0721501513649092,1.1029395889036095,1.0625922358977073,1.0602230667632173,1.1554298493661943,1.0214693104876773,0.8996039325091291
66,0.4123970406811792,0.4123970406811792,0.9368901107815496,0.6945296134550266,0.0829570310334205,0.5000000000000001,True,0.8925671255547781,1.0278933835089843,0.9273718554364582,0.9515108770617469,1.0431026319287318,0.9431583202005588,0.8713947658778272,1.159479322840244,0.8743058852475669,1.1822916271793398,0.8062656801460504,0.8585847920637535,0.8756153382806442,0.9806610442574969,0.9336462892306334,0.8342021645692056
67,0.49228846356393746,0.49228846356393746,0.9867640706022339,0.5734589198556536,0.004517759953225349,0.5500000000000002,True,1.1594425448791885,1.0897700682121676,1.087979945003356,0.9404149660813792,1.1734643218519625,1.050938013320823,1.1203192760225515,0.8934916609980577,1.1557233562261278,1.0047184459774285,1.0715387775400285,1.1012105637815925,0.8663950627098083,1.1213493549910347,0.8662331597515308,1.0463857154912135
68,0.46981536688716313,0.46981536688716313,0.97001274834746,0.691330107712277,0.027354051624272787,0.5500000000000002,True,1.0452515881339424,1.0938429208109537,0.9321527656116544,0.9673615271391667,0.9645456235209491,0.8116309664665243,0.909186935215489,1.0708075142705644,0.973761084647068,1.0695180297401041,0.9210241420671705,0.855311549188498,0.8494253971213437,0.8430210402850612,1.0095926496803336,0.8272228759030572
69,0.5062840486156609,0.5062840486156609,0.9508443074042431,0.5898678380629213,0.017572901149536836,0.6000000000000001,True,0.8234265915621577,1.0677337482213751,0.904824788707665,1.0667118392454027,1.0623860528467226,0.9826527171958788,1.1527971331212523,0.9868395625796551,0.8075654641252041,0.8682118687868041,1.108844379072369,0.8861361980984879,1.0445239548705176,0.8472200017450006,1.181609438242669,0.8995065644203799
70,0.4806928677853029,0.4806928677853029,0.97934894045954,0.7401450137537721,0.056987688709396626,0.55,True,1.048291218214279,1.10824965304846,0.9783547238187671,1.1612579184101093,1.1740405850782805,0.8990190287147382,0.9208802179734904,1.0637491114695878,0.8042078877109196,0.9729767276231902,0.8202775081637279,1.197051953755632,1.0925793888076696,0.9863526664907174,0.8733424111724569,0.8525722002997937
71,0.5558225291273361,0.5558225291273361,0.9772022342116995,0.5100835821385493,0.00657732235258334,0.6000000000000001,True,1.0969871025286662,0.8381991257581065,0.8201262811936353,1.1573466486702193,1.1925119755563411,0.868293942752207,1.0604831858888015,0.9841026902823886,0.9206742131937748,0.9073742769653167,0.8845977296273758,0.8464225459530577,1.0008341722811767,1.1515644303614463,0.840936334395142,1.1943021083706098
72,0.6263549893252337,0.6263549893252337,0.9874597207077092,0.6851008307696739,0.021134639434015327,0.7000000000000001,True,1.1129696231146162,1.1489253553857737,0.8867744394796787,0.978485333659052,1.1895457239812952,1.1803199461449998,1.0211143011434871,0.9566276797837947,1.188793704648576,0.8337830295293732,1.081954841532815,0.9653535608338571,1.1543804137821936,0.8855522187711288,0.8837083966987086,1.0907222846803075
73,0.37970413361963273,0.37970413361963273,0.9269600355511062,0.5547826300242399,0.01176606151248845,0.45000000000000007,True,0.8844109866255039,0.8149985947914913,1.088787275924775,1.052872921888238,0.8784343178841589,1.1131289444702064,1.1122467102096478,1.14413776808687,1.0683729720884267,1.0266316006008513,0.830120990249324,1.1473309254976756,1.125284363652073,1.1741809325758488,1.1332075844105354,1.026049310610735
74,0.3816800550808108,0.3816800550808108,0.9619408622099132,0.633243704380979,0.029810824625351198,0.45000000000000007,True,1.0777941381995584,0.8964754885223772,1.0908254510088262,0.9804068643556795,1.1483870456363654,0.8334004691468863,0.9036270833676714,0.8639658296458985,1.0515790040458504,1.1883052388901638,1.0043934392396365,0.912322775514912,0.8069673868787972,0.8998741463285378,0.8760383996924561,1.0788740346568908
75,0.46257718217241267,0.46257718217241267,0.9408586052500988,0.6513065001632109,0.05379862245832758,0.55,True,0.9539305485209797,0.8322815346466615,0.8854478300583479,0.852513653680986,1.0486070749102328,1.1965176950112475,0.9235660533431265,0.9001150516403491,1.0885277891465517,0.9083939559652632,0.8525320294111689,1.12374454078257,1.093282602308246,0.9833004890814944,0.9840285263728386,1.1472202217657275
76,0.4857173589227468,0.4857173589227468,0.9825912900100211,0.6573499181973975,0.012388400352264309,0.55,True,1.1267238783801647,1.065158157290473,0.9926148514188198,0.9933396003537337,0.9306372489040544,1.1649567017528863,1.0072203032358875,0.9132890281794925,1.1560411974394602,0.9448280056704821,0.9955941928290596,1.0515020736496679,1.1974643211419147,1.1173423113182204,0.9528354183373214,1.156125623577138
77,0.4263489826589608,0.4263489826589608,0.9484301258626673,0.5235898787004463,0.008599245884939526,0.5,True,0.9227617623587159,0.9068907090547634,1.0379069314500553,0.9097643454239777,1.0597430027499046,1.0370203111951735,1.1517371676653951,1.0510142391596597,0.8424571369080353,1.0241617906274054,0.8365689456543141,0.8596430177833619,0.850021590375572,1.0151499325789248,1.0997152095114366,1.0161116277046962
78,0.4373300350007093,0.4373300350007093,0.9390083341114599,0.5165850676023399,0.015262490302084333,0.5,True,0.8029707291283116,1.1085004646320955,0.932917095576384,0.9389239335488807,1.072330862251938,0.9990212576679757,1.1566297217192911,0.8201408395818754,1.0878556463320224,1.0955008866151936,0.9103996922204817,0.9977968886266464,1.1823945928383046,1.0931581567711648,0.9756866263379587,1.0078168417779385
79,0.46081459149560755,0.46081459149560755,0.963643171914228,0.6393996134206709,0.022334981433915088,0.55,True,1.001586167072311,0.9726282680111973,1.0805506998168846,0.8120271017079955,1.160687598264981,1.1938440459266395,1.0331024511853608,1.1821785819639186,1.0134505628680208,1.07881427084483,0.9249512231856749,0.9014100382719517,0.9997018304955287,1.1818309059212972,0.9018514908659846,0.854472301272698
80,0.4726649572455803,0.4726649572455803,0.9796475411453518,0.6788730205904386,0.010297602410624713,0.55,True,1.1904092110672286,0.9447152865651143,1.0410669513547524,0.8574986830541735,0.996789741320715,0.8021056302425387,0.9800520342500434,0.9877812645584757,0.8490030880849184,0.8930963229099109,0.9147960735544897,0.9573316633851284,1.0726303567159161,1.1547691644475373,1.1303025851138557,0.9131894241598144
81,0.35965882398183024,0.35965882398183024,0.9226771530381123,0.663801676809612,0.0645579666955543,0.45000000000000007,True,0.802374256133797,1.0815290181446884,1.1813954004200726,0.8001912646499791,1.1394925544378687,1.1546198404616614,0.9976117387018375,1.025786401080748,0.8691931822201889,1.0812735044817974,0.8853888095064506,0.8053357239895146,0.8306281186313036,0.8002542526202773,0.8008014691645455,1.0961523384173506
82,0.6014775990413054,0.6014775990413054,0.9837560565557804,0.4470090786945634,0.001950939856637019,0.6500000000000001,True,1.1606832395687214,0.8713209156007651,0.8187991055236697,1.1733640913004422,0.9797411644311088,1.1596344448355187,1.1425962404399983,1.0808752482782515,1.1650068683185424,0.9761715090064635,0.9554837792159676,0.9382310998441494,1.1465110123202036,1.0460801478876087,1.103749146683848,0.9560015849116887
83,0.480759585681686,0.480759585681686,0.9845206358140925,0.7172622031667912,0.024057544028522625,0.55,True,1.103164638343061,1.1918355920550372,1.1558874194750233,0.8205735286753337,1.1595807184140086,0.9568817792039537,1.0012886668352217,0.8921252515698954,0.847116710615342,1.0931645178115081,1.130892358934696,1.0858360224113048,1.0533104960421633,1.1387441932247393,0.9707957355463271,1.1071623335085101
84,0.47398687928570216,0.47398687928570216,0.968397989758875,0.5109573803367707,0.005050332985075565,0.55,True,1.1396358877628052,0.8319155339385605,0.8800624842632006,0.8955865319934937,0.8276534034335393,1.037908195035946,1.0281636658891362,0.8878732288397981,1.066671683591734,0.9413813949302514,1.187187397791531,0.8214386348761008,1.1455811049981677,0.9716240012317959,1.0871698863482906,1.187400086082944
85,0.518904865955992,0.518904865955992,0.9675701209381036,0.3533254472804843,0.0015648664878879193,0.6000000000000001,True,1.1105616081179404,0.8040818144670256,0.8153742342443528,0.9241792526478756,1.0707521852948492,1.0490876358762578,1.162044316836043,1.0382191234496971,0.9538677016704669,0.8260051128903145,0.9452128317263752,0.8300201370732919,1.0285587761143424,0.9504771469558645,0.8207448694437425,1.07934884833668
86,0.5561283471937621,0.5561283471937621,0.9876212316079203,0.879459914119732,0.9305687997977877,,True,1.1547373274828703,1.177959727067074,0.8578740414032587,1.1352198426875988,1.0619778794455748,1.034153342962861,0.8760577036908379,0.8279332513338743,0.8452921054054494,0.9792370009158011,0.9859808806084389,0.8533538755733114,0.8117605752597866,1.1912095987772664,1.1590960568073692,1.1358276524145203
87,0.39121243830012653,0.39121243830012653,0.9197303165614652,0.5635411395956966,0.0187690630297822,0.5000000000000001,True,0.8317468811330341,0.9287256595643555,1.0573196209241242,0.900153193713791,0.9230289634218931,1.176364934742959,1.0904841988360954,1.1420413827880018,0.8012489349025267,1.00181123074911,1.047000814229762,0.8386309602052531,1.053695500738079,1.1672693530716765,0.9385367334335804,1.000209636685365
88,0.6780649124222632,0.6780649124222632,0.9900589060104181,0.5450668778745323,0.003558322065037196,0.7500000000000001,True,1.1653591875755127,1.132246295475771,0.8228109506716892,1.0002352116981053,1.1467936234470346,1.0734746463547808,1.1239806063801068,0.9396795779645207,0.8203100059609579,1.1204921860684303,1.1387540329712307,1.0312806198889664,0.8951533469527094,1.059666602568224,0.8740834249903275,0.8902057493779805
89,0.4603737633912349,0.4603737633912349,0.9455036288075004,0.6210260423282296,0.02393268213246909,0.5500000000000002,True,0.8161997933915608,1.1974504522956502,0.9690478377188668,0.8774828510020795,1.1219457866488458,0.8517993214723455,1.099858192378545,1.0588462606505422,1.1568534538463418,1.0868566651830371,0.9378756239553581,0.9232097636630865,1.1330875354810663,0.9616571647706426,1.1101833190111112,0.8585114800553711
90,0.5371796078165353,0.5371796078165353,0.9769324511578446,0.6517029450263876,0.02588208134196301,0.6000000000000001,True,1.1955712453996818,0.8180994420367255,0.8376417757418306,0.8961164889487925,1.1469432239410233,1.0625190145093109,0.9080121353053237,0.9965524441996032,1.1407026533234559,0.9775286098177578,0.8759713360262973,0.8344056381551302,1.0201445384406187,1.091267740278054,1.1207706230432932,1.1119185079078149
91,0.5126425329371292,0.5126425329371292,0.9736174517921,0.6266829874347566,0.012263568000646716,0.6000000000000001,True,1.135756090177959,0.8644873307775873,0.8863167167345428,0.9582309132527864,0.8025884768850491,1.170678550798346,0.974863636104586,0.8174963510223372,0.9274459410852063,0.8836317897243426,0.8616144694418184,1.076168512215447,1.1296900303594037,0.9831336319899113,1.18531883022277,1.0439110924856476
92,0.4588197483317067,0.4588197483317067,0.9622628033108681,0.7265656934815995,0.054942509942894666,0.55,True,0.9716568380475885,1.1088722631890588,0.9660710462261037,0.8637886259090511,1.0119640473587523,0.9025232290137924,0.9102200218431402,1.1148986515029722,0.8715094225956346,0.873939743591069,1.1582124254287585,1.17632078985036,1.0510774410632113,1.1924500354095593,0.9118838920757342,0.8183394572094581
93,0.3924834864615936,0.3924834864615936,0.9594331606243717,0.6430821458104148,0.018709892659588525,0.5000000000000001,True,1.051123768601708,0.9418699111767792,1.1122209124500604,0.8354926561922501,0.9263829790411862,0.9727783891887747,0.9611697744646525,0.8972425188730883,1.0464785327206083,1.0163169399136607,1.055754903551032,1.0584479214471898,1.0363723803428673,1.1001685877056484,0.9713377368934294,0.8907206501851879
94,0.388245685852544,0.388245685852544,0.916141062984115,0.6606382210045064,0.054831977011679335,0.5000000000000001,True,0.8053488730158574,0.922069149497271,1.1099207322047997,0.9686392492883907,1.0831912158596524,1.1309562123504437,1.0182844391809431,0.9654395887378004,0.8682965046295683,0.8281529574857979,0.9959187629541277,0.9411729715434903,0.952800367659824,0.8890441108796818,0.9466309625122569,0.8519777927591843
95,0.41611632804411713,0.41611632804411713,0.9394134627576437,0.5446054105729815,0.009042861828120077,0.5,True,0.8443658810054633,1.0849088742764417,0.9538399827197996,0.9725923308098816,0.8112870990589839,0.8178203640602731,1.1315756349056718,1.165041056970148,0.8721004482556006,1.1099978846702472,0.9761008909014345,1.0439170713044013,1.1033720012016748,0.8873191797932752,1.099041581357915,1.1672782709049772
96,0.47221175788430036,0.47221175788430036,0.9750573064570124,0.6941555046902858,0.019898130890028825,0.55,True,0.9732917914082875,1.1724170022563483,1.072243435933729,1.0342701935651597,1.0352595303703958,1.026974190152373,1.0624945331342044,0.9050520942544334,1.1686436787994592,0.8885841417815095,0.9140274033452599,0.9857649450180601,1.169065397266193,0.8397392012704736,1.116153799507545,0.8494202549095858
97,0.4284276653676791,0.4284276653676791,0.9648754468421451,0.555488049385658,0.008373896057054528,0.5000000000000001,True,1.0342009817972513,0.9129885764123009,1.0360837447161335,0.9716378946480618,1.0077180735184517,0.972879653577338,1.0701182030199412,1.0016453109062704,0.9505612213552154,1.1663041367546203,1.1913096429279806,0.924884243671052,1.0517043279879026,1.0066114376859283,0.971033182296359,0.8804887943437067
98,0.5052523815911042,0.5052523815911042,0.9836355371110221,0.8648531783491915,0.8979626747132813,,True,1.1236136903750493,1.1796751270412726,0.9448970016848903,0.9623423465465752,0.9857392443978932,1.0911762053909713,0.8819197912829457,0.8868049683416018,0.8815329098103778,1.0301210653034287,0.9471147227362476,0.9178128120325378,0.8097095136599984,1.0971059234563776,1.0597403878844687,0.8541462875378836
99,0.5848049636429785,0.5848049636429785,0.9855077863311583,0.6364023129777913,0.0060333939210974645,0.6500000000000001,True,1.0869049704921936,1.1692429805263056,0.8316720285344358,1.1174797566281311,0.877979424750102,0.8938410486978461,1.0644655421707785,1.197819983777376,0.8904550414267488,0.91374007637476,0.9479360155822281,0.8161854254407406,0.9846615538307657,1.172072990399885,1.19985171643053,0.9036795627823233
100,0.407148514475902,0.407148514475902,0.9320242344431326,0.6648903264186281,0.05285307474842589,0.5000000000000001,True,0.9196892637590559,0.8030165397030975,1.0602270837368468,0.9557596303227555,1.1109994449680145,1.0819589012508437,0.9499355383171039,1.1380226058281944,1.1273628768433956,0.8150945562334783,1.1630636185705805,0.9351620153802328,1.1049045040251948,1.017855484752408,0.9567741801859608,0.9498845958263867
101,0.3129046143769568,0.3129046143769568,0.8917647052701388,0.6661399086975696,0.0923958538524027,0.4000000000000001,True,0.8452099736701228,0.9530138854840388,1.0605744607187353,0.8622885164962757,0.894127214918871,0.9546562394188962,0.8291742745866376,0.860250901770309,1.0096145992756145,1.1512320622677357,0.9965914072700328,0.8003756833320194,0.8689470021735446,0.9566898060794373,0.9519682817516181,1.1484356643907265
102,0.4572653032736962,0.4572653032736962,0.9573169325483134,0.6046290211044413,0.019441535706119433,0.5000000000000001,True,1.0023536846893268,0.8415717600297967,1.0094699347387852,0.8082396554525935,1.1664346828826508,1.1343433251755157,1.0520527121420535,1.0129204137371821,1.1954151328947933,0.9584552314778944,1.0781352335568022,1.016037922628249,1.1958622085436503,1.111915232952068,1.1712627277139207,0.8672297659116094
103,0.46339984122787914,0.46339984122787914,0.9800978451500223,0.5230291316896855,0.0014714869710292366,0.55,True,1.1777839949572126,0.9381993066726708,1.0997779886438837,0.8940791243549053,0.8607965728943642,0.8676886644921769,1.1695008550727581,0.9020270331689874,0.8310102141211444,0.8974110654806248,1.151531241572659,0.9651684258060742,0.9915888499352347,0.8282022512471798,1.053163281829829,1.0568023835558031
104,0.4762536358010657,0.4762536358010657,0.9828012245827625,0.7232779064058603,0.01617482510945368,0.5500000000000002,True,1.1981258049626033,1.0074836655227846,1.0626586224524524,0.9224697117790659,0.8364688654076841,1.1092361886252018,0.9473968517745118,0.9832074180211838,1.0014411016386147,0.8764680373384308,1.0534580508179134,0.8217463142762833,1.106376847477501,0.8028653953050388,1.1964541259312271,0.9655690471664585
105,0.3712669670738768,0.3712669670738768,0.9504917795494097,0.6726709692764283,0.023880203169118132,0.45000000000000007,True,0.948726009182906,1.036313399832769,1.1571979953063098,0.9523439814914658,0.8275430019178912,1.0548688258606003,0.9784827712003062,1.1743794718391,0.9747659748072517,0.8392499113732047,1.0399226467145957,1.0211173577314967,0.8333859560047476,0.9242053848755679,0.9158567293266813,1.113066142820008
106,0.4565126065019736,0.4565126065019736,0.9625529600460538,0.6252141472481537,0.02145709075520315,0.55,True,1.0004523887727061,1.0824540942109748,0.9428355741320531,0.836187675534319,1.0287124298387533,0.8121094298133155,0.9588799781442493,0.842321321137347,1.167232090085625,1.0730450550616968,0.9591159868987419,0.8129135124956292,1.1420880534542937,0.9009595648806799,0.8002345650169387,0.8260053470093053
107,0.38687853613772294,0.38687853613772294,0.9194222397096536,0.6964975276092895,0.11445835267248329,0.45000000000000007,True,0.888991641437563,0.9168763642789781,0.9267590119458906,0.9531523912722052,1.0815766433747365,0.8451236345169435,0.8306033618390937,1.188128299768474,1.0562944054159493,0.9507350367958018,1.0574519329537617,0.9678625602506256,1.0812831911672516,0.8264505318919609,0.832402308965107,1.1468660465957734
108,0.38618077874146667,0.38618077874146667,0.9478025618269054,0.6802859115096266,0.044698928977645734,0.45000000000000007,True,0.910016899305339,0.988133254508503,1.1250652065547813,0.9753075191784581,1.0775615398565084,1.027254217737323,0.9772020552821581,1.024234594410995,1.0378999789376033,0.8621212029087361,1.1436444307113436,0.8155948945282739,1.115909904389407,1.1435107638437918,0.9524265256090935,1.1286999902639503
109,0.3300963315227631,0.3300963315227631,0.9522705134234224,0.7130626608945138,0.06172838036096048,0.4000000000000001,True,1.0520040303912421,0.870822311952425,1.1922063370018174,1.1774790319732886,0.9268980966130269,0.9802904238904244,0.8300003650012366,0.8297091997283661,1.129237464487013,0.9934334824677168,0.8186974817551246,1.0720393591202888,1.099918918697482,0.9799885085760108,0.9415532754641718,0.916397693020564
110,0.6207489442818038,0.6207489442818038,0.9858127982746671,0.4173706282561986,0.0010101374141686945,0.7000000000000001,True,1.1770601059843282,1.0229289321671868,0.8183808180178035,1.013304268263741,0.9042646102586688,0.855434206800207,1.1644179295861952,0.8339459430043166,0.9074776830488882,0.9872267941920104,1.093080243557419,0.9038450046228034,0.9276847015273847,1.0418307001618785,1.152230668083167,1.0953048682342819
111,0.45342815245809265,0.45342815245809265,0.9851219109459172,0.8788748957194743,0.9251013983914256,,True,1.1889300693073634,1.1913006010355844,1.0838709460753109,0.8255591420949047,0.9692221394993893,0.9079381011231756,0.8510375631960043,1.1333410867024454,0.9419632967731266,1.1010436730139395,0.8222212067856245,0.8815158525738804,0.9569520273180927,0.8565152353791506,0.9858535548080816,0.8176287876611209
112,0.4802953240156519,0.4802953240156519,0.9845614145694824,0.6045158052292267,0.00434353493701614,0.5500000000000002,True,1.0976392469855423,1.1514265181679262,1.1974958339416415,0.8172360475317914,1.1671475396594626,0.925732721473896,1.168804168475968,1.0726782573479139,0.8361417333837442,1.1868903706703349,0.91547585221194,1.0154950102448284,1.1089508649034276,1.1068562574843237,0.8504115653478506,1.111494612146148
113,0.4102907452304939,0.4102907452304939,0.9119640615079504,0.5403357247708289,0.02373444247471744,0.5000000000000001,True,0.824028268832848,1.009941234737654,0.8085033841025216,0.9511496783083788,0.8213077069464855,0.9805199865354097,0.9767579773183687,1.1044808702922169,1.1732192530375412,0.938066290848713,0.8778749280016606,0.9882227259317261,0.8797494706076503,1.1625559169029769,0.8111532787590457,0.9808744545667197
114,0.3929866663900116,0.3929866663900116,0.921829303050374,0.4601948510835815,0.008138061636650947,0.45000000000000007,True,0.8970050254829389,0.8617713577282785,0.8794367747568013,0.8771532032410563,0.8237424692114927,0.9229957285008523,1.0869888141057216,0.8522321667885855,0.9257266130568418,0.9560828022768999,0.9661340705438406,1.0186756990656298,1.1729210979099791,0.96297237211508,0.905336791166793,1.0075091759160202
115,0.4893474101716858,0.4893474101716858,0.9730112986181357,0.8566716429534635,0.8730407968614532,,True,1.057393523366491,1.0112573978859065,0.8670843466948143,1.178084297250932,1.1375937306009332,1.0852160193684321,0.8132483071175722,1.1040080357897804,1.029963523619805,1.1043043156074215,1.1777041853277266,1.0914703982324547,1.072987355832802,1.0312020252061052,1.080001945225001,0.8312737189095292
116,0.4231751113210859,0.4231751113210859,0.9528660921773405,0.6782789698043807,0.036685456536258806,0.5000000000000001,True,0.8293118083221853,1.167071607622205,1.1450519090238327,0.9841056929662647,1.1176931545070077,1.1611944402511012,1.091878027370127,0.9743019140016358,0.9292872589709846,1.0117861230108653,0.893955052233631,0.8852310741942653,1.1125389740304703,1.0160616093650212,1.0303838643178924,1.0925209946390129
117,0.48378494456978316,0.48378494456978316,0.9835338745021506,0.6292712931389237,0.006721885541298484,0.5500000000000002,True,1.1051207027922112,1.0409530252657897,1.0966851031276053,1.0126214287213906,0.947763292998833,1.1979130444356816,1.1139294278943657,0.9183290763076606,0.8877141825481527,0.877401222584552,1.134423318658512,0.8660677354593231,0.9553249930189245,1.1789810131988219,1.1828077571523263,0.9619279627933579
118,0.4656993342605676,0.4656993342605676,0.9840554259253056,0.6722885850103574,0.008658487441234836,0.55,True,1.1860195514964367,0.9133404394736301,1.1819864243987106,1.0842926600705387,1.1005869149548089,0.8947396671824136,1.0468911587784198,0.8789516428780246,0.850397406684308,0.8020275255307365,0.9352691602734745,0.9237359086899317,1.191621932597903,1.1708414694261542,0.9808543391920448,0.90108404892893
119,0.4126132768527201,0.4126132768527201,0.9413965157575239,0.6310915912450402,0.03609035622700153,0.5000000000000001,True,0.9813419984155826,0.9814800159680996,0.8568232223093805,0.8336183041876346,0.8897592288565148,0.8003122859963299,0.858362586448261,0.8457806598858671,0.9797927981121773,1.1838628519671979,1.0218813097732278,0.8350200396251423,0.8903159532135831,1.0291363973233172,0.983961098062979,0.8966296517749085
120,0.4230841654386878,0.4230841654386878,0.9417727070520839,0.8574338251151034,0.7810855145915099,,True,0.8309298796465858,1.1181571023514212,0.9786531130127265,0.9791400658899807,1.0782437030970975,1.1940859395651173,0.8756839170972877,1.1860756627719282,0.9367549548958417,0.8288437790539026,0.996271998895629,1.0147798180555703,0.888673007818698,0.8232247490029829,1.1608889518630066,0.9932738392451292
121,0.40100254724037576,0.40100254724037576,0.9409009448762208,0.4272523839463104,0.00448093662223889,0.5000000000000001,True,0.8999794268287166,1.0351698289713211,1.0043792920627381,0.8101436824751975,0.8163014295936702,1.1927368202798827,1.183561232827498,0.9867073349139992,1.0646853344927663,1.07445045301976,0.9325816544527049,0.9579928363484929,0.8521423296606836,1.1679837458052635,0.9027851633548271,1.1252527159629824
122,0.389623316114886,0.389623316114886,0.9862178119051358,0.720041852994831,0.021484042379721353,0.45,True,1.1948267766863374,1.1968674868642142,1.1698648803272396,1.1508389342892738,0.9109255630211965,0.8369241937602334,0.8825225583396212,0.9431017646308907,1.0967763695569668,1.1793590715366602,0.9822095643601545,0.9833480166165405,1.0893895817116555,0.8041691807053533,0.925282792562777,1.0446337918822444
123,0.3351276009484024,0.3351276009484024,0.912003903848031,0.7164919637581487,0.1400916724466434,0.4000000000000001,True,0.8953064568208466,0.8013418485351406,1.1237279239878497,1.174980060201238,1.113731631160139,0.8636960179261044,0.8167856601133653,1.1109964797045468,0.8544538076376069,0.8768476852874867,0.9976518049402289,1.0361562125579158,0.8341479797929869,0.9426787776941119,0.8633449465879058,0.8376691742780382
124,0.4547345025691543,0.4547345025691543,0.9284247671274052,0.7116177076832372,0.13234186602250114,0.5500000000000002,True,0.8099727093632286,1.0193179710914293,0.8207258028130422,1.1356586423068165,1.095488428610063,0.9662136745840871,0.8951003072583522,0.9684393031944004,0.8385753737642229,0.9213163669531653,1.1108097864464535,1.0294475661507057,1.0282938527086438,0.8497622720287159,1.0222857725898493,1.142048821849879
125,0.3903496935030981,0.3903496935030981,0.927774960266762,0.48804674793512587,0.009758169771026386,0.45000000000000007,True,0.8390482100493443,1.0538676990965359,0.9471345195700777,0.8742744795299083,0.8734043597593358,0.9820016105195735,1.127726345912152,1.0973983779430747,1.1345507584932455,0.9963985772296108,1.1780510885290185,1.031984511241708,0.9946300491645227,0.921144293657641,0.8565741528842149,0.997294107786313
126,0.4530279949400146,0.4530279949400146,0.9635577810146234,0.7093873452911792,0.04175817301463753,0.5500000000000002,True,0.9447873864557814,1.134438848279545,0.9717834021053564,0.9757441516903052,0.9088086604575543,1.037430481988516,0.9510787309447013,0.8234317089137774,0.8403005372619807,0.9087297171742421,1.1555968646133081,1.0158148056755154,1.0181715641226388,1.1919063544776682,1.1196389107050262,0.9452190570701164
127,0.43130467566556174,0.43130467566556174,0.9548711333638852,0.521724035523612,0.0077847975142815926,0.5,True,1.0473704227521483,0.8673462983426117,0.9068331101561469,0.8038027188188298,0.82336961426405,1.0525229341787017,1.0243857562216616,0.9659148706175171,1.1052958287251258,0.8050430179727752,1.002702746434993,1.1080657594212675,1.0860891845913965,1.1603063389682478,0.9256882020450428,1.1648047436217415
128,0.38039272160308,0.38039272160308,0.9045395941870598,0.723801908373274,0.2345701234704779,0.5,True,0.8130237964277011,0.9241345425403492,0.9613489129740985,1.0384511792932394,1.1760851578642515,0.8973168565745733,0.8267498709361386,1.1626033404148073,0.8761451090844712,1.0430951522755683,0.9699763304986078,1.0711411247313303,1.024670957319677,1.0760966876794114,0.9278932752204121,1.1978103440293602
129,0.46691427072456443,0.46691427072456443,0.9588446171112551,0.42155987178411086,0.0044173312037430225,0.5500000000000002,True,0.9396550089155633,0.9609239340312506,0.929174380147687,1.0231950247542307,1.096540697765401,0.9451609894061508,1.1894248841316817,0.867440630929153,1.154496387659237,1.1225183036855544,0.968395697289087,1.1646350736497197,1.0159847621874893,1.1104699153258482,0.8780883122977096,1.142760736815915
130,0.3587806274672092,0.3587806274672092,0.9129582664756888,0.6080831316250291,0.03010613028939197,0.4500000000000002,True,0.8351861204527888,0.8092330970117257,1.1809846808373432,1.165409962836327,1.1944007616570593,0.8755353739785787,1.0465318051352421,1.1146229615710714,1.1181624044458764,1.1253565287728042,0.9198641798293302,1.1568398347252344,0.8154708605381452,1.128731675603501,1.1486850339401447,0.8600265120419577
131,0.4534821642850433,0.4534821642850433,0.9763833176289445,0.6980819794164917,0.025835691189967182,0.5000000000000001,True,1.0231575987041732,1.1474321442653022,1.0543645494594178,1.1476304516081313,1.0009285023669536,1.0406467927803253,0.9740044153165633,1.142852088808546,1.030304527496194,1.145228636563741,0.8864367564971379,0.9469831017005558,1.191451718611564,0.8460721658909298,0.8881403956505515,1.0966656610473964
132,0.4267636005538439,0.4267636005538439,0.9520380903993589,0.6465230014691402,0.04156888137363114,0.5000000000000001,True,0.996756201268708,0.9495637508276663,0.9074042929745212,0.8802425959570053,1.0231636787451126,0.9524770359602147,0.8912651648935489,0.8335356809040214,0.9810470081784373,1.1576294345749165,0.8334750383059143,1.09162922995817,1.0386053911228197,0.989320859515232,0.8380540951585609,0.9868778802620441
133,0.4741784146230598,0.4741784146230598,0.9741341790952954,0.7164250570971026,0.10344800643855752,0.55,True,0.9988355275772679,1.1551013956753582,0.9619477295541454,1.1639880691602869,1.12768092178796,1.028952907872604,0.9019628460665353,0.9257547789161543,0.9608301855802419,1.1623361760798876,0.9740161175054612,1.1493596698526822,0.9826033768942742,1.0219457285498263,0.8899983431157978,0.8050275178208905
134,0.534249585816404,0.534249585816404,0.9875284498458957,0.6815030593164422,0.015821539587596606,0.6000000000000001,True,1.132759096539692,1.167904740107319,0.9750888805607675,1.0751335760939777,1.0838522017108818,1.0198519889960358,1.006638731263957,0.8230432151704747,0.8522204037029963,1.0777876618019087,1.14718474225966,1.0869146325333963,1.130813681785738,0.8712450183132774,0.8535873689512687,0.9389464174375663
135,0.48361029493115004,0.48361029493115004,0.9508774982180547,0.7220098010091938,0.13624199326149036,0.55,True,0.9041672975373445,1.0618026461130978,0.8173773975174251,1.025448196297217,1.0243120206671796,1.1590842019456482,0.8652778293002037,1.0174464491036916,1.061729975417036,0.9375524948131749,0.989790974832709,1.0258783633869226,1.0781391990364018,0.9772579020670222,0.937035730927618,1.1613654916213059
136,0.37903578920692155,0.37903578920692155,0.9467309837463125,0.5465447456553765,0.010076209655820775,0.45000000000000007,True,1.0080115678967052,0.8190717781379246,1.115995530386096,0.8592285238362198,0.9362520192646305,1.1556980315681367,1.0596601227397031,0.9465973036851437,1.0525471375511062,1.0616689349054849,0.9064986929501753,1.1186391434043967,1.0051911221728156,1.1516300063668568,0.958537346826881,1.067260260448331
137,0.5275673828856496,0.5275673828856496,0.9770622204815027,0.7606184315201322,0.0669420658755451,0.6000000000000001,True,1.0512111475997405,1.076551646269774,0.8555459016310605,1.0629921693376365,1.1015371158511873,0.9193253266634519,0.8953309719834295,1.1992656154954384,0.981358476837991,0.8062278441130598,0.869738254357787,1.1921561302927797,1.1274404073322835,0.9036320900994077,1.047341970768815,0.8862136780608548
138,0.5589138809307492,0.5589138809307492,0.9695319606755859,0.6589488887484457,0.03657264734212768,0.65,True,0.9818099684913016,1.0294812581826045,0.8001240782759445,1.0201073896421848,1.1240155393629863,1.0498012505900074,0.9706248031721554,0.9347773087097867,0.977236176124099,0.9859209080135352,1.1619238348609116,0.9440991111110623,1.058351668539787,1.0029287391192168,1.064553991744033,1.1830201564972798
139,0.5719483161323607,0.5719483161323607,0.9758427174504012,0.6057417464238621,0.012790769722376047,0.6500000000000001,True,0.9624952434872547,1.1470624523628117,0.8735288322149,1.031286085460808,1.1020493578237276,1.0088912762901427,1.107602724898791,0.8019018292665157,0.9467603069945201,0.9103908671295178,0.8306662188933633,1.163788121470432,0.8786388846391784,0.8708533991374899,1.0478555701718162,0.8699784478067468
140,0.49663971589749034,0.49663971589749034,0.9425530563865296,0.6275533342857446,0.02477254068973892,0.55,True,0.8584946440346842,1.0627680258747467,0.8082732615538785,0.8417223410074323,0.9247666541228051,1.0109462235413031,1.040341936142703,1.1927681840824145,1.02041367022762,0.8447016027563851,0.8628842688225153,1.1614652389163655,1.1562406893683383,0.9256963544920481,1.1896721620652189,1.0022117045098313
141,0.39896795869627594,0.39896795869627594,0.9706453931614621,0.6510862532022011,0.009707634668337661,0.4500000000000002,True,0.9890838319360915,1.149372184309291,1.0786859424926325,1.1291409369397272,0.8316475720626185,0.81857251470758,1.0476438803923886,1.1457564804846103,1.0442636274514123,0.9201353406264287,1.014520061195308,0.9891407890368009,1.0592780453401338,1.1390097475154137,0.9771218865850768,0.8930873460753008
142,0.43309322825156504,0.43309322825156504,0.9350033221501615,0.48695715932035516,0.009906168705031197,0.5000000000000001,True,0.8936872295753678,0.8628426543036586,0.8580706492989022,1.1367445083692032,0.8547404114972825,0.9969939547357621,1.0651781122596986,1.1832342686076085,1.0140695530592732,1.1192440894421984,0.9087073361418473,0.865866856168959,0.8477542448498113,0.9309449258484603,1.018794039231865,0.9177722598535183
143,0.4225688325722523,0.4225688325722523,0.9707533902151494,0.6911854443308412,0.04403008631618968,0.5,True,1.0251009856700224,1.1247177659699241,1.0976451138210879,1.0011246559084255,1.1091390472880893,0.8654780218267402,0.9086700657918305,0.8180258700836393,1.1711119551873508,1.1372725007537465,1.0614616021389116,0.9794608877773242,1.0477893507626597,1.1767244816823985,0.8678376949631639,0.968877697288814
144,0.4099824958731688,0.4099824958731688,0.9396877717778358,0.7525734595229621,0.15315447264838306,0.5,True,0.8865400199612727,0.9905213580034897,0.9365734935255199,1.1325391510134228,0.9067513987741025,1.1720231585246064,0.8476411852100902,0.9986694759300221,0.8067773458957184,0.939552411070615,0.884201499997109,0.846283815116415,1.045502785414117,0.905874088337042,1.1558180332683965,1.1262407126980938
145,0.38485839558868,0.38485839558868,0.9695274808001678,0.5485740877750728,0.0029933745156075567,0.45000000000000007,True,1.0441510940353989,0.9539853818821624,1.1889402660848576,1.0492385828438158,0.838428861145558,0.9190176028791088,1.1756563095327008,0.9752166001345572,0.8940305660216613,0.9352799335111842,0.9772369036015885,0.9068413968672823,0.843382662846489,0.9357631813320292,1.1805054925612626,0.9570573687589778
146,0.42536556789066965,0.42536556789066965,0.9530983387820529,0.6871447828243303,0.032683538835491695,0.5000000000000001,True,0.8677336208796722,1.19893994962638,1.017356954270519,0.9288599455117398,0.8626987698932087,1.1756045404587998,1.017393198522163,1.1298010507570624,1.025454508575164,0.9921582043238462,0.8786228138152653,0.9072290119003981,0.9087789997306499,0.9756493775236249,1.1264215123994663,0.9345980064918871
147,0.4491296167659844,0.4491296167659844,0.9759415878812021,0.8473520132738925,0.8876677884055961,,True,1.0497295250387764,1.1422923610668452,1.0440875633990292,0.9087940341207504,1.087249782635913,1.1623648923487715,0.8684376912629723,0.8103166104566873,0.991326763826637,1.0436092095124745,0.9556856212718641,0.9148651572222972,1.06527412433589,1.056953852470568,0.8142696883243936,1.0238397462096582
148,0.4359407046911513,0.4359407046911513,0.97923616008395,0.6217029275878827,0.01230496939200974,0.5000000000000001,True,1.0646909954832675,1.1258903998114147,1.055351091694093,1.1813281444694126,0.9630134586877532,1.1294476799076754,1.0127365543698807,0.8491299427658245,1.1254290711561592,1.1749447715489163,0.9369876105911997,0.9205546963757402,0.9015648964169672,1.0892971602109633,0.8254647671239472,0.8165572931716206
149,0.48071265098897165,0.48071265098897165,0.9786702124808966,0.6738930102839935,0.01390836259625933,0.55,True,1.114754093275172,1.107284121027564,0.9498042041176114,0.8663918147937473,0.9420387924896461,0.8710561404859,0.9606741342585426,1.030217240855998,1.1526413642723767,0.8185266739626167,0.9543551371636937,1.016797776701715,0.8735381344244139,0.9867965628953131,0.9700926496779927,0.936049858426791
150,0.30630485008033936,0.30630485008033936,0.9143520892534305,0.7371028618478959,0.24527459209827607,0.4,True,0.8392469741797428,1.0375024683214513,1.1785803429689716,1.039218599765905,0.9058832919095786,1.0968522565820333,0.8140567208413991,0.8809006292939832,0.8849521374055045,1.0574003993679868,1.1880453662794845,0.8834320680992521,1.0351991647152174,0.8969849346857298,1.0324544612606186,1.090920869186233
151,0.6223434159619952,0.6223434159619952,0.9759154533971757,0.638391348639351,0.020224240329855394,0.7000000000000001,True,0.9548233319886343,1.1411876710116096,0.8031433111147623,1.0270920997780828,1.105677997878944,1.197068477196093,1.0773634192021235,1.0125115823139885,0.9622078317678213,0.9832999692854434,1.1692749768510349,0.964372568001616,1.0084143943743165,1.0225461609068998,1.1643924724428405,0.9149035586476981
152,0.39632174924929403,0.39632174924929403,0.9327898356659541,0.5657151906425578,0.024117673414355945,0.5000000000000001,True,0.9467367035014993,0.8505675142354197,0.9883374910124909,0.8977127929844289,1.028197918641662,0.9688998548795258,0.9654678003435093,0.9102524467998179,1.131371521230066,0.9117375936255763,1.1902746780120617,0.9143388020467559,0.8956886992479687,1.1620931614111778,0.8596086362184989,1.1800102424350873
153,0.4559587036570977,0.4559587036570977,0.9548669464235319,0.5888145913035889,0.013758920529281897,0.5500000000000002,True,0.8727882779187932,1.161272765627468,0.9770047685837686,1.0897562340944724,0.9437907566557238,0.92079201433815,1.0853944866654384,1.1115495203421468,1.1382853210132406,0.8407556818804166,1.0596387553952924,0.8434024005997286,0.8046591483211154,0.863366314489553,0.8927440412677664,1.17399260563762
154,0.4786747646654251,0.4786747646654251,0.9856770545435328,0.6104358898147307,0.005669493289340787,0.5500000000000002,True,1.199398040338258,0.9996561672142339,1.115393698716037,0.9441140486337007,1.1229220521194483,0.9705941562046552,1.0698834828634012,0.9858429950192804,1.1364391688258317,0.9113760557593519,1.1705369869413156,1.1979106428455026,0.9054189705893093,1.1685457367675238,0.9618130117666965,1.1540734134859163
155,0.3790144376596325,0.3790144376596325,0.9589594269033399,0.6988348066961847,0.05240471236804002,0.45000000000000007,True,0.9912122532118328,0.9917682783676066,1.1118926781071548,1.0703366961563994,1.0602663154489742,0.8893049835244046,0.900669593351807,0.9211357270390197,0.9962847536475158,1.0166695713282385,1.1434927589575832,1.1502988512623131,1.1774987375764174,1.1777030436443896,0.917047129468888,1.03590030283848
156,0.48440189869526745,0.48440189869526745,0.9788015815415446,0.4625545853694557,0.002679899186326899,0.55,True,1.1060353963131713,1.0104051320936231,1.0224490882182997,0.8409654719852023,1.1791571938344014,0.9872907906810962,1.1797041243760251,0.8506248274828837,0.8910083276509051,1.1521097826491093,1.1767747398628954,0.8425021778635942,0.821089595244136,0.8538667848231256,0.8292238844129858,1.028433344548469
157,0.4273421289308563,0.4273421289308563,0.9697104909340668,0.7049218889946292,0.04453739064070697,0.5000000000000001,True,1.0920720593702766,0.8456521858181268,1.0599364944464604,1.1877975365832496,1.1270297660154998,1.0231726495188365,0.9031514052734073,1.0747953538319917,1.024305069702479,1.1245925199946338,0.8288554549944079,0.9034282533033167,0.9633510469516322,0.8610040617025632,1.1435345720731134,1.1813763715303618
158,0.42788004527241924,0.42788004527241924,0.9760436714482317,0.7071174496501913,0.031658934569650125,0.5000000000000001,True,1.110878699037896,0.9701881703532709,1.1496356961731125,1.0463652030976565,1.0196969525641628,1.1422767700561767,0.9390205011968816,0.9825213594406335,1.0018765632552895,1.1006580813940634,1.0457311311203843,1.0632118738961442,0.9831792875336596,1.1265433664261715,1.157817383862791,1.1065393372119414
159,0.38926677701147205,0.38926677701147205,0.9304201326187391,0.5772339375108012,0.022961458125823,0.45000000000000007,True,0.8227395958348169,1.0489620993467903,1.0532703135064978,0.8894769911028516,1.1390870587604138,0.8916034830692514,1.0954242369503266,0.9315246517262818,1.1945086872843498,1.0499398087859158,1.0186033146234652,0.9278144134420561,1.1377397992968263,0.9150504528925263,0.9473838234659404,0.935691867070506
160,0.3622292339608277,0.3622292339608277,0.9216032151736928,0.6023066092752369,0.02598495847524105,0.4500000000000002,True,0.8973561321113817,0.8754795480667038,1.1110059552276483,0.8500779263983981,1.0255233540011666,1.0117264581299912,1.0053926193634848,1.1492196779178458,1.110686119807482,1.0076447383851566,1.0014808073592,1.1702461238185398,0.9125335271673971,1.0340434133287522,0.8968697449060805,0.8723950817409291
161,0.6122816759297544,0.6122816759297544,0.9862455360282456,0.4757049540952044,0.0015159168023459618,0.7000000000000001,True,1.1156288124081037,1.0675404572257494,0.8499116282264518,1.149152405256149,0.8423234030403867,1.0134237966536341,1.1848104327940743,0.9481092202341986,1.0487803034740286,0.8487112633888471,0.9350890896172168,1.1899563677255625,0.977695584673514,1.1478971002066491,1.062933501409535,0.9612165118773652
162,0.3629155594523834,0.3629155594523834,0.9615785451523222,0.5486042483120978,0.005870700293105019,0.45000000000000007,True,1.0660103546616078,0.9593539078997542,1.1399774335377533,0.8833740922699835,0.8055071933381576,0.9151936595613045,1.0376339203377187,0.854276906464655,0.8827920581493993,1.0963907293686468,0.9118917076197482,1.0138717913164499,0.9906404050942303,1.1145851794439479,0.8183019835036529,1.107845645925731
163,0.37365040876357786,0.37365040876357786,0.9333249635803826,0.5400069268795455,0.00877203989789633,0.45000000000000007,True,0.8817304647019794,0.8609635271916583,1.1033463974418978,1.1778449261524782,0.8449600919226464,0.9871224058333361,1.12999955662447,1.1591385562148822,0.8779047265777014,1.1268958528882282,1.0232037918847556,1.0025891562034757,1.0707273267798754,1.0830942450498706,1.0484963096663888,1.0278752050882456
164,0.3578813053827414,0.3578813053827414,0.929405442245153,0.6488853113570584,0.03986081059888712,0.45000000000000007,True,0.8917499035864744,0.9244637270538312,1.1381843945873436,1.079981514941689,0.9791080288060103,1.0173840967101,0.9514833544773731,1.1552729161629656,0.880016757840494,1.1541557917250675,1.1639478868197208,0.891558993393862,1.049829078785777,0.8529127344103452,0.8371282345044363,0.9341347666051787
165,0.5080083646855474,0.5080083646855474,0.9600551886023094,0.4210737541173156,0.005138015310050889,0.6000000000000001,True,0.9554147904497117,0.9199447996230696,0.8299119338312158,1.0698325654776324,1.130375618046223,0.8534299760264339,1.1436712335301098,0.8283990425856159,1.0780157704263267,0.8058246496947413,0.9423559583017863,0.881861443349693,0.8284269370774852,1.0337698768193748,0.9196351145210733,0.8523080732152649
166,0.35893227424307755,0.35893227424307755,0.9607972187273959,0.692028000428068,0.04070670081897097,0.45000000000000007,True,1.027485788250829,0.9763063089237264,1.1965996224066813,1.148146950440237,1.0182652226435542,0.8965425958728912,0.8939231314097965,1.1167706440417113,1.1066800953666251,0.9229578460420634,1.1821462087583168,1.085190405314668,0.850979369328098,0.8116973802105795,0.8468444363301629,0.95584794595403
167,0.41227615439867954,0.41227615439867954,0.917313123674004,0.6764427866134949,0.06838596126742477,0.5000000000000001,True,0.8690651608404324,0.8430862434321993,0.939012254711314,0.9501694283731218,1.1319508928349649,0.8139757184709765,0.9113520851990158,1.157716354719389,0.9995386962802856,0.9671919913262523,1.147284336118556,1.0237639346632728,1.097389808368047,1.1260394342386686,1.175678946586255,0.8367243467715606
168,0.4804997539933719,0.4804997539933719,0.9756769140607743,0.5274343120971733,0.003175380734292236,0.55,True,1.0259987857979225,1.1204281030170113,0.9821024940266054,0.9433230427809772,0.8809480171189759,0.9074585167239146,1.1678790087427755,1.0148582152615147,1.0899722128943337,0.8716457213623342,0.8267048445237879,0.9110699771041795,0.8788951445804115,1.0364551210163917,1.1087621999934592,0.8595040998879621
169,0.47189351885148156,0.47189351885148156,0.9724779934786664,0.7498046029578076,0.06468863447555809,0.55,True,0.9993113682790561,1.1018617022231176,1.0297022745790443,1.012034915821061,1.088128241172532,1.0295852017805318,0.9327795698948183,1.099637679095067,1.0040830606652604,0.8318819975014954,1.061810231265064,1.1201368107416894,1.1078477183118218,0.8589478621523919,1.0241738967241667,0.9581717863255038
170,0.5563649159546358,0.5563649159546358,0.9886016968156113,0.86866219657381,0.8942337910968288,,True,1.1791866194140694,1.1456107404263352,0.9058166584636845,1.1094967603175392,1.150051949007858,0.9250031569984911,0.8969651823399074,1.187526216039986,0.9625572227884484,1.1412197818038112,0.8906359563552302,1.1907960328725695,1.0882774269924074,0.9361511246770976,1.0488781963063771,0.802838081665142
171,0.5056900323968859,0.5056900323968859,0.9637095352575817,0.44662686530264106,0.003367884967191557,0.6000000000000001,True,1.01454194280773,1.0207875793641257,0.8105891605577823,0.8028137734420476,0.8356134481122273,0.9245241981609416,1.1209047492966926,1.0545760557459605,0.9997929088762155,0.8574796534217869,1.0695621057775748,0.9330730329427033,1.1811068004259204,1.1204218497492782,0.9202349897675152,1.03053497840033
172,0.46453154211295744,0.46453154211295744,0.9569133362794753,0.6581768714437419,0.038381624010782926,0.55,True,0.9937819072947632,0.8975254721207909,0.8911335640674944,1.0867867476811688,1.06979467367082,0.9110027632086422,0.9174254092926086,0.9546284579881448,1.1197288771637934,0.8527909400190289,1.0205228769841983,0.813741738181915,1.0291140770621894,1.1349011895968177,0.988415269509255,0.8849538815152852
173,0.4804124960827102,0.4804124960827102,0.9723955926502507,0.526842205431082,0.005116552657437342,0.55,True,1.093369145136683,0.8960684915689676,0.8700142028129485,1.0603353496999013,0.8321562670990648,0.887302601433209,1.0450544681595664,0.8367993339946866,0.9594645417221412,0.8968425904933193,0.8902744739237756,0.9844028543866441,1.1504589769934237,0.91691666292038,0.9873130329541562,1.1903645787594221
174,0.4524499352359106,0.4524499352359106,0.9841897321586426,0.8771636854185405,0.9444000800160399,,True,1.1676738707978782,1.1577912356306417,1.0257365497691076,0.9677852683217736,1.116103419205404,0.8853992832918961,0.826876577135256,1.161176412870578,0.9939481009435903,1.004818280086553,1.090773572549841,1.0472980013855273,0.8535629356665086,0.9527400912338642,0.949802597685733,1.1705416866472775
175,0.42944052935886406,0.42944052935886406,0.9183184834066641,0.49390752331924104,0.01228497029889117,0.5000000000000001,True,0.8341462124509348,0.8371775550275522,0.8390728500727197,1.1237102970942914,0.8095215121098505,1.0204235307222271,1.0793158876803042,1.1378951553818213,0.9452989043071596,0.8108625193310149,0.8308820120976875,1.083684047796563,1.0847563386720926,1.1124024327206297,0.8627873942321782,1.0300010044909609
176,0.442289926509588,0.442289926509588,0.9653105808591681,0.7026121871779274,0.03397688212187122,0.5000000000000001,True,1.113955426100651,0.8801708376558423,0.8625982209596046,1.0144704597942495,0.8458752591910427,0.9551662192016425,0.8491032458536708,1.1819082930974298,1.0808245297283072,0.8144773987293608,0.9915899405835715,1.1115199484057796,0.9686631657226248,1.075957852471609,1.1062329326248403,1.0902832310702242
177,0.40637134704514405,0.40637134704514405,0.9480332280802587,0.6998291433634921,0.07514440122724786,0.5,True,0.9375511545658678,1.0613241136551825,0.888568101735459,1.1047089192115194,0.8745210528409195,0.9684200411548722,0.8400418230774441,0.8215288243616342,1.0762089333804286,1.0650022605237788,1.09585201465503,1.0938609860159847,0.8110097005125799,0.9063552446738763,1.0816771789760928,0.8382991675532219
178,0.530716012212251,0.530716012212251,0.9896116069454809,0.5474646986167269,0.001468760174950773,0.6000000000000001,True,1.1947407471600575,1.0711117825169807,1.059349062435535,1.1978736389172295,0.859904237886368,1.031769443772088,1.1774160840006187,0.8780137585592391,0.9451204677813758,1.1887547570507926,1.1227444888547322,0.963676794705358,1.0269478154923786,0.8048444774175698,1.0766951152219693,0.8735493741656765
179,0.35491201673054634,0.35491201673054634,0.9353200594088386,0.7070782682970129,0.06773486971510698,0.45000000000000007,True,0.8064291925972978,1.1428705677483302,1.1885136873491262,1.138468964136995,1.133344564351338,0.8054513567112618,0.9716820261895666,1.1586336936668225,0.8499406706054284,1.144942410341133,0.9151140822395047,0.9048226859257514,1.165776411645183,1.014614345008622,0.9357680542691114,0.9529675738070743
180,0.5770529445231395,0.5770529445231395,0.9877233710518323,0.6895164268070855,0.019129000783196987,0.65,True,1.1774065283103667,1.1452086077379757,0.882012862475009,1.064062441493792,1.1190014521553462,0.8311866431591379,0.9413452147232027,0.8481411290539197,0.9633120061640047,1.1094409632084004,1.133228299453622,1.0180499991727074,0.8267543332080614,0.8757498485807755,1.0065070803650729,1.1757239934038983
181,0.5507998455005236,0.5507998455005236,0.9793203208745632,0.6150486275187427,0.014547922245245561,0.6000000000000001,True,1.1989275350374156,0.8131275528280713,0.8023267871538314,1.0735941101967001,1.0288146319454996,1.0740168125166192,0.934471605335958,1.065130675970173,1.1514571050321516,0.8009649005706893,0.85280468712395,1.174672283035659,1.1145228020766067,1.0522928911174791,0.8230656108321425,1.0740485623685583
182,0.5260596207742412,0.5260596207742412,0.9788327042582973,0.7476186215978219,0.0904845810960922,0.6000000000000001,True,1.14759923324965,0.9124835333699145,0.8282787150843524,1.1867081608430483,1.1049778585921446,1.0249495917290128,0.8358075730963727,1.0079659140584907,1.0795294490788914,0.8491915748867995,0.9412430817502057,1.0523785361833744,1.1905433222263895,0.9659375639262335,1.045014838715778,0.9012181816511651
183,0.5200138197912656,0.5200138197912656,0.9625013531870624,0.5540178723064458,0.013256305245329211,0.6000000000000001,True,0.9645168410019092,1.0071801775440632,0.8697568586663592,0.8049607988141689,0.9931078539122025,1.1980160668018296,1.0823631460304861,0.8318192105703492,0.9688330667334666,0.9340779667453044,1.1967802549959292,1.0143921509015144,1.1437291666566771,1.1064730581729731,1.0804206897939457,0.9952911774729273
184,0.43726091224005437,0.43726091224005437,0.9745040545932477,0.7113130736965103,0.035344198390650505,0.5000000000000001,True,1.0878560157323636,1.05239156685628,0.9869022528903802,0.9363745340199561,1.036337972660223,0.9146264296935187,0.9042505413879757,1.0034641162385742,1.0758862627425758,0.9388206819035954,1.0183512984959733,0.9357506480286274,0.8762610752285849,0.9069413419058101,1.0925762219256776,1.015441637967184
185,0.3212437904693353,0.3212437904693353,0.928922421383592,0.7416198657736426,0.12792040721587009,0.4,True,0.9021055473024839,0.9991504360463872,1.1485682102967583,1.0320921729302563,0.861445490609603,1.0571582459099793,0.8170549638787951,1.150383859856815,1.1291736181290304,0.912243119753241,0.8652494285215223,1.0628633336924407,0.9230623062047928,0.9520496931337874,1.0322627342617905,1.0241665973501157
186,0.5184647710723161,0.5184647710723161,0.9736688816463103,0.6373031651506377,0.014552477424942041,0.6000000000000001,True,1.0152127510893005,1.1253197951266638,0.9647385625318943,0.846032898109199,1.016068832193957,1.1428072032593894,1.0463040147011635,1.174445701505709,1.0694232520471405,0.8759438241774486,1.0684717157529753,0.895788423993949,0.9423806678177067,0.9783505561913028,0.8209145975610803,0.8639424695383473
187,0.4312333047289268,0.4312333047289268,0.9742857457210364,0.7225491686765095,0.05073812718134778,0.5000000000000001,True,1.1505054592230048,0.8929055119991542,1.0903906959898766,0.9055269442834388,1.1608528438560946,1.009916014423816,0.8874362035155134,1.055534193194186,1.1875895765612752,0.9293853201530821,0.8990395818237367,1.153831721768847,1.0889121212412571,0.8686261251600216,0.994922475642927,0.9488095061534622
188,0.4801836536819769,0.4801836536819769,0.9546552612876358,0.5405507450428613,0.010948104628046377,0.55,True,0.903260762828229,1.0280948076166498,0.9163401397840151,0.933494982942738,1.0411591186297837,1.0140306764220124,1.1190724140627575,1.1350371041748477,1.06523681574145,1.0906331447627284,0.8212478756877631,0.8653658069659375,1.1394087041771293,1.1662126774253396,1.052644876267209,1.114903849504292
189,0.47413591563270097,0.47413591563270097,0.9607451299583564,0.526093317805965,0.007587781357728251,0.55,True,0.9658669470861272,0.893526960211593,0.9270786697336075,1.0561642168212282,0.9136513089909236,1.1199471013306865,1.1269021645334558,0.8926066333246356,0.8211705295480602,0.9149350581265476,0.9081156566577729,0.843194766342524,1.0319728033870599,0.872768051285362,1.067952798580425,0.9651081285401784
190,0.40791433476882305,0.40791433476882305,0.9478829583178686,0.513715007734819,0.005737473428004305,0.5,True,0.8767684686904377,1.1395675999261203,1.0780143178814767,0.8589198204911318,0.8040756331873632,1.0190464254922116,1.1884275209145483,1.124150768541293,1.13163992324891,1.003833319736179,1.1521230883397113,0.9000417922476274,1.1548654191162926,1.0825028116981026,0.8959246750843022,1.0734640806765674
191,0.3976051571944604,0.3976051571944604,0.9678182563261244,0.8973366429051742,0.9304719846662634,,True,0.9847911975397604,1.1860454736696875,1.0060075687881236,0.855208674113811,1.0659505179286466,0.9363033308707102,0.811244993457576,1.1427411754198946,0.9088517186593089,0.8036954871517574,0.9997171859962397,1.1038025293114733,1.1623114045351854,1.068311897997953,0.8697292658443884,0.8432463611693684
192,0.47787778878739695,0.47787778878739695,0.9731645123655589,0.4753652392383745,0.002745003686871577,0.5500000000000002,True,1.013253346698627,1.005290693401893,0.9582437572006648,1.118445096189577,0.8590138941635442,0.9235243320236839,1.1747620696256509,0.9978745791420662,0.8593315476522009,1.0352050941892097,1.1701867029823725,1.1001620937775194,1.1630744426288906,1.1443864552429817,0.8300386426741804,0.8021455129645395
193,0.5111471043743525,0.5111471043743525,0.9759397851922773,0.635408867855503,0.009008351870434347,0.6000000000000001,True,0.9702194297979313,1.1701255094038472,1.0571396287704646,0.9930440657598426,1.0106029854264718,1.1037833260850376,1.156318877290874,1.1543194185359478,1.1090947496328079,0.8498441260131528,0.9689652209386765,0.8497497683009607,0.9916297211872147,0.9216883559926934,1.1544109244174918,0.9899912751680969
194,0.41774788433737525,0.41774788433737525,0.9381340502731808,0.4997807245949413,0.011090130881120276,0.5,True,0.8202983829428795,0.9588193653651129,1.0372312198296287,1.1743973406001105,1.0308571340284962,1.1211614821731057,1.1854758962664405,0.9733153254756134,0.952543059922334,0.9776700983389555,1.0527602341905717,1.0075058027016448,0.8842425093887037,1.0195595877289718,0.864662453673623,1.163465370926129
195,0.3542107309723038,0.3542107309723038,0.9526834645602743,0.6604546242267175,0.024664433556986647,0.4,True,1.078566700277971,0.8718853155666916,1.0942473966022224,0.9671483332939808,0.8283903906847127,0.9444284662037647,0.8753770265940028,1.0976913858356232,1.0506286739883897,1.0808362441535673,0.9592156749076477,0.9448983831464443,1.1460298511242015,1.1657406823116683,0.882087202551892,0.9225085654357277
196,0.5419936229092462,0.5419936229092462,0.970874789304644,0.7076540716628836,0.05989753003632074,0.6000000000000001,True,0.9469692840755648,1.163109456585986,0.8596398306196683,1.1263107187740513,1.1490776095236475,0.9743837432553883,0.9431094622719065,1.1511031904147928,0.8021526680197713,1.0764929507534318,1.09817809337176,0.9539605172601564,0.9758819266711176,1.0468164569458795,0.8855533913352595,0.9774866965827084
197,0.377860580659427,0.377860580659427,0.9619521003146744,0.5786430462822388,0.007395918151812495,0.45000000000000007,True,1.1316637377304686,0.8164779884343777,1.1106114547104697,0.8897625156403142,0.9055574537433088,0.8439764858923573,0.9991205880439566,1.0252922967287612,0.8945713214775605,0.945882616288306,1.1273776400029163,1.0896878550403133,1.0939814589182244,0.9178399605491586,0.8136019679490069,1.1012574874178767
198,0.3455694616836271,0.3455694616836271,0.8964145711885937,0.7203154326720334,0.14920973361895912,0.4000000000000001,True,0.8219515088422495,0.9511967228477772,1.0135289323295664,0.8484567453929074,0.9433934507508427,1.0156529465021642,0.8351585070026186,0.9195126172555791,0.9664250051009162,1.046660181830617,0.8494667915339535,0.9341713051504774,1.013967730896191,0.9491765326727047,1.1512301136862482,0.8151977814648191
199,0.4199912886891881,0.4199912886891881,0.9624261558794114,0.6877349633882676,0.0395509117416674,0.5000000000000001,True,0.9723752035348229,1.025477276907805,1.129857887728338,0.8987160555260116,1.1484992369999354,1.0183638601743383,0.9777488642979625,0.9377342191913739,0.8419563638669135,1.0739549798307713,0.8645392671375817,1.0383355717674527,1.0440982813374757,0.9422394880144902,0.8547200522592979,1.1519453218232842
200,0.35622488308513,0.35622488308513,0.9619310503258819,0.8746992018425955,0.8272339960949101,,True,0.9972414529754883,1.0178768434867367,1.158987834905597,1.1090626494243365,1.0319423571815884,1.1348184182696355,0.8251555652392568,0.974940614384538,1.0704543697598976,0.9522412628053161,0.8001814995406252,1.1402346351486652,1.117899887914341,1.180520985851944,1.1439265373941945,1.0136356649276088
201,0.5180344109697173,0.5180344109697173,0.9706081532116559,0.37369054885367553,0.0019274738488947573,0.6000000000000001,True,1.0798570815888509,0.9852706347679905,0.801169843783416,0.9207440540220164,0.8691083757263275,0.8825734979793547,1.115120429937091,0.8222124120769122,1.132149815053267,1.1825184740906762,1.0048346299405755,1.026564108336561,0.8546113279061328,1.0109919993615695,1.0852387065054707,1.1440200119222481
202,0.37849773022194866,0.37849773022194866,0.9667647929078551,0.6675314765115589,0.013126901757029186,0.45000000000000007,True,1.038689744647045,1.0443524703947324,1.1976192836399124,0.8745934947967711,0.8174944036072396,1.0613886839194628,1.014797446059422,0.8859440496940854,0.9573041350224486,0.8124785458221545,0.8282105028194912,1.0526312171028012,1.1405986585050574,1.1634954472170889,0.8568799687972332,1.0338377877113958
203,0.5249934633230982,0.5249934633230982,0.9746051437048349,0.44437646244727286,0.002529935012638741,0.6000000000000001,True,1.124737031276408,0.9456055883694049,0.8427120499744506,0.8534898742332974,0.9310789400369,0.9733942213656291,1.1033702624186226,1.0434894228255798,1.0271224061250737,1.0427488112910044,1.1457379971819803,0.9911679103453916,0.9839960458245749,1.099004887293785,1.017996239167147,1.0602763248238571
204,0.37661275285820967,0.37661275285820967,0.9423399507106839,0.5440740380874339,0.01073513052934975,0.45000000000000007,True,0.8427854654607243,1.130475964795579,1.1763097264554008,0.8320983664900865,1.138145273491024,0.86451491465124,1.1840370711995614,1.1068052116646703,0.9749941385465588,1.1956382623457988,0.9720076930952988,0.98240693560983,0.8550340803751401,0.8468298269887478,0.8083041244241891,0.8081146477599506
205,0.4324675698418207,0.4324675698418207,0.9778197092422297,0.6193255035530795,0.005563951082978347,0.5000000000000001,True,1.1095829378987274,1.0946525130806222,1.1092873679068154,0.8095873497880127,0.8827852373187817,1.0218198381939931,1.071638998392678,1.1449556733651791,1.1985855821696818,1.0601646891441525,0.8144079883496755,0.9589712982875881,1.0343025542011217,0.8519929513868321,0.9835210702023034,1.0639245578819079
206,0.3973140201695846,0.3973140201695846,0.9332088201432452,0.6577164246460337,0.042147347115318194,0.5000000000000001,True,0.8127288883705966,0.952373202503128,1.1294061473533643,1.1913807605760862,1.1703648583250565,0.9853999711807142,1.0576933734731118,0.9045991119758648,0.8724512351360041,0.8649337082085221,0.8662684844373506,0.863610646121109,0.9697097627183726,0.8705273570038268,0.9775980808738572,1.0441530703425217
207,0.3054826052062546,0.3054826052062546,0.8839901411750604,0.636185509789528,0.052079650982596926,0.4,True,0.8090401749532811,0.914370971778871,1.1278737172348745,1.0959109002670206,0.834305239318489,0.9829791449327838,0.9095815663575624,1.0031252907932984,1.1520572576220083,0.901527418512484,1.1196632783014488,0.9386333322373661,0.8513489685036834,0.9645963482965129,0.8819283017438169,1.0405407749255773
208,0.33719743738061586,0.33719743738061586,0.9347153648537838,0.8504353946828329,0.8261301993630343,,True,0.8111153648468812,1.1905962928814098,1.1204196950390606,1.1609878441422399,1.088979444535031,1.0010514448275265,0.8425539345461084,1.1092567294507258,0.9431260867385522,0.9990643350781647,0.9621792773016302,0.8341556257141786,0.8667580533066842,1.0647213815940513,1.0148091340754846,0.8916892811785283
209,0.42845250862920775,0.42845250862920775,0.9604675745080952,0.5939306764897614,0.016021355913809383,0.5000000000000001,True,0.936705100973105,1.0034408006114615,1.0369195243338432,1.1168185963930473,1.075000518012097,0.9667655742270483,1.0622301556763587,1.0182585368066839,0.9044826871121573,1.1492636475491986,1.0926005165939205,0.9820521842469372,1.1605726629153459,1.088607758928625,0.8060401244758082,0.9788856330308797
210,0.4830118882616584,0.4830118882616584,0.9788378381496847,0.875325848461962,0.8915443035569401,,True,1.1640320690112547,0.984913530418704,0.9386925454685799,0.8506242878113628,1.168238246333595,1.0079128909171011,0.8099401213714974,1.073913799098824,1.1653648692910732,0.8830991250804378,0.9572395686737911,1.0014710047234843,0.9162760539791228,1.0349780075220238,1.150955443325863,0.8290890667441775
211,0.42294270058702044,0.42294270058702044,0.9552926601183993,0.4735441263512096,0.004136477398212296,0.5000000000000001,True,1.0162061052448996,0.8582524724915592,0.9891340945588026,0.9497618860462024,0.9029603437440954,0.9794928453309641,1.1182787590271968,1.177145962832572,1.0355946844388426,1.1188440727980922,1.0045710208645648,1.1523616636210414,0.9482793916082262,1.136437896523152,0.9642493154600982,0.9724284271289991
212,0.3839733355219258,0.3839733355219258,0.9316222226152375,0.6427749720257416,0.035351351468227196,0.4500000000000002,True,0.8590358518207668,0.8822404983336422,1.1438769764273389,1.0483250352270497,1.1676103050206572,0.9338092522377363,1.035373181864728,0.9286164360000206,0.8775117433948747,0.8239753015442391,0.9835575599284403,0.8291523598483033,0.8955944561861091,1.1643241475814912,1.0654975240856572,1.024669045235147
213,0.32220221846744934,0.32220221846744934,0.9308137599800401,0.718355498463166,0.16545324534568487,0.4,True,0.9301979822031913,0.8968033188366523,1.1925886369366776,1.1558784561196165,1.1440137887100827,0.8836333863614567,0.8038199303031461,1.126206019840792,1.0416074076373352,1.1504213169131834,1.0582474703608897,0.8022563780448834,0.8596079426239731,0.9502319242371642,1.044323390917388,0.8962715195123263
214,0.35552125514856525,0.35552125514856525,0.9464430663984379,0.545909435185018,0.007771181573989685,0.45000000000000007,True,0.9821142735295795,0.8794354247177231,1.1807745053649885,0.926166228397937,0.9533419707438232,0.822243108896265,1.0886529227988064,0.9170551829389845,0.8351133974895077,1.1730052368693669,1.152745682590363,1.04274581322531,1.0850757043728563,0.9954751308537675,0.9548127353808017,1.0796363759656238
215,0.5778402024996832,0.5778402024996832,0.9786320381646645,0.6145347190198316,0.0134207260393755,0.6500000000000001,True,1.0493733653086093,1.0622296661721462,0.8516723228854519,0.9185319554109351,1.0946130997426584,1.152772243044197,1.0558273328230419,1.1187670868916773,0.9759260801317535,1.0358060834755822,1.169743322887633,1.1254500159212164,0.9815650418953541,0.8344221460414082,1.0204315942577065,0.8628694052457194
216,0.3805810260638633,0.3805810260638633,0.9257352609511744,0.5359388000088597,0.011954729196012679,0.45000000000000007,True,0.8666866531185996,0.9211145616155176,1.0386428339727847,0.9297560508217715,0.8125415104125198,1.1837330608409815,1.1102960913226307,1.0954039944302045,1.0981422656932722,0.986419436612559,1.0480451775514876,1.1278604346755345,0.8309314986378569,0.8315566047686465,1.1586011750790712,1.1667651419451466
217,0.3903132687660472,0.3903132687660472,0.9092531934159993,0.6319516590143935,0.05171279150668667,0.4500000000000002,True,0.9115570890671714,0.8186444347001152,0.8984354392000219,0.8541129020533152,0.9105746862879659,0.9978721309649552,0.874855338636298,1.0577311906278015,1.0050283215133315,0.8945309923310655,1.1253255701525418,0.8374196652756662,0.9900742909851572,0.961005271645611,0.9328135940196285,1.198564690135901
218,0.39202169338383647,0.39202169338383647,0.9415428569635663,0.6433263290675079,0.03235205005573616,0.5000000000000001,True,0.8796935299438813,0.9810326876957708,1.0975974599313272,1.13759004128545,0.996139561018082,1.105792504602693,1.0027240592366418,1.0307886175088963,1.0987742265634655,1.0056933124828842,0.8052927624600213,0.980710741890171,1.1131199066584199,1.0640318632297128,0.8171997372908878,1.1085594682105915
219,0.5167849083116224,0.5167849083116224,0.9846847395457812,0.6649968509810373,0.009398230031316132,0.6000000000000001,True,1.098331120987723,1.0142041102197115,1.1521871454039363,1.0961408937592527,1.1833312133842113,1.0899136870710033,1.1247122765304716,0.9234135130579701,0.8266958010663459,0.8599563997475821,0.8069100377592784,1.151101348748215,0.9260807118479296,0.943286780050661,0.9614169826341328,0.9836453676846775
220,0.38865266692273676,0.38865266692273676,0.9748532557084004,0.7240025860489971,0.027008032241767232,0.45000000000000007,True,1.0694057684000877,1.142665551871262,1.1388021702498818,0.8171007439278672,0.943116295071792,0.9334462823455358,0.9376215623899622,0.9460296064243082,1.1726466282561665,0.827635089830324,1.082303955992895,0.8445271991608274,0.9787005580055188,0.9369364042744726,1.0951239060848532,1.164096917508386
221,0.4528489970878595,0.4528489970878595,0.9822318844211456,0.8814758541875293,0.8994192331091607,,True,1.1628547589822387,1.0605389808198755,1.0181287847438285,1.0710373161587727,1.076457025769269,0.9476900615501596,0.8278992331394464,0.8069367998428025,0.8701240801012509,0.8293522192984666,0.8353822770664698,0.8292763293671188,0.8159211686788128,0.9279456576791695,0.9803003886805367,0.8968693547240193
222,0.5147521319893663,0.5147521319893663,0.9651856305524511,0.3959754620463969,0.0025117649090825155,0.6000000000000001,True,1.0736637333725718,0.9187227149543803,0.8089946323742719,0.8040732735559724,0.9776076164700629,0.8354160902650197,1.117534486152425,0.9098223443077167,0.8207746111303884,1.0031512631398336,1.1448185088810885,1.0654997241658641,0.8330186142974607,0.8963800616995681,0.934882626227114,1.078461762208876
223,0.504072398184057,0.504072398184057,0.9705877410229756,0.5873819820686818,0.006196843552701695,0.6000000000000001,True,0.9566522315194933,1.159640558826841,0.9407607367372977,1.0257248422942504,0.8454676340987209,0.8783442944429543,1.1303737489764816,1.1524816909132207,0.9564627154688937,0.8085587746270793,0.8731419239502414,1.107650395803681,0.9305858524741003,0.9887634345240863,1.0306110833867572,1.112068376037942
224,0.5280130550404133,0.5280130550404133,0.9819528711307267,0.5733377221838427,0.00491946567839487,0.6000000000000001,True,1.0017611996607372,1.1962115627183094,1.0290994368327326,1.0880258891341406,1.1864570129528953,0.8537526451886926,1.1982226254374304,0.9780270444546607,1.143451793538215,0.8329388861035439,0.9038775255217559,1.138537737015869,0.8048535326731242,0.8819978362937984,0.9789917108360621,1.1304011471972788
225,0.4123411062673562,0.4123411062673562,0.9609900030359554,0.452124376066425,0.0027854160209128034,0.5000000000000001,True,1.0356245034443285,0.8268915872543611,1.0676488349372846,1.0232073078701478,0.987044458708954,0.8587316001839435,1.176260714834384,0.8081344144054118,1.0089129439591478,0.9931694643985417,0.9484131207042148,0.9160990643944023,0.9582906943239836,0.8939111875366723,0.902269764972048,0.9537314861146751
226,0.41861174646543803,0.41861174646543803,0.9632028461161091,0.6678092705565996,0.0270724775892174,0.5000000000000001,True,0.9917546402924833,0.9277311036006899,1.1746415587778967,1.0509352534450576,1.1259530316241315,1.124818510371309,1.018503698517745,1.029166093343106,0.8529484591819285,1.1355317342524516,0.8515101143469525,1.0539600834315954,0.8440452611844318,0.9475509728409978,1.0724600655357523,1.0403559102141309
227,0.4795416924148025,0.4795416924148025,0.9601024334016827,0.8472214318073676,0.7877120989081653,,True,0.9655494393023883,1.076342888535301,0.868161580113151,0.9168098796669361,1.0835167610799545,0.968296548968015,0.8368489686880405,1.139364892709659,0.9918002156606629,0.962354130797292,0.8274925822954102,1.1404783771956621,1.1526650178133377,0.880137149920472,0.9562425646323744,0.9682333660460529
228,0.44767374690365347,0.44767374690365347,0.9679686481964763,0.8423412075350409,0.8984731901406415,,True,0.9763417481485621,1.1372525607457744,0.9299960017104973,0.9860332952215078,1.1512367234451437,1.1586111365416458,0.8432925754202582,0.8315542780681793,1.1728287212700947,0.9926242324203681,1.1672909148177535,1.1962460909129726,0.9852101371939905,1.0854152593032942,0.8560054655043351,0.903437436381212
229,0.6159993594575492,0.6159993594575492,0.9867134450286111,0.7197705726341098,0.04032792418189719,0.7000000000000001,True,1.1732620148491415,1.066247586159007,0.8055642284702573,1.1027555630575356,1.0148107934200485,1.190726739601286,0.8978345610437211,0.8946924842608891,0.8344202201629572,0.9918675373737957,1.0007836351531758,0.9315642260463485,1.1523327711563789,0.8165464182755342,0.9057759370232706,1.1871240417388864
230,0.41986290113174013,0.41986290113174013,0.9661310280819672,0.7199291155996733,0.04560338030105482,0.5000000000000001,True,0.9434315236112712,1.1158479044029213,1.1788785286483552,0.9993047624174137,1.1267935926460328,1.0554494889396313,0.9973547637707973,1.0627978852419973,0.8673284463333686,1.1217208144963244,0.9380915016090151,0.9671511798954905,1.1224620528884663,0.8220512368538907,1.0711161056415477,1.1959347452362064
231,0.37279692070796855,0.37279692070796855,0.913740025561094,0.5514343435687371,0.021008666328671433,0.45000000000000007,True,0.8720073662604834,0.8738794117036449,0.9337357432379813,0.9915741189280374,0.8819164190202737,0.8808038086342326,0.986165376086147,0.9070638648854188,1.0939177731014265,1.169504404246653,0.8331715451596587,0.8560231283358044,1.0761922266874209,1.1012577933575385,1.055299241161084,1.0712595375332872
232,0.5232786745788625,0.5232786745788625,0.9826079640358161,0.5292163985657777,0.003143069536752936,0.6000000000000001,True,1.0659058444839036,1.1067088640681386,1.0162585422895267,1.0072166811397034,1.0993017122981898,0.9366941926635032,1.1968660794772776,0.8649348499637975,1.1019272614636155,1.0625247557636455,1.0410613019147803,0.9008815192292272,0.9027307847937075,0.8903387584568367,1.1497096351192928,0.8450223689530856
233,0.3869997078291595,0.3869997078291595,0.9592764659012323,0.6910270443215301,0.060156990402692845,0.45000000000000007,True,0.9953043890149844,1.019110948374441,0.9835858070610451,1.172736635042317,0.9472817565065564,1.0123362875394533,0.8594365388525392,0.8197895386516918,1.1114901466963296,1.0055822752122363,1.0970297657437924,0.8633752528261268,0.8696312809953315,0.8350743716329232,0.9749576009517207,1.0186355836672565
234,0.33330316365739304,0.33330316365739304,0.9279535721789597,0.7058170864768495,0.08315830485894866,0.4000000000000001,True,0.871599201980295,1.0445227546011702,1.120022855578127,0.914868037101957,1.0041230392615705,0.9141238464748146,0.8789579960759156,1.1803935746153844,1.1207352877308776,1.0312372369483847,1.038208448571914,1.1216168458603066,0.8437636584016449,0.9516653139309631,1.0295728035801897,0.9307195894679423
235,0.48636744387985587,0.48636744387985587,0.9727601593471195,0.5712438391745578,0.011550050858973582,0.5500000000000002,True,1.1204871329581152,0.8510901172335905,0.876231993943469,1.161879256456046,0.9234300173959624,1.1001884254488183,0.9642094229106313,0.8834914412092365,0.8796820611264988,1.1805313428312432,1.1402028289397146,0.8871338526645886,1.1336329287054756,1.0103855336874026,0.8285432291466477,1.0913307912552053
236,0.34955893422567536,0.34955893422567536,0.9583345160655883,0.725915569042707,0.06156245604386992,0.4000000000000001,True,1.108168633182127,0.8840990789121489,1.0632894149791685,0.966197536499229,0.8294909402471868,1.03882539881136,0.800067434631403,1.0947706022841928,1.0875331541776838,1.0849446556591704,0.9969264064295543,1.1182589132055927,0.9677070522124254,1.1431632132618792,1.1961215721765428,1.0480308958543716
237,0.38427788473316604,0.38427788473316604,0.9336927113107665,0.6905010680977596,0.05449637056076865,0.45000000000000007,True,0.9001843948009093,0.8363310848928989,1.1262291681975902,1.077537439402589,1.0725810024325697,1.0930757971405813,0.9639551780581441,1.0778334841501556,1.062295466014936,0.8593297375171365,0.9171346527875318,0.9245616512337934,1.182686735560371,0.8358252257046681,1.0342895083387764,1.1817203014791406
238,0.39102318497192007,0.39102318497192007,0.9205228867720203,0.6045545602903836,0.029846459959322558,0.5000000000000001,True,0.9422899029714866,0.8286729979563553,0.8812327666744295,0.9923883106796192,0.8610339752206976,0.8274261185914616,0.8867503740229036,1.185398160746702,1.1388255487475205,0.8647771400160235,1.1895436776822266,0.9617165297908683,0.9169608267598225,1.0238363382840592,0.9104703202175038,1.145887086710156
239,0.5469535933939061,0.5469535933939061,0.9655140816750869,0.45298373790023444,0.004881185734866377,0.6500000000000001,True,0.9882303370104656,0.8678397090481956,0.8071519482462044,1.1134241935545404,0.990194689951736,1.0382522502261151,1.1306959206775582,1.0385534474308737,0.8699635903568361,1.1028910417646705,0.8009916087422128,1.1291003826827182,1.1515272616255625,1.063378604637479,0.955728913592278,1.1038200677823422
240,0.4457817369816482,0.4457817369816482,0.9576890773995602,0.6909574540522732,0.08885050270230567,0.5000000000000001,True,1.0420831894851155,0.8814461398216381,0.8394847684684026,1.1000451839123842,1.0058013784801132,1.1266386093551888,0.8129876246347705,0.9129912614490044,0.9858458211395279,1.1712563351674201,0.8930095973247377,0.9218104381336543,0.8563188967420498,0.8798814946834037,0.9955791325241312,1.1810238886736473
241,0.3987107808455444,0.3987107808455444,0.9687935973604447,0.8822854642659319,0.8844155556902459,,True,1.0632690614389926,1.0964818217702126,1.0425290520076484,0.8877631646520046,0.8686726282288736,1.0260405017857386,0.801523638428773,0.9427925610411679,0.8274260065378585,0.8782889859425225,1.1340072525315115,0.8699439803603178,1.0473825597372373,1.0492769327716798,1.0403241301778972,1.0762230868055755
242,0.5792361895485257,0.5792361895485257,0.9912875002179793,0.5273656692044323,0.0017997821202301724,0.6500000000000001,True,1.1856469953503632,1.1351924392294055,0.9978029411136624,1.1585981837925283,1.084032440410325,1.0309211440375834,1.1784135798851527,0.9041532293199243,1.0550689347630102,1.1649588131041555,0.9466318720802511,1.1909417599322938,0.9631192193869103,1.1438219742260216,0.8399199128058761,0.9326130710699307
243,0.5239915998096502,0.5239915998096502,0.9739469445563219,0.49694240451238475,0.00465668428236339,0.6000000000000001,True,1.1040265138423087,0.9449186573798242,0.8640714447786166,0.8444811459968959,0.8929243456274951,1.1807385466534275,1.087742386038433,0.8393518510261069,0.9519561921121018,1.0185333837884598,1.1725782718749076,1.0829685047823077,0.8824648892943113,0.8420454186836295,1.137328161563769,0.9993629013386218
244,0.40128452594237785,0.40128452594237785,0.9250535074975983,0.7266307376067195,0.09208465996687268,0.5000000000000001,True,0.8189080382873271,1.0730837889336229,0.9142920197744002,1.091585443294458,0.8036708156557485,1.1521896988110931,0.8919763104008462,1.0960001745490162,0.9183357082739186,0.8342837984826249,0.8347859101437423,0.8317686740864954,1.1759267132383622,0.8153070030439977,0.9655340868258148,1.1915183509910052
245,0.4260873880817325,0.4260873880817325,0.9368918221983844,0.6360071904291901,0.048604288582336015,0.5000000000000001,True,0.8935438539274198,0.8786113745505418,0.9477873937350278,1.0939210989249575,1.1356642836787305,0.9885983207536015,0.9541869435649328,0.8007819058912785,1.0798312332951976,0.8139340519771655,0.9054466059273503,1.1148944380779806,0.8382919608130607,1.1276040900166513,0.9040345162135173,0.8061174745268622
246,0.5062202272975641,0.5062202272975641,0.9562877645544187,0.7332671936623351,0.15604120590274978,0.6000000000000001,True,1.0380843140156524,0.8065518438374809,0.8122434525449307,0.8981317509998249,1.0916458827107358,1.1959628672256137,0.8197078175577438,1.044150191533785,0.8862706457655629,0.8471774503410485,0.9439903823880071,0.998753401862439,1.1597560733205659,1.0023126512460856,0.9308465000222149,1.0975804639978792
247,0.42040414141502724,0.42040414141502724,0.9677977809544956,0.5838745154332701,0.009666626831670518,0.5000000000000001,True,0.9533332224628821,1.042067308700422,1.1947626046566338,1.1603712224395382,1.044705065606126,1.1899367433658952,1.1460193722780623,0.8864358609264724,1.1174757895801795,1.1642724179231658,0.8029437481313588,1.036839479422171,0.9454096257960111,0.9477714790227156,0.9226539885116012,1.0218044310118883
248,0.3786641053688022,0.3786641053688022,0.9253811685789186,0.5995249851062975,0.026532887628405152,0.4500000000000002,True,0.8778898123807528,0.8993993007193746,0.9789555714197625,1.1247578835318215,0.941036332106635,0.8578755322074951,0.9735417863651076,0.9357019274336061,1.1737252553601052,0.8723789710719697,0.934797425581112,0.954444418724573,0.879347566558645,0.9999556589311589,0.9936379656545954,1.0870612482726358
249,0.42668750787325366,0.42668750787325366,0.9560383331302366,0.579605000774864,0.008424179819283832,0.5,True,1.0206926133540613,0.8806821758126603,1.0077629361898839,0.8725848473412198,0.9752255472364624,0.8326444778992116,1.0619455772378394,1.1304767889145362,1.0360785590337902,0.8370914229883403,0.8544159585770563,1.1483555666721947,0.9204832771651189,1.0865539122236894,1.1650779831742504,0.9244096345270081
250,0.6211009278579712,0.6211009278579712,0.9859175441549267,0.5888446077796899,0.00627414539072951,0.7000000000000002,True,1.1348725727453808,1.0067858098374005,0.8758915190310297,1.09401999293287,1.1689578510848149,1.046223916110013,1.092363062576965,1.1390635583746012,0.979466693071147,0.9044192036531902,1.0331662546070646,1.0395810931327587,0.8454266095832187,0.9481903859905192,0.9804500162219509,1.0537670237484809
251,0.5217853927653481,0.5217853927653481,0.9856066597809168,0.49052268749000266,0.0011516278589467654,0.6000000000000001,True,1.1662368334890023,0.9681150425352757,1.0316176567593218,1.1328093157986046,0.9510741472589455,0.8530018255566157,1.1993492843636662,1.0007335124488481,0.9237053635017722,0.9512891097211925,1.006463976696411,0.8730841965232233,0.984830918896219,1.086847291131525,0.959526325989237,1.1775087898978307
252,0.4633895562662887,0.4633895562662887,0.9732468823190245,0.7392992248195074,0.05586463754933129,0.55,True,1.0872722524951342,0.9676459009064546,1.0154452175231055,1.028217735590418,1.021737001896493,1.059943894602706,0.8890728669483093,0.8037083319294764,0.8084664094617998,1.065529217136865,0.8134227743775102,1.0445246922332745,1.0656609192359738,0.9601734427849982,1.1532723603771364,1.1721876889930563
253,0.5733296805404682,0.5733296805404682,0.9734036842563548,0.5284252612242686,0.011237385552911308,0.6500000000000001,True,1.0545426207090898,0.8591631467437426,0.803350925102286,1.1083909082885846,1.1672455606226857,1.1825030221131079,1.057588917365494,0.9381744440956911,1.1624692237305128,1.131951969906163,1.1445363315532875,1.1937420961702014,1.0162704728777325,0.811445489270359,1.1337514975645617,1.1933855432377352
254,0.5203530124293185,0.5203530124293185,0.9676029770398366,0.635608809332229,0.018707447957031154,0.6000000000000001,True,0.9408580045356114,1.1887471977444721,0.8236167774329389,1.054541010421597,0.9446945266412324,0.9123921896061662,1.0029699736595745,1.0402781092211397,1.053042723624174,1.195075366148378,0.8277868659796995,0.9950492774800389,0.9762077649932264,0.9992534513041087,0.9882498173983907,0.9022991591430994
255,0.3863528687108219,0.3863528687108219,0.9743548846031096,0.6605836636448732,0.009781824670525418,0.4500000000000002,True,1.1893771965364675,0.8553808882019567,1.1767648723933315,0.886438047522829,0.9604810684359348,0.8724175770875293,0.9842217397650546,1.0397087400184677,0.946104917903017,0.8212839740899417,1.1534774342212377,1.0995072794959484,0.9103157839874731,1.1644045639595042,1.1959245678784627,0.8891493652546056
256,0.4440227171056828,0.4440227171056828,0.9406829190593513,0.47617690974048843,0.009930804891402096,0.5000000000000001,True,0.9562865123464039,0.8869895727609957,0.8209377777739202,0.8643428241775601,0.9842987327311294,0.895437778480939,1.0334892239010665,1.0691990888931573,1.1247752866720315,1.1606463550240915,0.8179411439957054,0.9395484620310394,0.9354464040711135,0.9734698581163608,1.0454362565410187,1.005024465428343
257,0.46151178867884546,0.46151178867884546,0.9738121638349659,0.600717263003172,0.009486848494893802,0.5500000000000002,True,1.1315106035473605,0.8409150071065097,1.0874889421739553,0.9616820384443278,1.080075525132598,1.1332540204602783,1.0487157153208422,1.037393777616426,1.0427085121993818,1.1773758010034343,1.05674821014131,1.1144407104295955,1.0083062231034083,0.9690538877376683,1.0972181834476165,1.0566962175222168
258,0.5116784774285346,0.5116784774285346,0.9807285393396159,0.6756855444367673,0.011481917619199148,0.6000000000000001,True,1.1166804015821026,1.1146194307295823,0.9511326288769337,0.8634159635941898,0.9375080278233836,0.8288403030401298,0.9940361452405848,0.873358087301579,0.9106189633807954,0.8614423744300334,1.0036531484206712,1.0235948931042078,0.995003253721725,0.8772423951340674,1.0562241421937342,0.9348864048895902
259,0.5266492350439699,0.5266492350439699,0.9787374348769825,0.7178884456658696,0.03144153112679931,0.6000000000000001,True,1.0570823134966232,1.1774137242465241,0.9183203815225455,0.8439721253940261,0.9828110382256268,0.9955709722939343,0.9450772311444736,0.8327409976400085,0.8158465231409556,0.977128818282988,1.0316913375576657,1.0648354156652693,1.1589500976414406,1.1489718069094021,0.9180023330108417,0.8249386399902994
260,0.5786665660493675,0.5786665660493675,0.9881690101754887,0.5009614988557851,0.001250661524830241,0.65,True,1.1615239838507188,1.1359204576706645,0.9120138981579635,1.1063305217433266,0.8100514462349371,0.9510475489337118,1.163078590359996,1.1759694358127586,1.0239363166216113,0.8480106557362387,1.166504049562096,1.0374403278082458,0.8238937014644768,0.8550651392980753,0.8556739258036237,0.9379742477535051
261,0.5127785367951843,0.5127785367951843,0.9594408962368116,0.6006680417761336,0.021975996882226984,0.55,True,0.961638346410185,0.8326042633366352,0.857264898150484,1.1894127556391005,1.1909560042976093,0.9309102042369476,1.022734635328817,1.1806210898836476,1.0332298664332755,0.8410187632096677,0.9864451935722804,1.1624390519152819,1.0372281730581934,0.8974370643967989,0.8754422955361288,1.0528593735398868
262,0.4604851571178108,0.4604851571178108,0.9525445105276608,0.70924966586298,0.046259075418491696,0.5500000000000002,True,0.8345054538258563,1.17480031266062,0.931664261079752,1.1271670060959205,0.954883697222991,1.0393999093947903,1.011912442013221,0.8595420230365858,0.9980770712105176,0.8311333538431485,0.909034352524664,1.0423816507471446,1.148736255435377,1.0779697350928354,1.1321750757550175,0.9566159185942559
263,0.4279684414218128,0.4279684414218128,0.9680022397522137,0.6913450193177308,0.037407692777185995,0.5000000000000001,True,1.1333344964138923,0.944098373748639,0.8972529107288948,1.0559557497655567,0.8257502178663352,0.9708072052998401,0.8189433447898381,1.0993078225703603,1.0398774736247665,1.1875178374220936,1.1719577542781172,0.9195778910828148,1.0777352142443553,0.9275943035051922,1.0228806092722575,0.9895243869673569
264,0.4773406726322126,0.4773406726322126,0.9723876354928934,0.6555680205305476,0.019749972787129085,0.55,True,0.9298394138641212,1.1553469004288923,1.0614798235961505,1.1956681127244781,1.1558117310128802,1.1135987949701018,1.0909466034776305,1.1878561143664044,1.1715735619939653,1.061553644232868,0.8761452695516893,1.0093866225136554,0.8130481393805852,0.974107148375797,1.1164622717106973,1.1452807362414517
265,0.478945520006933,0.478945520006933,0.9778181612577225,0.7476241229583866,0.17311284187777276,0.55,True,1.1738075677758082,0.8462820681811143,0.923798725793507,1.1166891924651288,1.1472927516048228,1.1239198970691215,0.8163575173974359,0.877481217047283,0.8321951879026185,0.8348944971010398,1.1294301020060875,1.1666578625881128,0.8821092272893765,0.8125254311832051,0.9493962376275995,0.954312575558401
266,0.4099629780327056,0.4099629780327056,0.928149004344973,0.6388659799061297,0.04525083958539723,0.5000000000000001,True,0.8879811221738425,0.8977210077352136,0.8589055254870864,1.1791356587780624,0.9654593513058878,0.8147265253669258,0.8964993582133818,1.00958651520593,1.0813113285139093,0.8325269245113729,1.1722921365683756,0.8866052110074722,0.8679422204297026,1.1986999115789967,1.0361535131540025,1.199592766207417
267,0.4225983523606705,0.4225983523606705,0.9795011555172506,0.713942871060859,0.02568642123162874,0.5,True,1.1262059582027506,1.098176614384547,1.1345027771537028,0.9650205574991222,0.8911885272825191,1.0768563801608666,0.9225292748783385,0.8661198062248312,1.000623920725026,1.109064189999908,1.160213368108527,0.9980359930613734,0.903677176199104,1.0432368383454038,1.1402958870206255,1.1224896967914844
268,0.42353584660443855,0.42353584660443855,0.9644676002524123,0.5870335101393837,0.008993349033363468,0.5000000000000001,True,0.9183763661213851,1.1709431058713227,1.0581774874346144,1.1713342131506883,0.8082246937824454,1.0467750363902248,1.103735948063105,1.0405108014120628,1.1596839276299158,1.1439665209884886,1.0590985564613504,0.9438122811987915,1.0505263289091937,1.1536892621662616,0.9468496118596895,1.1769322648536944
269,0.44615638915561395,0.44615638915561395,0.924550650520457,0.5322084460577932,0.01699379124436924,0.55,True,0.81517818651214,1.0226776403635318,0.8690989117969545,0.8968509003629719,0.9603833552381581,0.9765829264549435,1.0912002426854144,1.1934903114410143,1.137292900946283,0.9739652240730696,1.1020828903478301,1.136444964798926,1.115038905825326,1.060145128742997,0.9967542639985951,1.0778159709116484
270,0.400963657498598,0.400963657498598,0.9429861292736728,0.7028016057868631,0.050627715315990876,0.5000000000000001,True,0.8291318996832209,1.1418946578485676,1.1952800511495894,0.8365344785216297,1.075306747040861,1.146806988502413,1.0399520928379862,1.1275234788951833,1.0462822677759034,1.0473112018033393,1.0176053316756948,0.9378348790811799,1.1997353247988884,0.8395619785776018,1.0502959550030808,0.8159615631417313
271,0.5308385382503218,0.5308385382503218,0.9887470521389047,0.6171228195714031,0.0023648613350668556,0.6000000000000001,True,1.1300973334742939,1.1987531360490438,1.066505961877938,1.149862264972463,0.8874329137169918,0.86272398108061,1.1657923003065647,1.1119691802325904,1.050866836285501,1.1148077790410174,1.113181958416547,0.9916898140271343,1.0687128080643866,0.8038391223664018,1.1975449065253907,1.190629373445819
272,0.4212341791519001,0.4212341791519001,0.9710595259784881,0.5404937611116819,0.00508274390160142,0.5000000000000001,True,1.0812402536631252,0.8779355665605452,1.119209301879416,1.0879494044073548,1.051262139265107,0.8500098351174927,1.1024246436603415,0.8659182673681599,0.9710961691786278,1.1699580123765712,0.858695257304191,1.1542356356610706,0.9408039337424774,0.9676381699779231,0.8967604301697121,0.8086487087548209
273,0.3858041480707096,0.3858041480707096,0.9560260359763432,0.6989366170774342,0.03491383675159264,0.45000000000000007,True,0.9588625140143963,1.0233130950904443,1.1259763764833293,0.8689596985204505,1.0086119582248942,0.9623287569096629,0.9691401954831285,0.9367751327840281,0.8644916719517572,0.8583346224236104,0.8171234056692371,0.8527184162386108,1.0714789267310936,1.0038918428186714,0.9314294666782712,0.8538633569568224
274,0.527101176625558,0.527101176625558,0.9691505388681105,0.8433744380399363,0.8245484957848583,,True,1.0051253716605049,1.0148061881564148,0.8119061524082338,1.1277274497813474,1.1520490775218877,1.16150434871088,0.8379998397207618,1.1850256756586728,1.048982240733333,1.121440292176086,1.1008026393495214,0.9347172947862085,1.1771256849071616,0.8947060132053709,1.101759665252361,0.972063434703798
275,0.43338367549622075,0.43338367549622075,0.9676323048276771,0.6390306275857882,0.015541962621479236,0.5000000000000001,True,0.9315648675243581,1.1864874131259566,1.0437757410009647,1.1869477495730374,0.881279329585085,1.0432160797134475,1.050023320167497,1.0327485335537585,1.0602418552242332,1.0674132834339978,1.1496932705044922,0.8438538655991783,1.0718088458060822,0.9511872719679471,0.8953769357837342,1.1552123304120032
276,0.3954546266348251,0.3954546266348251,0.974533087463346,0.48937975964560926,0.0019164162373999452,0.45000000000000007,True,1.1116300511379587,0.8259915895207663,1.1682406521133957,1.119893119182882,0.9013526695720128,1.153359487518005,1.1998257138270456,0.8997406535752985,0.8518832816700632,1.114609762643519,0.8114236772959349,1.1361097067577859,0.855575901383963,0.8452865260471725,0.9427748590900923,0.9864000930419834
277,0.4106767993636062,0.4106767993636062,0.9268162573288624,0.6817346036699882,0.09219127118838619,0.5000000000000001,True,0.8468960012214264,0.921721329710649,0.975999774612001,1.1275480119513777,1.1312725393777914,1.0643966269053855,0.9123816967142012,1.171710220452674,0.9434391791404344,1.0476117890034984,1.1004215616243076,0.8779113014613484,0.8571019517073221,0.8408569131460809,0.9919516997314999,1.1185504669940824
278,0.4416436655459138,0.4416436655459138,0.9630129377334544,0.8463020654964721,0.8549026163436458,,True,0.914336030397895,1.1800786905629166,0.9598660409596945,1.1711282384797475,1.1584720112010924,1.0588885591829669,0.8701946270279232,1.1265479569947832,0.9247877057150093,1.1345511518292044,0.8323574687481808,0.8051584525684766,0.8227650231841314,1.1857804016260618,0.9871379868515493,0.9334665956209675
279,0.43072336748691537,0.43072336748691537,0.9750541603459082,0.7134920639128589,0.03589301474032692,0.5000000000000001,True,1.0476585505139888,1.0869235144968847,1.064345937795394,1.1768455678696004,0.912482699866519,1.1734051536335606,0.9286126773372453,0.8150130730011392,1.1846989678107709,1.0549108838532015,0.8269012436166027,1.0618524369885443,1.0822405520903986,1.0774385548068517,1.0518156223824346,0.9273831308696725
280,0.3622938026704901,0.3622938026704901,0.9413335446246122,0.6086797754698832,0.014692580179662476,0.4500000000000002,True,0.8645170091961679,1.1025118529420672,1.1852689917651444,0.9026080803645666,0.9442026708161361,0.9019431562956668,1.1022662442759503,1.0722562837513876,1.1867684157052767,1.1953678321524341,1.0636685633321994,1.1029844146311338,1.164438683063425,1.0707046533977265,1.1081754424289378,1.1370121328708036
281,0.5800033734480818,0.5800033734480818,0.9878538299628404,0.6845146589634216,0.01915408029551107,0.6500000000000001,True,1.196051161808439,1.0273474327033842,0.8726260180766058,1.162845495398245,1.1615809898794498,0.9187343001903312,0.9519341997364578,1.1645491041803575,1.0834015225706861,1.1525975883755077,1.1301794484048575,1.1930699159405653,1.1803063307200672,0.8054022169255554,0.9665115377308873,0.9639221041572155
282,0.5320867910636718,0.5320867910636718,0.9884391298596833,0.6293797392372257,0.006663419804153097,0.6000000000000001,True,1.1250196263564551,1.1378318140062547,1.0912929632164636,1.1033939117747231,1.1348272267594952,1.1632614789097206,1.12161406168172,0.9702649302657277,0.8875426887838365,1.1314418497933845,1.0977579169241252,1.105098156068212,0.9860779904956054,1.076811302188131,0.8405091519122397,0.8913583257949104
283,0.6367836616751026,0.6367836616751026,0.9925998967167394,0.567082101239639,0.0016977879415382025,0.7000000000000001,True,1.1933272258852754,1.1920377788554104,0.9154103880673943,1.0247492884997154,1.0902620673962842,0.9897768299895222,1.1952811185554846,1.1018610173916223,1.183436535994875,0.8135704596214829,0.9902198653569393,0.9361164012076304,1.0004097554397717,1.0580515915074904,1.1881426251621214,1.146468766804509
284,0.40016139277150037,0.40016139277150037,0.9134554560083538,0.5333859902653181,0.02350786597283158,0.5000000000000001,True,0.8033965146402007,0.8938352770680426,0.9335058117622167,1.1632544476177424,1.0827874770123185,0.8364113192887211,1.0571007644033639,0.9515779139648761,1.1905084755891726,1.0194670865958306,1.0424132794972611,0.9203585577028014,1.119862110831685,0.9137737703567552,0.8331518917349632,0.9632015715256292
285,0.49768015355490264,0.49768015355490264,0.983231285623656,0.8360810007237685,0.7105197406610859,,True,1.1114616560175656,1.121566969375864,1.0116117570915875,1.1205667606868452,0.9810177069825345,1.1767646985664992,0.9026025134985471,1.1326922197630371,0.92682135321306,0.8664831251691193,0.8605738825077451,1.0169655856454338,0.9510478373579051,1.188537042717158,0.9574248985381806,0.801330339017197
286,0.4729992726212476,0.4729992726212476,0.9580206997019186,0.5437239893307075,0.008333384811024415,0.55,True,0.9209187938425241,1.0418343238756747,0.9132128807418942,0.9852588196849734,0.8298650237897193,1.1202774828399493,1.1262765387269975,1.053718752820627,1.0555385175232779,1.0759186717980531,0.8861678844411145,0.9629506179782564,1.1960501777058372,0.8224974908841841,1.1426168635967016,1.1520856502424466
287,0.4962430728393968,0.4962430728393968,0.972197138070724,0.5368579402811978,0.006866173575384606,0.55,True,1.0092750987212866,0.979304958721088,0.9687830323657739,1.0044043336980581,1.1967304314232496,0.9048997166844129,1.14561720404094,0.8763988839042876,1.1457360092000513,0.9146022377600665,0.9548489519352144,1.0269812936500862,0.8997648510638092,0.9013153362366019,1.1480802826720171,0.908189464696573
288,0.44044882123831125,0.44044882123831125,0.9826423117802409,0.6798813389499082,0.01592530188698017,0.5000000000000001,True,1.1423097674762488,0.98796680531281,1.1863473899095045,0.840044849668932,1.171730105567442,1.1783886324534043,1.0429032841890358,1.1364847046914845,0.8194546742394568,0.9327077201657406,1.1543977336308446,0.9763877761817105,1.0803986875333254,1.0293575040166323,0.8784816314582969,1.050312739194564
289,0.4742048056713892,0.4742048056713892,0.9780397504334521,0.6885190321781998,0.013935846469693718,0.5500000000000002,True,1.0845677438981967,1.1661277234417484,1.0342920623374234,0.8530526526238481,0.8427677608991769,1.036629138745292,0.9872564067059008,1.0679851378045142,1.05164595630526,1.1233873328357609,1.1560077351327598,1.0827264262699492,0.9253077128012099,1.1465695938190854,1.1800301260900041,0.873792311172981
290,0.3884610676808465,0.3884610676808465,0.9149160499037761,0.5214003537640579,0.015079704530825662,0.5,True,0.8084414331930765,0.9351406804897627,1.0779245578947323,0.8166174306480449,1.1286618984635253,0.9426914243446036,1.168307005894583,0.8340578763656159,1.161398851748825,0.8287169446394013,1.1099138176927874,0.9090742645758695,1.0459586835126837,1.0804566921115493,1.1793373165733765,1.1679702320985283
291,0.3960964547999257,0.3960964547999257,0.943079794902118,0.6370223879019395,0.03252156026845161,0.5000000000000001,True,0.8362444379040609,1.0866786960218642,1.1318631214739023,1.0827490023621358,1.0036547355247583,1.1752339580348372,1.053826599057958,0.8556179192066781,0.9533653256633672,1.154948200307547,1.0327551654288407,0.8675877060136565,0.9694776416950592,1.1576831129167522,1.039916337299306,0.8663691256180542
292,0.43401803115791576,0.43401803115791576,0.9787730956997371,0.6527259758375216,0.00807466505588536,0.5000000000000001,True,1.0538239514979255,1.1079385929849668,1.17922655884923,0.96556086014625,0.9821885622767256,1.0095573416576733,1.111325107489416,0.8948366976457034,1.0438862330576633,0.8881536971974827,0.8612239164570591,1.1603182491899027,0.9920952590632238,0.9165752841133763,1.0760332340782268,0.8779711725694542
293,0.3680995782460028,0.3680995782460028,0.9279782887461095,0.8024104078437669,0.6264862543027095,,True,0.8524026209301623,1.1174999693327385,1.0087910802833147,0.819290802807032,0.9294600108317128,1.0344942587671957,0.8218257924553406,1.0233064452866873,1.0657878441371045,0.8167802341945738,0.960968520734813,0.9058797461154836,0.8715952088626475,1.0009196439998889,0.965627887996664,0.967856258002251
294,0.42491900399368765,0.42491900399368765,0.9633503040251112,0.7274570837333085,0.0732923002285868,0.5,True,0.9971940926137184,1.0221339212793255,1.0724383773654431,0.8427554362162321,1.0306075837795428,1.145458676743905,0.9057488293424811,0.9079068701852617,0.8187158859946881,0.9130115106504506,1.1083577735597296,0.8420975413306719,1.0621462104520916,1.1833769012753566,0.9680961028313928,1.1886735117512397
295,0.5208389645810303,0.5208389645810303,0.9732084352434279,0.7338084050024775,0.07627119040068521,0.6000000000000001,True,1.0156822051611547,1.1337390641881895,0.8983071690642486,0.8413060194091385,1.0649858771982044,1.1530452041478405,0.9047908373623441,1.1944723834381223,0.845052061434367,1.098867262029282,0.8359526664885649,0.9365662895697002,1.1206968319575643,1.0878864254563014,0.9299081962136767,1.03854257342961
296,0.5095875704764484,0.5095875704764484,0.9486784738144574,0.5284902995467017,0.01555709600021181,0.6000000000000001,True,0.8122237227909241,1.1836990000234422,0.853213221661281,0.9402396423832072,1.0810377481110385,1.0567611112585367,1.1400467702106205,1.0282954467013015,0.871644201314259,1.1776504192091533,1.0111111673275954,0.8459281626684428,0.9898863061295775,1.0321032074926744,0.8690091482338895,1.0383787033683836
297,0.37631964312872973,0.37631964312872973,0.9516544992742786,0.7001915555780349,0.08272985303935251,0.45000000000000007,True,1.0040396993390424,0.8533260017547729,1.1550881701086326,0.9980441998802785,1.1000912023712788,1.108194930915463,0.8769997931359054,0.8736022159280148,0.9007007822357004,1.0594400675203217,1.1671665300170675,1.0345130052713754,1.0416585101465747,1.0664328733875394,0.9944172423132959,1.1607583435190447
298,0.49388241984503395,0.49388241984503395,0.966545631172417,0.860340203033154,0.853322345679552,,True,1.0367717827587661,0.9778916825363462,0.8164292421238333,0.9396947551526967,1.0907135481981856,1.1910154592704743,0.8026397738526737,1.0934906959024822,0.8865117638539812,1.1809487734157609,0.8572969138605457,0.8786881664117357,1.0425324458382288,1.0187486785651565,1.160429880102878,1.140190838744323
299,0.45916051719379486,0.45916051719379486,0.9652117706157997,0.43193466881941484,0.0030589936253020474,0.5500000000000002,True,1.0035148926232773,0.872932743284457,1.0099719280485344,1.1651224246815741,1.0296559818659714,1.0886366829568015,1.1912467073270496,1.038817660560225,1.070217021943611,1.171056984755796,1.0697722261116644,0.8413460934032129,0.8369895093452786,0.8540846891345717,0.8873433145115861,0.9642721532850715
300,0.4502684146702114,0.4502684146702114,0.9258817541900399,0.5087763428752748,0.016429774053555193,0.55,True,0.8139207906287885,0.9271182302959459,0.9107928230212559,0.9110331083697601,1.1154056254816076,1.0443669342991906,1.1471446702339985,0.8413220723195265,0.8767724718689214,0.8567106194677585,0.8226471828273488,1.106695276431295,0.8030220201914374,0.9487391667495794,1.1294183230546497,1.0388927440385087
301,0.5279929569398887,0.5279929569398887,0.9884211459218245,0.6034975034892589,0.002557575477175965,0.6000000000000001,True,1.164774950973444,1.112986528824396,1.0577890572449895,1.1104031030916066,0.8933609940364247,1.0671112316272402,1.144127090072761,1.16835792445114,1.1660967355565883,1.0707779988433226,0.9840746561539803,0.9530560578614461,1.0523642603127958,1.1954210250497208,1.1053131978327426,0.8191856271610198
302,0.40498171047993264,0.40498171047993264,0.978526779706325,0.9020873926324726,0.9309421533376147,,True,1.0944571856374439,1.1833318596122389,1.046374850819236,1.0525238445869753,0.9700984492682525,0.8283522129953089,0.8148176915144365,0.8178616330235229,1.0731319266692974,0.9156234314446168,0.8160291039732802,1.0730276292039245,1.1789030691247127,1.1920264349911518,1.125391178484426,1.122840440308893
303,0.4240316460982882,0.4240316460982882,0.9440671697480542,0.5745165596068101,0.017354730431199093,0.5000000000000001,True,0.9630315975096044,0.8103906921978726,1.0630513144220455,0.8305057765476631,1.1764849281066627,1.0811623755525877,1.062870457053328,1.181448116832402,0.9838792993315159,1.0026885475803489,1.1597472889682299,1.1813438892147734,0.8223041175225574,1.0721322202730588,1.033646093491966,0.908802490295495
304,0.41667895889151213,0.41667895889151213,0.9629223492760592,0.5401551150231763,0.005291076964725179,0.5000000000000001,True,0.9661456149126433,1.1203814384421367,1.1209713733616549,0.8327761563656614,0.8653407570759064,1.0329944447932766,1.149824432090632,0.9362267375281372,0.824150868598878,1.1745464114719963,0.8542879760736886,1.0702275801334789,0.8462104760931027,0.8476209543057653,0.8298670581090808,1.0106505954211613
305,0.42926796124758604,0.42926796124758604,0.9135902067624401,0.38882423525385273,0.008848179992433949,0.5000000000000001,True,0.8652894366772581,0.8397527999521999,0.8221756846429861,0.8676719277526769,1.040102413600804,1.1138211081570555,1.1166800747145884,0.9158578170373392,1.1989717381808698,1.1856147038786797,1.1429523569590838,1.183734754526915,1.0675629803166606,1.0649425976051505,0.9317288086726734,0.9698759865565201
306,0.4277718390501762,0.4277718390501762,0.9609360751535818,0.5912178038778342,0.013547400800248367,0.5000000000000001,True,0.8743941983905864,1.1570392432321197,1.1020993902700567,1.0738656651257026,1.0847346909384523,1.001380284304568,1.1434668450508574,0.991865635621556,0.9211556240470756,1.0994062875568578,1.1570898109288688,0.8521882563970119,0.8150741496025552,1.1707806187965868,1.0290167449227874,0.8986273806484378
307,0.5193106856432465,0.5193106856432465,0.9838356632340222,0.671196456327524,0.011355978509590818,0.6000000000000001,True,1.1187783404825646,1.1565942522774217,1.0216442714037899,0.9546770638053228,1.0133300033602566,0.8923101974139114,1.0134272386417047,0.9597727263556886,0.9972506491383015,1.1716265531446226,1.1656028846856714,1.1718061146000556,1.086483840694537,0.9761243030706794,0.976369512722493,1.0780386498000092
308,0.426329346501285,0.426329346501285,0.9719350012689913,0.7298017724580549,0.0658165941346909,0.5,True,1.107663559826141,1.0241413581041496,1.0347333303246653,0.8580067003312674,0.9933404224511291,0.9867704432481615,0.8416531745587703,0.9973121592472989,0.8440310640635341,1.1915929799166363,1.0988983463220368,0.9974945356417148,1.1020349892802628,0.8022251118260784,1.0299079856777071,1.089156696995276
309,0.39896508852326046,0.39896508852326046,0.9524236284383313,0.5715689633191485,0.008001419637138709,0.45000000000000007,True,0.8552515847452745,1.1434269898090925,1.1226877466313419,1.1699451964292318,0.8050405510828703,0.9624260842790082,1.1699978414951886,1.0785919259641765,0.9302612929129336,1.166747107076336,0.9634188395401907,0.9966331409152248,0.8770435243575329,0.932578291667071,1.128037963292118,1.168030697374908
310,0.42556098125257674,0.42556098125257674,0.9338982893815498,0.6180580848089148,0.02139432530513424,0.5000000000000001,True,0.8542674751413956,0.9577394109372908,0.8783420368023596,1.1722683789823252,0.8428760035163887,0.8061658894337848,1.0105148369710046,1.1895454732305288,0.9791225044680651,0.8606383631871382,1.148167966907973,0.8419702745529088,1.1634800563284449,0.9926828735641486,1.1876994917915202,1.0873795363682472
311,0.3896202600536754,0.3896202600536754,0.9737990505082214,0.5691029675083902,0.0030237745112424584,0.45000000000000007,True,1.1431791907100268,0.9015217355461406,1.1555510141540375,0.8836002067462304,0.8790469636302687,0.9677434188121563,1.1221632436978264,1.190650258653366,0.966122237370439,1.112309710860344,0.9517037688042004,0.9943319533798963,1.1030214825971918,0.8691287196326882,1.109864825050145,0.8116636937299373
312,0.39744787589529373,0.39744787589529373,0.9778985736722986,0.8894153822584218,0.8738105857185844,,True,1.18146072273158,0.9770448573604102,1.1869951372052954,0.8825535158888539,1.0778311075098332,0.9034407686113646,0.8105504810194752,0.9745068525022198,0.8299731205813464,0.807621524874547,1.1805885933231568,1.111178678163304,1.173466162149997,0.91421648584042,1.0260410405104439,1.0549934523925124
313,0.4389379804129546,0.4389379804129546,0.9589148604611821,0.5609051165495569,0.014102538901004944,0.5000000000000001,True,0.9621413625813708,0.9238527769795739,1.0186220264912176,0.9336831045233522,1.180393174598592,0.9967852736853793,1.0810145779689746,1.0268210075070159,0.8629417838265779,1.0734493212337202,1.1173888440846036,0.8768822089913992,1.1495699546268567,1.1082981300788155,0.8004970870389214,1.0852690538011092
314,0.4720109477144352,0.4720109477144352,0.968771113461722,0.7384267978026824,0.08302074944258908,0.55,True,1.047159235386333,1.0432196219585377,0.8746487675217085,1.0016613168496487,0.9827987317031908,1.0035594720715892,0.833160628467529,1.144675622234112,1.003964560729603,1.0451962431989004,0.8073328649044267,0.8514155414757659,0.96646931178139,1.1501658086692859,1.1026243510869593,1.1527472643865817
315,0.476259218302461,0.476259218302461,0.9749260496563679,0.5327576478514167,0.003147760623708879,0.55,True,1.1362144158665077,0.9102135916331378,1.0055062311493197,0.8317748300586028,0.9366615677194986,1.1127818775847547,1.1316958561181305,1.1678186080035127,1.0576102739230782,0.9881362450514715,0.9138487125364173,0.9899151232926835,0.9477473936684925,0.889852709175266,1.1493162803564627,0.8614719971109212
316,0.5318326116230369,0.5318326116230369,0.9864414954361763,0.7040059329238756,0.019607023007686023,0.6000000000000001,True,1.1926579920611478,1.0844721475729258,0.9859023347924231,0.8076023134019304,1.1379801464087507,0.9443087464774587,0.9647699835381065,0.8880479151333713,0.968389928558427,0.8129054782639136,1.1290590632269406,1.0529872589119604,0.8973767167454658,1.116284683814257,0.9509447130404883,1.132888272565904
317,0.40969553295696864,0.40969553295696864,0.9452243989210826,0.7375422513962526,0.12450459216645561,0.5,True,0.915341402149342,0.9836930701414816,0.9767116592833364,1.1417843042613338,1.0101594480219795,1.0505845701812158,0.8546192421924941,1.0596391638659464,1.1553878717739305,0.8569786734247887,1.0620779490827557,0.8706416874219536,0.9357800106805995,0.8149563616800559,1.1984185388062367,0.8052611231765854
318,0.48157415551931393,0.48157415551931393,0.9765920158091013,0.48001029902895803,0.0022138563529885383,0.5500000000000002,True,1.1386101932863866,0.9313941534421878,0.9671634791650374,0.8247109777934049,1.0559701486460336,0.8542319045182087,1.1533760398227275,0.9242047111844846,0.9743525681519029,0.8809475048071405,0.8611072934651673,0.990383517138888,0.8026198374574334,0.9235670470297741,1.1423854405124825,0.8598479178688535
319,0.4129478581963129,0.4129478581963129,0.9485940840752749,0.672220624308722,0.06493869610106431,0.5000000000000001,True,0.9837317989903187,0.8856236322578035,1.0002493315234386,1.0099361736892007,1.193764918518344,0.8302305188744583,0.8745295135800689,1.009698092225094,1.00261375158225,1.0708666946791232,1.0379841582714642,0.87959849525605,0.9795266875057137,1.0841695093725632,0.8542362314804177,1.037757572513207
320,0.413014224956439,0.413014224956439,0.9658741106457612,0.5448918412626375,0.006009283872896617,0.5000000000000001,True,1.0215350348170475,0.9745545052586521,1.1307479926689081,0.9484210201724438,0.9659493424148713,0.894805585104861,1.1107919932101211,0.8002544875432115,0.819141426593873,1.1286783551143869,1.0679535506098325,0.9567007568543143,0.9804743524079885,1.1753010317471395,1.0335821749396952,1.022187027832719
321,0.34211237407078826,0.34211237407078826,0.9172724282725079,0.5305675570948298,0.015728680526836982,0.40000000000000013,True,0.8198758943640507,1.0218419343118228,1.18677464359513,0.8814957441106709,1.085862374038204,0.9459196992786612,1.1195843197676543,0.9716272229125347,1.194147193000192,1.172713722378232,0.8416805931044967,0.9425343047456228,0.8992675955407148,0.9974003104738833,0.8122451200379694,0.9592849748249692
322,0.347790258580976,0.347790258580976,0.8876458164252795,0.7331149089311993,0.3508750733753074,0.45,True,0.8101225475641489,0.8695173753882467,1.0758510337761376,0.8537708226862089,1.1362514069887306,1.1652492716868574,0.8092688755793843,0.9695302000024724,1.162178601645528,1.0715799179488414,0.9135072601156415,1.1370825742055983,1.1284378556709203,0.8856859621728401,0.9660307931769386,0.8911308646056177
323,0.35768986888859733,0.35768986888859733,0.908473382854297,0.5808763006218428,0.02738372386699038,0.40000000000000013,True,0.8887972664291124,0.8230675908765236,0.9486316655083649,1.083611949014713,0.8285501342222134,0.9273256799853028,0.9292221004634615,1.0364664389746923,1.1999679107290597,0.8450799466535052,1.0209062768101984,1.0050256436485336,0.9244625688949702,0.9545182219254544,0.8359746814289601,1.1596976863294763
324,0.41412115893828266,0.41412115893828266,0.9579732092390013,0.6629248423885568,0.019531438201628122,0.5000000000000001,True,0.8732665917656823,1.1640125506004122,1.159710053389876,1.1457835530184708,0.8632492478342102,1.1684447174629926,1.0832736389775637,1.0363951519884345,0.9145334492773298,1.0273854169962169,0.8337350203916547,1.094201426762555,0.840297268925,1.1957863620914542,1.0904283584656034,1.1879448619228443
325,0.4355576809451614,0.4355576809451614,0.9747971358985725,0.6955223812955033,0.037092552852651214,0.5000000000000001,True,1.0407500092851372,1.070090925534164,1.0435665099842621,1.075635045302896,1.1796855417656926,0.8813147155860425,0.9467080805013719,0.9573024189554249,0.9226175686956584,0.8703009694526241,1.0903990390534506,0.902587089893839,0.8409610563853855,0.9144132454708094,0.8262654173420407,0.9134562260733773
326,0.37805896021936275,0.37805896021936275,0.9553256758641332,0.5985776566128054,0.01021835254913563,0.45000000000000007,True,0.9610019254286304,0.9937441750890247,1.1322776346212993,1.003398404686642,0.8197640367151041,1.035464161971033,1.0764767293180197,0.9539084263410795,1.1192168750302303,1.054501793236618,0.8704633035471715,1.14579299337369,1.0638877123575639,0.8866088075180651,1.0877963124617938,0.8831418044520689
327,0.37548002769982175,0.37548002769982175,0.9304084593430968,0.634517535557783,0.05395168909750526,0.45000000000000007,True,0.9047041319907791,1.0742930784062266,0.8543218898195262,1.0006545519799959,0.861974945688135,0.832350101955383,0.833444866332567,0.8139737838812863,1.1830921622683095,1.1671627307364298,1.119276435865316,0.9221381282273253,0.8204967624447159,0.8168511138377365,0.8215422052406851,0.8843355036342493
328,0.45678314520379865,0.45678314520379865,0.976445951324094,0.8860896980694227,0.9266511410839052,,True,1.0122864593282144,1.168921850068847,0.9424280774930318,0.9962504448111855,1.142681306883948,1.1821139937729306,0.8630704787266595,1.0904005782047703,1.1504451808170397,0.8652946390452206,0.8980366774276605,0.9924327309507821,0.8243835580801443,0.8284021720242467,1.169373963390655,0.9900428962719605
329,0.4608845944163757,0.4608845944163757,0.9559480957777123,0.7263157601416513,0.08372473764156924,0.55,True,0.9217150151210843,1.1523282711309266,0.911753532286679,0.8929516105012769,0.8550645173103086,1.1875225835119063,0.8860849401286806,1.0067790581658813,1.1171859934005037,0.9301341596384773,1.19610517212992,1.1959319054864213,1.0648621997775258,1.051900832191124,1.0374678371074557,1.0089758010465808
330,0.4141059689649807,0.4141059689649807,0.9652307381213642,0.489244862415859,0.0020317509406149944,0.5000000000000001,True,1.0882445174239441,0.8530847165305601,1.1042239977274138,0.9101952631358479,0.8728656823012708,0.9164240102143393,1.1704546056971732,1.1295082851055132,0.9863114488582861,1.0394406990105687,0.8551589835129296,1.0751239061274722,0.9045994938600823,1.1271759198138342,1.1825566434704733,1.0591254637065486
331,0.5198185004181498,0.5198185004181498,0.9753368169387204,0.4454845425849748,0.002367702114837562,0.6000000000000001,True,1.0859754721067878,0.86332384891941,0.9436632719856107,1.0303894511659157,1.0660719339761129,1.17192779187996,1.1927340680598317,1.0617775088824453,1.1440571888170301,0.8064547682770082,0.9891522346964168,1.010134552717564,1.002111693919792,1.121703209545315,0.8845322333642557,0.8550216491755883
332,0.4720091299581301,0.4720091299581301,0.971984553985132,0.4510502789687888,0.001931078090543745,0.5500000000000002,True,1.0817433523418898,0.9788814941116734,0.9872286020295908,0.8058370425110037,1.0404823600441415,0.8078274692284775,1.1902521133823685,1.058007142891149,0.9604155375040035,0.9243544581579307,1.1076748436373454,0.971187506950667,0.9310870865727441,0.9016029993653841,0.8613181150381756,1.1042448054486522
333,0.42142083860360235,0.42142083860360235,0.9764910823044399,0.5039024985848801,0.0020785536851862245,0.5,True,1.1443256712628052,0.8034599653874486,1.1896493616952366,1.101110547000951,1.0876132481979723,0.8257239598111826,1.1837187683839792,0.8577333840900342,1.0160918774739145,0.861747076714988,1.0406303715031624,1.0727009491240909,0.9543649500171549,0.8489654332049348,0.8387917110201712,1.0611141406680296
334,0.42814224675682166,0.42814224675682166,0.964129490368737,0.5752255623629982,0.010055105498771687,0.5000000000000001,True,0.9311761324380354,1.0856806293788233,1.1364129129120033,0.9015979571001221,1.1831707546003458,0.8198960641086639,1.165378037649652,0.8625135649963029,0.9265925242456298,1.1022032505744714,1.1548022055821558,1.1398576362377786,1.1093565052520344,0.836645707451546,0.9582114766345994,0.8941242905637808
335,0.38111743905061185,0.38111743905061185,0.9744846865415812,0.732857821750651,0.044144523103958486,0.45,True,1.1273290078368778,1.077066552742273,1.0746350250295547,1.188598424986548,0.8765577617924487,0.8315945605334084,0.8146858716371421,1.1135107580637447,1.0648503425018583,1.0701139891332558,0.8972718975259373,0.8621873322375655,0.8351320313602854,0.9976840691860354,1.0795119863439078,0.8003778590875178
336,0.4696987872194,0.4696987872194,0.9483381279561329,0.33171814617540696,0.003360340750625873,0.5500000000000002,True,0.9250450481031514,0.8764990968152174,0.8361506122485829,1.076071657650152,1.0818875097950953,1.1098528884279315,1.1872403085146586,0.9263932534604625,1.180763913485654,1.0536357545588593,0.8961546759139795,0.8027232223766224,0.8296159780417677,1.1860511937335656,0.9631892773746084,1.0515371989631408
337,0.4303933645539004,0.4303933645539004,0.9096547997841855,0.6097730660908065,0.04862292027536318,0.5000000000000001,True,0.8625967854654779,0.8010006085277575,0.8074959059955434,1.0917704185640351,0.9414048272912057,1.0363725943180728,0.9074995925889306,1.0862669827560363,1.1151411154989241,1.0807250493831624,0.8819670064383093,1.0088501528312332,1.1873855951705503,0.9712771593018135,0.954107671588737,1.0120576986308714
338,0.3843219816322288,0.3843219816322288,0.963569934715221,0.6372738022642422,0.016980079870420557,0.4500000000000002,True,1.0664335608711348,0.8556719201857845,1.17166574673085,1.0624271949298651,0.9577346623487665,1.143741045281434,0.9889595205729351,1.1435441425655564,0.9234905950215859,1.1273028626976243,1.1442586166117357,1.0693973471395182,0.8393207656574697,0.9229489852710616,1.019332633389794,0.9436832072306738
339,0.4719749531172106,0.4719749531172106,0.9800407874085797,0.7246061473509502,0.03951876890432338,0.55,True,1.1710153530798755,1.0581409097110326,0.955504334876917,1.0981249913350701,0.888829264926118,1.0080813263975028,0.8342557864534437,1.17951372187,1.1353007852451258,1.1814615347045914,0.8718790525202541,0.9262001699493192,1.0806074312083611,1.1019792541167754,1.0507424954286593,1.1222042846190965
340,0.4843781654113394,0.4843781654113394,0.9760382709776398,0.5494539425172731,0.004205166313838989,0.55,True,1.1447774552800138,0.8053014401823294,1.0260923225785226,0.9048885541593361,1.0543833904318822,1.1931569427812696,1.1396205175045409,1.0844964131204198,1.0669827563096579,0.8421525601519813,0.8794745616894908,0.8410334219390675,1.104797389588347,0.8141674198112238,1.1652072165509533,1.1102548020494325
341,0.3608343342272307,0.3608343342272307,0.8837141705796969,0.695850379342396,0.12238129178483015,0.45000000000000007,True,0.8268542352643774,0.9123701272419592,0.8831319417123018,0.8999516180262002,0.848186040931606,0.9863582281620038,0.8089663185051824,1.1055445812044837,1.0197845236164467,1.0022787872177252,1.0143984402279231,1.00076131798802,0.9549522104797952,0.8976901585920722,1.0704886754128389,0.8040509972988481
342,0.48452913723146207,0.48452913723146207,0.9882052415881185,0.6769791009214793,0.004384966410267669,0.55,True,1.1666243156909446,1.1908409595356821,1.0857246996329326,1.1229785050980652,0.8193660758417638,0.8246666285195342,1.06004606919457,1.1315296401014283,0.9446110525166682,1.1163213790261168,1.1763816174943749,1.0493835991897271,1.1440727358516791,0.9262272203806374,1.1914133453417128,1.0666926458415662
343,0.3773371317119662,0.3773371317119662,0.9615063954460756,0.7099173352293584,0.04264326876918648,0.45000000000000007,True,0.9212207215191253,1.1622359662673643,1.1672598823645108,1.1440791384094855,0.9008524941722433,1.129966252712672,0.9620761215195475,0.8049571241046877,0.8244654044783137,1.0872780060387208,0.8326718341517861,1.08788889545609,0.8613501778151172,1.0905946976685577,1.010832833102555,0.816212266933837
344,0.4627954739795143,0.4627954739795143,0.9750432445088376,0.5820905812375292,0.007892587900924806,0.5500000000000002,True,1.1367015253808315,0.8898020700164279,1.0009387421880052,1.119307009581978,0.8399512833580187,1.1170395139601395,1.0062235904542898,0.8384687952141194,0.9020477486676803,1.0214339601840596,1.1969118471500853,0.9185600735233292,0.8895385670856037,0.8486098862782541,0.9453936400715085,1.0832886229753613
345,0.5087744772641881,0.5087744772641881,0.9874733201017246,0.8722349531804297,0.9455574228260489,,True,1.1922458325299266,1.1633338414509033,0.8989512858575196,1.0391598209572965,1.0090257383872168,1.160281575136292,0.8395338966116377,1.0595804776299098,0.9334195467860729,1.1103251747724208,0.8744580451931654,0.8047357443267926,0.8637170018065817,0.9962941715132053,0.9898759142950411,0.9103352834210257
346,0.4591300405063294,0.4591300405063294,0.9561005497085724,0.6932662915766643,0.053900133698637095,0.5500000000000002,True,1.0089289503640055,0.9119014132756738,0.972894377531079,0.8333087333190135,1.1552245901174154,1.0104105557576912,0.9130010006975868,1.186438654448633,1.091806238892827,0.9790186025489492,1.0095290405667714,1.095782061933456,0.8248473789904918,0.9726559852843097,1.1377121420082343,1.0026663228742332
347,0.3620367194081678,0.3620367194081678,0.9288456546826767,0.6106412908024218,0.01908649211315267,0.4500000000000002,True,0.8025913677006882,1.1487005551300862,1.1103636423086014,1.0552466121695259,0.8502576942475905,0.8880601968482692,1.081826164671539,0.9888603107801686,1.1214058482090685,1.1399475952519174,1.0829385662545128,0.8908517847387286,1.0221827170903484,1.0409989744734418,1.172342647860858,0.944721644080478
348,0.4126645872102794,0.4126645872102794,0.9320177926378234,0.3921091511792344,0.004686430012132903,0.5000000000000001,True,0.8775865780389009,0.805808490082093,0.9175214301589676,1.168905659698353,0.9746003509004331,0.8571279209752294,1.1738882278660716,1.0279866768756643,0.9242791522199088,1.1647298188907858,0.9179568921855137,1.1578358435097837,0.8061338463433156,1.048371776551497,0.8491444563533641,1.1010232812105016
349,0.37420029734174276,0.37420029734174276,0.964692417516378,0.6192440596764971,0.009080840821339468,0.4500000000000002,True,1.0829952525308686,0.9104417228074221,1.1831292043084174,1.0512988789378632,0.8225794024751722,0.9960378226680658,1.0103153161859626,0.9558120597895573,1.0765305755333703,1.0657941458329592,0.8984950999233257,1.0961035946270883,1.0832560888823832,0.837181421709265,0.9372702617783384,1.0702594610426246
350,0.5142042525467145,0.5142042525467145,0.9741779433871776,0.5751149728839787,0.01009203764633807,0.6000000000000001,True,1.0699021420972634,1.01367801885471,0.8333332552866498,1.190387725002154,0.8622525709883687,0.8957057069385792,0.9757511330685741,0.8381224088416345,1.1510042311937556,1.0559900352727802,1.1356660530849363,1.080833802073087,0.8871791384047182,1.0503640164008834,1.0350372757910062,1.1056286553290502
351,0.37117250796006795,0.37117250796006795,0.9681043234590522,0.7034854125191854,0.02746413443657605,0.45000000000000007,True,1.180947415113768,0.8831475961435927,1.1802191133081223,0.9257451333890416,0.9144096099433772,0.8720257575672016,0.8551250325049691,0.9851431854616813,1.1189208524414782,0.8750284335272506,1.1643251367436305,0.9388935259872601,0.8572185972614749,1.1243071265166207,1.1216685953541645,1.114736079378372
352,0.44893695803695605,0.44893695803695605,0.9860535307862667,0.8915167350073835,0.9213204524140499,,True,1.1466135903256598,1.114074739062564,1.1735490799643484,1.13001870675427,1.129710206774911,1.1776186532754882,0.8892079786352003,1.1557940952693389,1.1409453746013316,0.8633759004420029,1.027353715935875,0.9810539702145673,0.883752719163033,1.12375811712495,1.1983561090931114,0.898243040334426
353,0.45195685349013265,0.45195685349013265,0.9473063712443525,0.7237806128949318,0.11478406047442831,0.55,True,0.9277256674049166,0.9653815929864361,0.8381767433986594,1.1144210753248334,0.9687079147353347,1.0557794509809455,0.8485257471340337,0.8903840380913697,0.8473714769360471,1.0252418566123487,1.1485739667948163,1.1450177226646594,1.1324888945267437,0.9555587020747432,1.118047920601417,0.9659908610249632
354,0.4380468324129872,0.4380468324129872,0.98601640318294,0.6903240446741832,0.013843246817871349,0.5000000000000001,True,1.1839947051326751,1.1191586791153896,1.1078557480518412,1.1102765307261808,0.8415024414691242,1.1889279712893832,0.9600057207501673,0.9550167324992983,1.1110547366459431,1.0113092082562138,1.1857758786327761,1.1697385571691528,0.9449013418812555,1.0377951807034846,0.9591183404517301,0.9513556486483339
355,0.4735882964055515,0.4735882964055515,0.9660851815344186,0.5836852512760432,0.011408816397510343,0.5500000000000002,True,0.978545057664205,1.1137177058123757,0.9665840083520926,0.8375691152933338,1.0340190107508322,0.9842439640065774,1.0643324709944415,1.048192468027486,0.9671370189999501,1.197469301602839,0.9451957546135936,1.134865882812699,0.8000586032064771,1.0932066735362678,0.9597739289209093,1.169788651193929
356,0.45380873494144763,0.45380873494144763,0.9602874956092379,0.6160963208972826,0.01565306597376467,0.5500000000000002,True,0.8991237398974519,1.0996840628481683,1.0512511268633509,1.059665695075312,0.9724792353487336,1.161745934419812,1.1058077965726623,1.1192223109940347,1.194999521009688,0.9897385976505995,1.024060681274097,0.8043934073944122,1.178342031083723,1.0090171535511918,0.9724598603155497,0.8511445644841875
357,0.4834434734457463,0.4834434734457463,0.9692181422931044,0.617413522781224,0.017072298061021115,0.5500000000000002,True,1.0955214055528186,0.8923536638284648,0.8876582876795784,0.9142988469221295,0.9593391196840617,1.1659654836322213,0.9633042167721564,1.0940251134634758,0.9154920454820439,1.0570978460844127,0.9765425970009295,1.1999547835604427,0.8365753555315589,0.862008099892802,0.9933179809164094,1.0858249580662842
358,0.41978477371978856,0.41978477371978856,0.9370842078225907,0.49020691806173305,0.008393171884087097,0.5000000000000001,True,0.8228583029768637,1.0258501576519998,0.9373418795184254,1.0724443666849872,0.8829307073573229,0.8736785761343049,1.1770322049608641,0.9058936981434363,0.9523418990213321,0.9970671774396748,1.1816965338764047,1.0867157729510646,1.1585893059632726,0.8544308059138942,0.9513850121523064,0.9781256149696488
359,0.3726561734376374,0.3726561734376374,0.9460342821051761,0.5144781408633118,0.00552581016975883,0.45000000000000007,True,0.9925847032096828,0.9377564267633922,1.0365338163171252,0.8651274482216784,0.8154001415864559,0.8591343997674307,1.0728995776545884,1.1903257459842065,1.1529395910826195,1.032279831112366,0.9443763396229197,0.8500598187832368,0.9720504027514711,0.902873519932524,0.896337922946177,1.1881782292755205
360,0.5373757924239969,0.5373757924239969,0.9782161184665897,0.4343670447422523,0.0017766687606775998,0.6000000000000001,True,1.1395596204939145,0.9021620170078897,0.8481538356068272,1.018828705212963,0.8573216350071658,0.999489377349732,1.1364996521984898,0.8110900331326015,0.9616118321820486,0.9285769158447041,1.010598955900078,1.021785858079498,0.8536876468516943,0.8825694319412138,1.1404007078311724,0.8089842999260117
361,0.47372341250938677,0.47372341250938677,0.9673233538795395,0.6410920595627562,0.025296226443326304,0.55,True,1.054822309783624,0.97112024206158,0.8919069874965123,1.0172281492072714,0.9958218078894046,0.9917258182934539,0.9204830142543999,1.1198709647070337,1.1548221900688471,1.1764643332649483,1.0993363026946168,1.0376653774194287,0.9502846049337852,1.0926677958039233,1.0357689824238692,1.189574684809962
362,0.4461817439684024,0.4461817439684024,0.9636797635988332,0.724129647109743,0.11315354204930825,0.55,True,1.057645528847068,0.8278461644123183,1.0306117854013317,1.1053862027505315,1.163634656297332,1.1582978600403098,0.8559074815371129,0.9205376791632678,1.1130657837014228,0.8872222994866554,1.1066435059476354,0.9045906855680981,0.9652410678300354,0.9855346796524691,1.1001955801146666,1.1713223666836625
363,0.5768126391552751,0.5768126391552751,0.9799434056676328,0.6386610042990062,0.01386220809570586,0.65,True,1.0225008775840758,1.1595206510151954,0.8839271854489481,0.9427396191473981,1.1808542181784616,0.9329975816999174,1.0660167677454153,1.1549837413183281,1.1263646941278682,1.125147545156111,1.1684503986683574,0.9155941813297171,1.154743448890124,1.12807175921095,1.1119430348940902,1.1787470572885217
364,0.5327006901485329,0.5327006901485329,0.9862051769289407,0.5201464006230314,0.0018393259998066838,0.6000000000000001,True,1.187236133248454,1.0734765668351438,0.9800576006708597,0.8346561554927521,0.9670181983304418,1.043924248509302,1.158852017236757,1.0120353259188257,1.059256627379207,1.048597071428649,1.014996062657334,1.195122465517382,1.1097921302114906,0.9744998893840773,0.9269361560310198,1.0320604343273867
365,0.4770553387731985,0.4770553387731985,0.9784910388092384,0.7109354759283154,0.023553109023732546,0.5500000000000002,True,1.105247696402348,1.0821734882381675,1.004525578031447,0.9414470990103836,0.9676774475049212,0.9506660410582803,0.9374293213322129,1.1216399392918461,0.9279211126665684,0.9339768516839839,1.045249692202867,0.9947969525200084,0.8273599260520328,0.8301784031950679,1.0662856120185724,1.1063618095706826
366,0.5547213432886576,0.5547213432886576,0.9871567936798047,0.859550745483569,0.8281711976871724,,True,1.1190095994835474,1.1825726379297905,0.9900127267542496,0.9092803654981964,1.0937742678933378,1.1795715522184858,0.9680352983670747,1.0908156777204756,0.9101381949816376,0.9036230823023238,1.1800789370268134,1.0612334576695877,0.9574129317362196,1.0849146305464028,1.1351401283780742,0.8401946398176925
367,0.3849678844155197,0.3849678844155197,0.9716964785185908,0.7257046755564572,0.0434359778116636,0.45,True,1.1200762090291065,1.075463651734684,1.0331557259020838,0.9886354108383721,0.8158271208465808,0.9357805310975659,0.8175557571388565,1.1598666239156719,0.9779916482187926,1.0724964869312084,1.0229990779234346,1.019636346370493,0.8013617827638645,1.0302807620220262,1.0136164507465115,1.176378841216017
368,0.5415088231067042,0.5415088231067042,0.9668707379120577,0.5915694252141033,0.014184318482385742,0.6000000000000001,True,0.9921693551290027,0.8996267029093971,0.8043258880369455,1.1142065888925725,1.0570914243492378,0.91157592140611,1.0339066345962018,1.1755709369844618,0.9219713693759621,0.8044736520201526,1.064511150543805,0.9040854123265571,1.0660971711877565,1.1037030150825442,1.077658674197791,0.9761214802660579
369,0.4496799612905934,0.4496799612905934,0.9732816796934529,0.699653599054761,0.029552529720220346,0.5000000000000001,True,1.0852977644814739,0.9977788921518501,1.0468087913840747,0.9347502488359691,0.9464166274427879,1.1550544702993777,0.932200416341654,1.0603326463859797,0.8687029296053127,0.8938150544119414,0.9615235460877928,0.9716598086201379,1.174776978162575,1.1800332510859035,0.8105019949419181,1.023274996096751
370,0.5237942395895774,0.5237942395895774,0.978236808834891,0.7084432214468503,0.03408478805715493,0.6000000000000001,True,1.1294906406395535,1.1208318921352927,0.8179675314771138,0.9971715515311464,0.9158442514619317,0.8126377438152785,0.8449563040334882,0.9844679970142648,1.1894968036541234,0.9749612164660348,1.1317878738384675,1.04624196263856,1.0758330572286665,1.1504406128556894,0.9396454186993104,0.8875860352616138
371,0.4601957982388266,0.4601957982388266,0.98468397043703,0.876159383728922,0.920518098146957,,True,1.132875596361409,1.1496787103454178,1.0272764225613793,0.9690975855085534,1.0653785409385703,1.1159035944298443,0.8792147641297252,0.8042665001492209,1.0384955025838463,1.1187099155968308,1.0289977970046988,1.0273373701396318,1.114395710571621,1.0995877602587543,1.1738558836350412,1.0848530106248557
372,0.45650855232310456,0.45650855232310456,0.9430448688754266,0.5520466313020809,0.017268834896991492,0.55,True,0.9438288617609916,0.822410702269483,0.8644972692085466,1.0284140063364045,1.0264200644564725,0.9402921621053507,1.01235486909717,0.9855005010814027,0.9412510220616346,1.0941160623713726,0.8348324788004118,1.069074055465895,0.8445681639425834,1.0546739733083346,1.1540426017028096,0.8325113968458646
373,0.5738402129199911,0.5738402129199911,0.9842467047720446,0.6558691083680668,0.012546737070329382,0.65,True,1.1219429459361687,0.9943560845056025,0.9126529432752837,1.0968557697360373,1.0634429213370957,1.1666335961677192,1.0427956094268152,0.9786323488059585,1.0154652442623529,0.8203662627814634,1.0134765096578098,1.1069222717300897,0.8527402408055118,0.9731413122462842,1.1048483548265213,0.8204729174822789
374,0.376650394095572,0.376650394095572,0.9086838433161413,0.5263215962965528,0.020632708339803997,0.45000000000000007,True,0.8479814155946463,0.8578332729509398,1.0049022613235306,0.8736991388386974,1.0273001912010638,0.9383355289348211,1.0497750387890261,0.8369097322796195,0.9699220624246631,1.0137148642815383,1.1350692964486195,0.8493259966803695,1.1490527831870785,1.1149194409620091,0.8717846321637706,0.8640184690476393
375,0.4730945677158377,0.4730945677158377,0.9700590977801261,0.6293562541755606,0.014987790281146654,0.55,True,1.0670951537162878,1.051330116491722,0.9061270569956921,0.9222998624024434,0.9276535605336299,0.8942624269444229,0.9481042283200216,1.1675003059725233,1.0615655496570122,1.199541814402007,1.0595046187594894,0.9104423740733345,1.074241202656769,1.1874425120626966,0.8654358651740693,0.9516715891807574
376,0.38842774384298073,0.38842774384298073,0.9357820520968299,0.71335312266501,0.0857737267063547,0.45000000000000007,True,0.8530914317867705,1.0645094953720067,1.0485863742184018,0.8842775580314128,1.075802560820208,1.0356965169258763,0.9319605642317352,0.9455531873325763,0.9050862483223608,1.0457551870124842,0.8004861042267342,1.028827744287995,0.8774928262706436,0.8493816382913786,1.0664196966878392,0.8243643020480554
377,0.4687918487914718,0.4687918487914718,0.978688782190483,0.7117831445518933,0.047493577262923595,0.55,True,1.1693391967746714,1.0585566066391157,0.9082893401697739,1.0769912843603793,0.8474359166601761,1.1142026631757866,0.811944875338447,0.8964839946996379,1.0970230394268148,1.1430401918732733,0.8246704321240633,0.9723403930341781,0.8777021734438641,1.0362190124575632,0.9684782001999206,1.0595179870119193
378,0.3021776665174856,0.3021776665174856,0.9331167004783413,0.8563215005544966,0.8343569346893815,,True,0.8444824404616442,1.0891386845163349,1.1908922379791769,1.1810983945080105,1.0547075133801143,1.1488016409341892,0.8043790498211894,1.1215996830534163,1.0754784757405913,0.9041259007718223,0.930810238945089,1.1345241668797652,0.8673514486347638,0.9661691781174204,0.9488225114661593,1.1072733759318627
379,0.4831040468557978,0.4831040468557978,0.9767418089656286,0.640687741827886,0.013122543738777866,0.5500000000000002,True,1.1722671180916422,0.8447364218720987,0.9065520812211707,1.0746689608855255,0.8996719412895522,1.0533796833826194,0.9445137289098254,1.106217871971929,0.8616513764880246,1.015894412834387,0.8949005111959519,1.0732901360026368,0.88644677081071,1.042839279433833,1.144418486758339,1.1545640275141928
380,0.362395490348509,0.362395490348509,0.9251372096765856,0.6849924532591517,0.043250697142999256,0.45000000000000007,True,0.8305831204298596,1.0365383175925889,1.0639424174109204,1.1453428248676212,0.8376491354771324,0.955508695674616,0.9567445828155032,1.1929761648749926,0.8389306830508474,0.9249503866866651,1.0888784367743651,1.026031200134133,0.959185006582409,0.8614693576215033,1.0157529330509931,1.1512595564479526
381,0.4362982468590982,0.4362982468590982,0.9389461680619651,0.5912062419142897,0.024826748788708664,0.5000000000000001,True,0.957735440314105,0.835176162869518,0.8749225037218274,0.9246068650753179,0.9118316596004736,1.063583055899473,0.958250166295802,0.9010346156456757,0.996616144936846,1.130040838480128,0.8155092076280771,1.128057445454789,1.0155023917003974,1.0175105697322677,1.1908179670301036,1.1729971410089977
382,0.4623147615715869,0.4623147615715869,0.9713894086812481,0.47799856580383004,0.0032957049981950774,0.5000000000000001,True,1.0448976135722596,0.8005334572959554,1.0420314107145012,1.179647267272201,1.1478173970170749,0.9054325011346942,1.1944870320697558,0.9797640190419166,1.0469079523905678,1.1139719453722141,0.8688859165824562,1.1339881259187456,1.1610673949072905,0.9372293098170205,0.9251912627814315,1.1584227990191018
383,0.48209085449037903,0.48209085449037903,0.9625496122439766,0.5634048582022021,0.011531529821982862,0.55,True,1.1070308638206918,0.8050456558317636,0.8515467853156204,0.8277367810087064,0.929134023486655,1.016898068618636,0.9729102393628017,0.9936776009558487,0.8212856540443125,0.9307734636630516,1.1647664150664565,1.182416367270061,1.0333402776369134,1.1194756838488078,0.9777147662396741,0.8067337646917335
384,0.346645929831964,0.346645929831964,0.9452814311080376,0.5914618894218059,0.012728757393783728,0.40000000000000013,True,0.8951257268143084,1.0405902092534451,1.1894945424423673,0.8995640356747976,0.9974081807887965,0.8297329331269955,1.101525481115643,0.9612573362760475,0.892258663765765,1.069107733537892,1.1117918714666724,1.0607678174177961,0.8488234854600846,1.1412253227258708,1.1462156708600224,1.1711625136297663
385,0.47923194946348346,0.47923194946348346,0.9808132637550214,0.5329920486568573,0.003371979482835763,0.55,True,1.167020518932456,0.9484335959423014,0.9947228910198672,1.007075390610213,0.8493975671845667,1.1433833335955608,1.0846971063919089,0.8646880476334377,0.9703134150559107,1.0636363781059262,1.1426318179641446,1.1486087439965145,1.0212184099580577,1.0791445575685839,0.9323812923862367,1.1661856300457405
386,0.4012837534436944,0.4012837534436944,0.9514414060545315,0.7253952366244474,0.06572611688992425,0.5,True,0.8757324346377021,1.1816338577385774,1.1417066320509541,0.9445175784380844,0.9500580458360024,1.0745097166198567,0.9486841456694339,0.840919182511083,1.1925548144615787,0.8467523695793933,1.1360844472681333,0.8573248888598727,1.0248529227454068,1.18219644425618,1.1356909633978025,0.8471103350412883
387,0.41616341355261927,0.41616341355261927,0.9264226173069942,0.5125193739343794,0.015735765668625386,0.5,True,0.8366371629918825,1.0125179666689716,0.9076893870115907,0.9382427738295177,0.9851283794580604,0.8902574747073638,1.0667231286995935,1.074183415175639,0.9057571960184877,1.184658516372433,1.198208209088655,0.906559434199573,0.8339521711253827,1.0920340930599517,0.9361002504054919,0.8305896509260361
388,0.42559043787300715,0.42559043787300715,0.9562348984621497,0.7776706059047594,0.40778528139387216,0.5,True,0.9348603603664357,1.1397488030570357,0.9504699319407037,0.9794629652385164,0.9520910852948115,0.9298452002485667,0.8520136724240688,0.9282540842117086,0.9636349229466802,0.8834957777763888,1.1101573516564551,0.9695295228642122,1.0634397471529062,1.0490644644169813,1.09215955108407,1.0721523210985773
389,0.4302572167463564,0.4302572167463564,0.9778719917215196,0.6904584237950318,0.015784393807866684,0.5000000000000001,True,1.0519675982965775,1.0942933127701788,1.1353198370612692,1.1949771356403651,0.9379216425119961,1.0285727741654236,1.013789831752815,1.1370151790093124,0.9018676701163886,0.9879838095855348,1.0746891028928207,0.9803123263745679,0.8094261496197559,0.8482163700771713,1.0574291909528084,0.856208078426981
390,0.4513451650428124,0.4513451650428124,0.9794719527992134,0.8911245294698604,0.9240496609029392,,True,1.102515732447834,1.0388710495952154,0.9933629557581972,1.0849239402372401,1.1840562772880985,1.0923050258506706,0.8257440425502925,0.8497581957366096,0.8747219815519233,1.1282296470972597,0.8077534478998374,1.0846750846616227,1.0750454181593618,0.9919924430097502,1.1668911927771513,0.9186010076176199
391,0.42825929250502887,0.42825929250502887,0.9598971019945975,0.7081954993235172,0.057970147440675336,0.5000000000000001,True,1.068062784056978,0.8759129766661811,0.9368481360131645,0.9409140009230575,0.9426633676747617,1.0648259796783723,0.8471245026402471,1.0105594859532607,0.8562868491756657,0.9630075132752948,0.9713725428989294,1.143846933817541,0.8186299429707689,1.0801320564166752,1.072244360311206,1.1216595275357926
392,0.47121101756437583,0.47121101756437583,0.9568306603956854,0.6082674158378818,0.016247279254914915,0.5500000000000002,True,0.8979290767113637,1.110402567624397,0.9551066958379745,0.8497924460627849,1.1026567893503243,0.8148717318937525,1.0897530241955955,1.0116724186316515,1.05817427777477,0.8427491878868311,1.033917406362325,0.9755683123929739,1.1705759343147921,1.1360029963925509,0.95706092502467,1.0410918310187816
393,0.5383833876960432,0.5383833876960432,0.9706364880749128,0.8532564981750486,0.8109853935047447,,True,0.9764220091964477,1.1169313383506887,0.8416807858246278,0.9594887647563887,1.0713938656116553,1.1329332012621847,0.8910463579934697,0.9506233081736652,0.8047513616475863,0.9430077494102969,1.1574901579721824,0.8135933710489449,1.1447561419521326,0.981321480146125,1.1155366701453309,0.9386240919651985
394,0.4641346678295502,0.4641346678295502,0.9463299183426861,0.5786714164314548,0.017009719096589077,0.55,True,0.8834305414633467,1.0168857222042265,0.9435691731415118,0.8756457387507643,1.125263045402692,0.8797318435402338,1.0894828895572974,1.140541612390643,1.0411862255495616,0.9830990679484868,0.9847631672824704,1.0970578630616177,1.0091708382805036,0.9801874862714504,1.0114601353528287,0.8556337141363067
395,0.35940441098524745,0.35940441098524745,0.9445629026926954,0.7225323992751798,0.09865095589541045,0.45,True,0.984973908012168,0.9282651746586195,1.1303463275203154,0.9990664820234865,0.9214679476492083,1.125912578489245,0.8312264407591706,0.8119972599241706,0.9888877024524858,0.924521337812578,0.9287402098847115,1.0081863605067285,0.9061213536396043,0.8910606655118973,0.9388721827187045,1.1047595745774546
396,0.4614964581581952,0.4614964581581952,0.9545668667332942,0.6821452271815125,0.09337770815407961,0.5500000000000002,True,0.9884716878041909,0.8907674674579902,0.8816685963496285,1.0575757775826138,1.1445098808983807,1.0639708393540208,0.8587336425896251,0.832945764924029,1.0772933166084702,0.830326155415727,1.1539197924195495,0.9868265607616187,0.9001975632283945,1.0592515996821492,0.8391153090311673,0.8200140557966478
397,0.5006531961564484,0.5006531961564484,0.9769087306985623,0.7121318044400247,0.05672918582486648,0.6000000000000001,True,1.1792465769489413,0.9253780486654016,0.8955164610994539,1.035596163786989,1.011426073294753,1.0630312145814838,0.82844342982651,1.0671442281916161,1.0545825991543016,1.1890716350587522,1.1071881976345428,0.8519346706857072,1.1002043351705342,1.1890089847464655,1.0937657673021655,0.9300180825259091
398,0.3638911690428632,0.3638911690428632,0.9266502796219841,0.7233262151017529,0.08658506472027551,0.45000000000000007,True,0.8513641461947502,0.9765752817136474,1.0905012160381868,1.1388171426394442,0.8796926920271922,1.1281410242302121,0.9013159746473749,1.0984754508003964,0.9827939758972868,0.8554617204004614,1.1392626251815572,1.0706150741542844,1.021691507302183,0.9102788281171077,1.1222762018052204,1.1867986259689798
399,0.5739288587414146,0.5739288587414146,0.9781594776650645,0.5106985740557993,0.005036388320238448,0.65,True,1.0351780043894958,0.9921650359325596,0.9101960409425724,0.9821949746347675,1.1492060380982492,1.1984349229921731,1.1846224144857784,0.9342043374111166,1.111865643908618,0.8388109276514624,0.9445276738336597,0.8927152178926093,1.0239283861974948,0.9303687215197124,1.133165768659969,1.0642381565828
400,0.4235888783477554,0.4235888783477554,0.9643064945161222,0.6514542217289028,0.0228948413177779,0.5000000000000001,True,0.9415104079240924,1.111071242626103,1.118713210962574,1.005148606571924,1.1280151195584673,0.8551186093202212,1.0411206586247808,0.801533798036875,1.0105968493563053,0.9034209542451345,1.0167457110606268,1.1913021776423083,0.9741842516632225,0.803497044867552,0.831047134305812,1.082129528591014
401,0.43257055233423686,0.43257055233423686,0.9630418748243559,0.5985803765670707,0.011615029611159988,0.5000000000000001,True,1.0268541071336061,0.8817513395305705,1.0021520914211763,1.1096880888675462,0.8206656683375169,1.1064664627381573,1.0257481591302011,0.9116409839472513,0.8437541165266081,1.027059702926861,1.1827725525947979,1.145526982332238,1.1120175670837558,1.0487175532233515,1.1456238332122042,1.137885172306345
402,0.4248202235109078,0.4248202235109078,0.9734118816555452,0.7327768851758802,0.08585435525731003,0.5,True,1.1455156813434613,0.9059039324579189,1.0622086410537812,1.0795577236653762,1.0865397341432241,1.05951575306488,0.828159431571855,1.027502695207345,0.9553962385369361,1.0107243670734507,0.9032854057693828,1.0223413022031587,1.0128912885968302,0.9288082567084548,0.9048409083109482,0.8683768981681387
403,0.3713105585346338,0.3713105585346338,0.9433087640903185,0.641012369329678,0.02787175411988814,0.45000000000000007,True,0.8583689775865074,1.1285344101521813,1.169099580174538,0.934178437471401,1.0958412149096817,0.8265522031510371,1.0373995067070936,0.9016092617494544,0.9383235363150478,1.1906349999942667,0.8396209026297904,0.8140216820074397,1.1012755059003285,1.0814929540410265,0.8591492979387604,0.8869680800775914
404,0.479029865380068,0.479029865380068,0.9830041690799369,0.504666447483821,0.002401264076197116,0.55,True,1.173157588050844,0.9518718987337836,1.0277084197311885,1.0367633164106633,0.9001458142988112,1.1384558370983655,1.1285272317597066,0.8227255860730127,1.0082739422854958,0.9469884337826764,1.1134157497339674,1.1831097488724416,0.9596222322605206,0.9051148248393363,0.8093618938341329,0.945801418991269
405,0.3386339271923878,0.3386339271923878,0.9511930583048324,0.6424279751339041,0.018507587987848954,0.40000000000000013,True,1.1154965449153629,0.8297738499324071,1.1942520996286512,0.8053708523265201,0.871520038142747,1.0239413114773828,0.9104358912735449,1.0766048383136355,1.0567994333000528,1.0225690809339523,0.8633685531239131,0.9062320339846955,0.8961356183044128,0.8702265347327803,0.8657529798335889,0.8467208560761001
406,0.45438311534014075,0.45438311534014075,0.9585621050765256,0.6203602773848673,0.012063651306843575,0.5500000000000002,True,0.9220303671098954,1.1070152550371117,0.9416510359051098,1.1433598802274685,0.8060451820537473,0.8094656790962156,1.039456378877266,1.1136923280070248,1.1695195635866655,0.8726452770369642,0.8898633992317277,1.1159443881676523,1.1083544512959294,0.9707718227647663,0.9506376623668038,1.1493882494851253
407,0.46012340068659746,0.46012340068659746,0.9228476211766221,0.40104841084197307,0.008105139532217557,0.5500000000000002,True,0.8320918998829755,0.8746186786192284,0.8431982288596578,0.882243735743836,1.1814258640278794,0.9564515846732535,1.1974278871096766,0.8714337359112042,0.8704839504856617,1.0168850252408839,1.077115183253719,1.1633373560467937,1.128849594657968,1.0199689333983024,0.8942141562175145,0.9043784858010843
408,0.4252077748810837,0.4252077748810837,0.966983215183262,0.717612377771906,0.057421138467108,0.5,True,0.9843208586570799,1.1804324049950494,0.9884980741502738,1.0862087956037616,1.0191547973075246,0.8011121180143732,0.8767099410616164,1.152366549215522,0.9945766308723976,1.0311414688344995,1.028270056329251,1.1496053237434936,0.9620744525378757,0.9152647096142263,0.8184777706606409,0.9434304751871263
409,0.4818346962635882,0.4818346962635882,0.9833702798427867,0.6460740320389645,0.009396877759215265,0.55,True,1.1564150865056448,1.090604687388515,1.0565678917560861,0.8388356169896141,0.962606594650736,1.0972170028640673,1.0169632388214045,0.9874411741925162,0.8399020437008275,1.0004819033805485,1.0934942333881212,0.8207734112210702,0.9681583637868296,0.9838169606726521,0.8233562207536484,1.0291719291237627
410,0.5846885170302256,0.5846885170302256,0.9901158616956355,0.6461935142752243,0.009661681281798347,0.65,True,1.1742923530114,1.1117050896796032,0.9463510931155279,1.0423706675646445,1.1954153046099794,1.1232686638792002,1.0610656896486108,0.8608416408303985,0.9117656417995215,1.1477033246208797,0.9224593131046543,0.8856813418836839,1.1251586001579073,0.8776708543424872,0.8549898414148922,1.1726669902259161
411,0.48819850438876056,0.48819850438876056,0.9772419385103823,0.5734679923569344,0.006052813630466005,0.55,True,1.0811931897094489,1.043178334701664,0.9621603711821131,0.8674395931463813,0.9489880709975219,1.0587131230419202,1.093446605834543,0.9720369145969489,1.04570339690207,1.1056914128321573,1.0060222000598684,1.0459597419800395,1.1373832526886085,0.969396035017426,1.1158623781709296,0.9383366339168107
412,0.37935727772266375,0.37935727772266375,0.9467889557890016,0.4401713429427466,0.0032171423831847323,0.45000000000000007,True,0.9806335990978876,0.8641803460129449,1.0127469293445646,0.9769085305820439,0.8140882910348303,0.9000005995052829,1.1528905477032316,0.9004445339376246,0.997681831367418,1.1016771953617746,1.0640843538678801,1.12933302068323,0.8692335514853833,0.8599088754806498,0.9990033149328112,1.0632652517178864
413,0.4779512700396215,0.4779512700396215,0.9717105365295176,0.5107909606767324,0.005786755902926855,0.55,True,1.0182684570141975,0.9949527184468971,0.9601147088001962,1.1403304470317688,0.9588253509863566,1.1483988003245016,1.1069230567570778,0.9522365134125355,1.0434915029083078,1.0517926420868469,0.9489888177754235,1.0661654859524368,0.8091580111989171,1.0673958580792753,0.8100582218143669,1.0815112868978152
414,0.3692348673614076,0.3692348673614076,0.9325554798270439,0.7175080250582461,0.05753582961643957,0.45000000000000007,True,0.829716581768655,1.04966354878924,1.1331843335203198,1.0729140920216096,0.9344282656894934,1.064584374409804,0.9753093148777906,1.1507846433037325,0.9403946291088852,0.8304923456009691,0.9729818292719764,1.1298721067214759,0.8725272308964062,0.8465538259119602,1.141047629883741,1.1295325156056684
415,0.4265597311906514,0.4265597311906514,0.9576222170971841,0.6338238855821922,0.018341796599785055,0.5000000000000001,True,0.9388633993512404,0.9570450510209972,1.0454210033289948,1.186287185256171,0.98746470774199,1.047945586375462,1.043367071876533,1.1606029423863644,1.109417794627546,0.9192965483375968,0.8879113762675863,0.8547337108221321,0.8564274759781777,1.169351322799735,1.1658735529761601,0.8406556192087237
416,0.43548171998402196,0.43548171998402196,0.9685931675060421,0.6189369718058285,0.011406721872934613,0.5000000000000001,True,0.9604506298802565,1.0477589429848693,1.1266038822907825,1.026187629143216,1.0984259360295778,0.9878166638590813,1.123421358973085,1.0220038807202805,0.9378618542848725,1.0035110757785997,0.8566213066767081,0.8269079675183465,1.0233197242213223,1.1498682411712853,1.0565149836256769,1.1531377886574354
417,0.4021617941761182,0.4021617941761182,0.9210898977749883,0.6875611521431851,0.08477903649279774,0.5000000000000001,True,0.8257266380878361,1.0600952463511284,0.9363353190941296,0.9030563671432457,1.1076424650950067,0.8160421391414374,0.899286325914148,1.0132263497095308,1.1589237065834865,1.0506712572610177,0.8496411465647873,0.8775383274472695,0.9379118583661881,1.034473059150049,1.0893336614075828,1.0431553969633702
418,0.49943852973684666,0.49943852973684666,0.966324532494637,0.4233108540446901,0.0035542740346368954,0.55,True,0.9898577857813402,0.8704830689461462,0.8768433986241134,1.155104910608968,0.9697192207361759,1.1327800217023682,1.1740730545872038,0.9174264176001222,0.928083825201702,1.121077545133168,1.0805965937986641,1.1875346761267755,0.915731516515677,1.0564166531680415,1.0022265768344996,1.0019246197527827
419,0.5062786593414742,0.5062786593414742,0.9689855470376884,0.6936340560517928,0.027302408730656934,0.6000000000000001,True,0.9453058025668385,1.178774416105224,0.9521852330441672,1.0783365896227455,0.9805375039402312,0.9583455354534475,0.9999892299572639,1.1155788195897138,0.9489445681453389,0.9173884306119874,1.1241156387991804,0.9145705255914468,0.9974275934655955,0.9130626731465195,0.9736538687762061,1.054168131391013
420,0.4794797200920507,0.4794797200920507,0.9845295384032767,0.6692223230327452,0.011984702382423173,0.55,True,1.1617030166231403,0.9697569188517763,1.124574931238503,1.0801167368304168,1.088492731730721,1.079252685021045,1.0326102764408454,1.0227435808864314,0.8901702585048507,0.8054252755673404,1.1849198850837057,1.1231261469625786,0.862818163559699,1.11144086363022,0.9449554940447461,0.988474741162721
421,0.3523217864266382,0.3523217864266382,0.9094155718860853,0.7388532023291416,0.2226014950037797,0.45,True,0.8014978185321935,0.9481475959707473,1.1584406472820152,1.0717688686037001,1.1579962198681382,1.1109887802659535,0.8731483299919229,1.1174740588277472,1.13975414059672,0.9716740699655421,0.8766951937351051,0.9768593289018068,1.1174001704392467,1.0107239779324366,1.039454383767241,1.0986196933009682
422,0.42504643251780727,0.42504643251780727,0.9718084914802563,0.5559040561027916,0.005217415219120523,0.5000000000000001,True,1.1627705752912094,0.8599429354652741,1.0586658653954792,0.8804691386418863,0.9348813504636846,0.9997428447526817,1.0419144292953428,0.9350736070359459,1.1046295623395357,1.1597486004968303,0.8415906397014808,0.8454150141881513,1.0543209808072356,0.8318363581384763,1.0116116208126738,0.955432068111218
423,0.43894227092624616,0.43894227092624616,0.9427550728322112,0.502114158405012,0.013059592195677042,0.5,True,0.9151238164878894,0.8212778723259224,0.9189260144853393,1.1362721512355,1.0853538966032568,0.9816594279059109,1.0652473189614826,1.0749359900415503,1.0061936959682838,1.1862040919521062,1.1799097637694644,1.1919139358339272,0.9368180364596995,1.1933616996383023,0.9074683557832264,1.1575207839718424
424,0.471820184669379,0.471820184669379,0.9562771558910863,0.5048840242365557,0.008363904148524637,0.55,True,0.9280641706288125,1.005121235980253,0.9144911858189483,0.9490317510972257,1.08200810676699,0.8979535504305303,1.1291882308150356,0.908297523032866,1.101262094124328,0.8867627671165003,0.9006548920864239,0.8399112973146943,0.8483625919276604,0.8820092729405298,1.1297342081384625,1.1897045576343561
425,0.5270240678151851,0.5270240678151851,0.9871437982164334,0.5447413786986637,0.0023820696021334044,0.6000000000000001,True,1.1748969959370856,0.9584232142762104,1.056218428046349,1.142712684990729,1.008360110606196,1.0492556608263817,1.1666862679203747,0.8164593618619418,0.9732988101093624,0.901162852144079,1.0401605612054217,0.9333963876949567,1.1894623961556234,1.196958868566905,0.9647201007476064,0.9814678965565387
426,0.5719744461935331,0.5719744461935331,0.9632408586525673,0.5677922689470238,0.015510883838323157,0.6500000000000001,True,0.8806771439992952,1.1976483467143084,0.8193301258098027,0.8227791796434922,1.175630564501664,1.0791696671333324,1.1326364377841318,1.0378503161528954,1.084714869277003,0.938488708763141,0.9777414075819459,1.155617333518187,0.8649383288296628,0.9251605635131439,1.1131041728370439,1.0747023893698513
427,0.498917688503162,0.498917688503162,0.9738567455865044,0.6506460809533915,0.01783785998952687,0.55,True,1.1538860000748044,0.9113277814850708,0.8693472683044698,0.9832888810230607,0.850618617661007,1.1019811190643662,0.9067495192825239,1.0914078953323902,0.8919113419981364,0.9915120255242436,1.0221031134761975,0.9419924404572081,0.870735719887648,1.1059630329047383,0.9979865361102533,1.1007408464779596
428,0.6282232870381138,0.6282232870381138,0.9871389658007429,0.6288161967004741,0.009190522686445438,0.7000000000000001,True,1.1680426032848896,1.1193965005332365,0.837208504816714,0.8914551995490624,1.0249741552156424,1.1552711981670993,1.0248495300625715,0.8827913401155449,1.0532142847086607,0.8793044196165063,0.9994288928058409,0.8058831888122405,0.9661827044605873,0.8665713333419529,0.9234177527221215,1.0842661124165003
429,0.4834615289777988,0.4834615289777988,0.9647017484200102,0.554525359006206,0.00893358591307653,0.55,True,1.0047542120297073,0.9149735640058771,0.9447854164141856,0.8854584554504168,1.1511129555252935,0.8566061596633695,1.1084132913130427,1.064474851181414,0.9198394905192728,1.006545100550118,1.1422810182971406,1.146589288353604,1.0035307482950748,0.8309385401964092,1.1743327515320583,1.1701091469392302
430,0.40740778623339935,0.40740778623339935,0.9592026776197482,0.7380758760466222,0.07217398294230644,0.5,True,0.9637463055125746,1.09178047576232,1.0841147052917597,1.001209520885188,0.9650892326629258,0.9761805604927971,0.8841773430766265,1.0186466143848976,0.8791797637780923,0.8232733770918985,1.0202560674113992,1.1619799764579692,1.1931863173863975,1.1184779309897555,0.8097896533818357,0.8878497443403713
431,0.4375246978063888,0.4375246978063888,0.9446757452305277,0.8115832919649987,0.7437564849588836,,True,0.8649611194163018,1.187356419070472,0.8127358292891168,1.0621809007584706,1.0536516353104193,0.844668025922307,0.8365921082054999,1.177767807472798,1.1362743484759643,0.9641122782343665,1.1786157441099698,0.8715452446920642,0.823056851236344,1.0513290042110355,1.1020594296131672,1.0109776955539704
432,0.5249529497094113,0.5249529497094113,0.9802441089631134,0.6483787083296538,0.010303476295343573,0.6000000000000001,True,1.1551710628183907,1.054587152630657,0.8968887927262127,0.8482653639945691,0.8969723411653829,0.9669443465117765,0.9695439932138303,0.9813427951175625,1.0817902638315822,0.9351601752317162,0.8039332089436199,0.9582888061242533,1.1195886428877078,1.0862806794468454,0.8745108963305082,0.8865445480792189
433,0.6161553766582831,0.6161553766582831,0.9914307277090613,0.6268155601205254,0.003583878177133508,0.7000000000000001,True,1.1898599015449607,1.175772290059922,1.0236732311141923,0.9846348229062751,1.119292034973139,1.0519396111001533,1.1395810148593177,1.0351365704987479,0.9323159636294798,1.1334821775960164,0.8831783561614522,1.1133320843890218,1.0266659766429016,1.10518528603732,0.9008999287196975,1.12323058961074
434,0.4900126813807985,0.4900126813807985,0.9772537123513938,0.8820775030601926,0.837085874829073,,True,1.0430149819869516,1.1771517241411862,0.9676453490216554,1.0588355784387238,0.8699848209533914,1.093863354457852,0.8859529207492358,0.8982499793068428,0.8052398227018501,0.8916940110747569,0.8503008866303221,0.8980791833164481,1.1674973616162674,1.1100157501421648,1.163907269743423,0.812461314082548
435,0.42199618881366363,0.42199618881366363,0.9347312655601694,0.6504114716161472,0.05083105332930024,0.5000000000000001,True,0.9418784430144885,0.9439549692406044,0.8094621719445285,0.9309379208535218,0.9075604225005364,0.8992278279151547,0.8531947909709917,1.005958169709501,1.1814289568947771,1.1390052930617998,1.0100924867658918,0.941383388635523,0.8907568326868296,0.8521217122323446,1.1907509506052343,1.1969107691423198
436,0.3532869292098422,0.3532869292098422,0.9299270223576975,0.6805311613836278,0.034975147807038,0.45000000000000007,True,0.8843636856369732,0.9739081703804844,1.16139496570969,0.9765443857381874,0.9514705220570234,0.8200894548432824,0.9721387849255891,1.032132370320326,0.8899329038867317,0.9653899069414658,1.183553373856437,1.1100088220034252,0.9556634725934169,0.8812135365063315,1.1760164067611325,0.9047417998014282
437,0.29507382151315975,0.29507382151315975,0.8868973597055064,0.5938512331920907,0.026629030186462635,0.3500000000000001,True,0.8605352731859824,0.8648197690419127,1.1797659209837796,0.8117180920607572,0.8921512701599262,0.8107885544628293,0.9771582237237308,0.8524322356009586,1.084397805349976,1.0235609159955816,1.0345917070163568,1.0568794758915672,1.169313947021563,0.8181054860903847,0.8978325672373189,0.9976843326349447
438,0.48880925701207845,0.48880925701207845,0.9840297051436845,0.5532751256493423,0.002314534745358169,0.55,True,1.187715071368198,0.9504866856034833,0.9928941198601121,0.916652507529872,0.9770977672677937,0.8618603483889895,1.1281759262515159,1.1653745426538233,0.8585035112099438,0.9029133677706896,1.0848816253542477,1.0541027339733406,1.1025306243390123,1.1485150121413716,1.1122693815402067,1.1532359150899467
439,0.4041734035326809,0.4041734035326809,0.9518235190416447,0.6418793869895226,0.025220679083970052,0.5000000000000001,True,0.9879904891318967,0.9405986373291311,0.9984043301577107,1.0852725510254815,0.9035534271471384,0.8716091493341271,0.9312779887028122,0.9067989821399942,1.1849684126971525,1.154531264285043,1.14644710526313,0.8069115749459063,1.1411489438109998,1.0257546021871884,1.1526561049482096,0.837290783169287
440,0.33909938202995893,0.33909938202995893,0.9485021932348849,0.7372174429397162,0.07854589682329664,0.4000000000000001,True,1.0597684694546172,0.8261810688403073,1.1221308176838622,0.9349643762901911,0.9584576502020268,0.8904691640044358,0.8139331194632546,0.8258041665298272,0.8128596393400401,0.9187596563949774,0.9110432644540801,1.155429459818758,1.019994468993069,0.863061735698886,1.135212073854266,1.0754636275303049
441,0.4657558334916391,0.4657558334916391,0.9781262841796682,0.5678240228771894,0.0037845431683451725,0.55,True,1.134377722288657,0.8877320405297364,1.1342257825520108,0.9572141475175775,1.1496311123735174,0.8039614348858329,1.1408511525804812,1.0369953832819157,0.8176128319004677,0.917648100862367,1.1364764470075166,1.1377919395326055,0.8074053999124344,0.939166650967354,1.0101542369654948,0.8647988598499159
442,0.353859436881908,0.353859436881908,0.9627892587126521,0.8502877002482464,0.7881404539007425,,True,0.9730402001292193,1.1590349681430805,1.1407032124188736,1.1529121537640177,0.8561912354037666,1.099389857601531,0.8460246004423926,1.134423499514339,0.951138609993377,1.1580199954955899,0.8934103411783185,0.9138576484010928,1.0399704003023436,1.0576681336797777,1.1170909466574703,1.0275992410649737
443,0.35315297745526686,0.35315297745526686,0.8964039667447347,0.6318464917961418,0.057473946481366334,0.40000000000000013,True,0.8036209176568563,0.8197804500679825,1.1492225604602118,1.0408033567721067,1.1133921124064132,1.1023250008572696,0.9935462567711894,0.8898463263641034,1.1820664656363962,1.1757339199593009,0.9798747407197881,1.1676441486650122,1.0352147757912666,0.8833206723160845,1.1627576283723384,0.9686377882358522
444,0.41970128190432204,0.41970128190432204,0.957560144155584,0.5141049914267903,0.007580119933358241,0.5,True,1.0243239611906796,0.8245905826392467,1.0946148240442244,0.8284763479906434,1.182153710681595,0.9253929243516545,1.1199972385068557,0.8304287364860169,1.0127885718813607,1.0644833184494813,1.0610828573453635,1.1628012027573522,1.1834600689459442,1.095104536040555,0.9285713883964752,1.1140872637770276
445,0.523156349710391,0.523156349710391,0.9760063694991433,0.5580868052345221,0.006216201957439943,0.6000000000000001,True,0.9832377604213497,1.1238680579848963,1.0139017832493145,0.9216586941957439,1.1053527759099226,1.0486100481095217,1.1865878293321048,1.00125395931033,0.916771769272338,1.1706073308730114,1.0751660169321442,1.1856739238725302,1.168432299197187,1.1978703882896162,1.0420762936492503,0.8300359305860372
446,0.4090055227126891,0.4090055227126891,0.9612316725262651,0.5436055055768446,0.007066585979534992,0.5000000000000001,True,0.9854039034595655,0.9228334426818308,1.1621546387118677,0.9276274713741505,1.176929909159909,0.9322369981251738,1.158515155936851,1.0531929669549038,1.0328191626450256,1.0494105404242318,1.0552176128992543,1.1684607401207432,0.8844869952164681,1.0524267466651729,0.973173398564205,1.0699148500886109
447,0.5275235719273681,0.5275235719273681,0.9596461748597604,0.610955033155441,0.02528541220150416,0.6000000000000001,True,0.8522677994819181,1.1219486971094121,0.8078079404715188,1.1845292495918678,0.97354963337611,1.1815623090447385,1.0681426274833576,0.9409837692099716,0.8667534902869436,0.9335193821436956,1.14779161156948,0.9097846500384061,0.9964553234878972,0.9084523721201739,1.0048459939274483,1.0860103172911448
448,0.41587237948419514,0.41587237948419514,0.9529080825032806,0.704537463197316,0.11984789945260053,0.5,True,0.917064855826043,1.0686256074649185,1.0006640863813752,1.1182922060778298,1.1885917633884897,0.9290275164263774,0.8710469992946533,1.0613909966687278,0.9730966313138406,1.123955720362601,1.0938666511967607,0.9644358705859012,0.9011047305535558,1.0241002727867208,0.8714349721023491,1.1983757622261566
449,0.4730251157372795,0.4730251157372795,0.9482466495065087,0.6853285384723513,0.04794599337854608,0.55,True,0.9256526972791361,0.9354665093140846,0.8775338760822808,0.9264585568261609,1.0276563984631304,1.0458920529725408,0.9524245604736699,0.9947504304048791,0.9478032399152638,0.8183108069505227,0.9078980669965192,0.9786879463104652,0.9987935276616832,1.0142331327491676,1.167537027070653,0.8514888909472549
450,0.4209766128148045,0.4209766128148045,0.9618845378042794,0.5073951607951368,0.004236094009879684,0.5,True,1.034727657350563,0.9627755823285346,1.0430469785371659,0.8459492166808322,0.8033092780531632,1.1318275482511202,1.1168839474907544,1.0551563854002082,1.1502488115598428,1.1680623255065616,0.9975363902065468,0.8939500776132475,0.9927331933936394,1.1947620671103671,1.1431284568131275,0.996460059812117
451,0.4316566216573412,0.4316566216573412,0.9791588785120846,0.6557467959483706,0.007199493709651848,0.5000000000000001,True,1.1501342425358412,0.9409012113322873,1.1534059335731903,1.014159194680846,0.974986574932241,0.8980573018178197,1.0488204785727688,1.137427975975514,0.8305854112996652,1.0124538635246867,0.9317109513374344,1.1389081073474263,1.1103397854373804,0.9923618310797923,1.1261198904947975,0.9230841312185435
452,0.49474542810252514,0.49474542810252514,0.9667309280088435,0.8890947490548695,0.8901074897961313,,True,0.960090894277286,1.193383312271119,0.8302403513253267,0.8587918846182384,1.0629538365858529,0.8687108125740118,0.8532483273716363,1.162006055871947,0.9578150402182966,0.8043218628197877,1.1737476165410696,1.1720513196106213,1.0323992737269214,0.8532578056000101,1.1681354650794251,1.1166722423113442
453,0.5278845963048543,0.5278845963048543,0.9796192225267698,0.6258616838062129,0.00808078234467101,0.6000000000000001,True,1.0743521302708061,1.0667992555592147,0.8868919433369988,1.1115880640657183,0.8089451928224698,1.0003278335235555,1.0369016466180137,0.9619147902167177,0.8282255490415157,0.9104413281664336,1.0479297060551462,0.8671982624468454,1.0597192421713788,0.9674976190642999,1.0787970631029042,0.9753234719899835
454,0.4702901474152037,0.4702901474152037,0.9646341979149794,0.6755865084773598,0.02798524559085121,0.55,True,0.9542331000017833,1.0237316812941024,1.0559788342448697,0.8861415171858702,1.132857159567213,1.0959555344581136,1.0442884192958137,1.0265944782337693,0.8228729634599862,0.9614032674090405,0.9323653620361099,1.0719977464005708,0.9732415659060297,1.1557390949335546,1.0898626584849334,0.8703340024618016
455,0.48133589830069173,0.48133589830069173,0.9834050151510549,0.7111222282370544,0.013492076029076006,0.5500000000000002,True,1.1903404954856738,1.1006132902020456,0.9954831136256077,0.8559369570828584,0.8471546761120273,0.8889693824785484,0.9332050950145384,1.0147291415260797,0.8198161520383167,0.899032748039617,1.179380999516341,1.144626019410564,0.8106589433022799,1.067082675551487,1.1064244248183626,1.0737337483291098
456,0.39692796978048384,0.39692796978048384,0.933922989098213,0.6034396358865833,0.03428644002665497,0.4500000000000002,True,0.9521796680395646,0.9194428327134494,0.8847053216460321,0.9492420956341837,0.8659697018667241,1.0513668609050257,0.884749122117445,1.0674777695175426,1.1841238296834034,1.158413209186643,1.1676357455483184,1.0501638311985333,0.9518773508592306,1.1078906162973157,0.8586227368872231,1.1953234122149263
457,0.3528235408687383,0.3528235408687383,0.9377620872875704,0.5929842384122561,0.016653477071545884,0.4500000000000002,True,1.008781085158516,0.8083304217712712,1.1705707759812636,0.9119639825922635,0.9176475455746973,1.085159009048594,0.9798385407031258,1.0798695111110514,0.8261289157324827,1.1630753424666171,1.0439413530047188,0.8181007818991526,0.9050586986803706,0.8762323063008342,0.8372281985169785,1.196257265473343
458,0.37006981548714585,0.37006981548714585,0.9421062015701094,0.478778049432745,0.0072932658561199945,0.45000000000000007,True,0.9868981271978545,0.8144918633866102,1.1137851431834438,0.9040636725158087,1.018788094695259,1.0538119564249335,1.1002007738507404,0.826068231959614,1.0264622072700356,1.141677374057529,1.1162377760385553,1.1418150175133572,0.8830814219520556,1.0687500654419422,0.8223117343834976,0.9422399890908261
459,0.4896582833371073,0.4896582833371073,0.9533090008432016,0.4971386428071977,0.010788559583976618,0.6000000000000001,True,0.8079092596414701,1.185984070911764,0.9378435450914395,1.1672422783023249,1.0998259448811034,1.102873236552336,1.1916982312059945,1.1238208056033951,1.1770575182925858,1.1425499267317418,1.174503561793829,0.8186599492214294,0.9429796387359758,1.177239757855518,0.8365497252138416,1.158114398796543
460,0.4193011626601202,0.4193011626601202,0.9778570289948019,0.6892883770131779,0.020088170532251252,0.5000000000000001,True,1.1818545764641206,0.9062696930399898,1.1836243580501888,1.0310748945226775,1.0949962237112394,0.9012069556460702,0.9348614842910066,1.1710210691752552,0.935211469165069,1.115514045910974,1.1808175766696984,0.9487694870448106,0.8466722103377895,1.0899497237155085,1.083133874287878,0.9850290629013987
461,0.3763542715597126,0.3763542715597126,0.928168423818016,0.47296042774922753,0.008622965823610572,0.45000000000000007,True,0.8638236846233691,1.0130350357263052,1.0024425838218727,0.806648797971665,0.9758038474700147,0.8504294270934069,1.1421076255415838,0.8362054897609976,1.0993355750579332,1.1176158099685594,1.0513692616444197,1.133291215472314,0.9111912340060229,0.8995438745755173,1.008380427004355,0.9287102651935405
462,0.5646863523542069,0.5646863523542069,0.9707150752782308,0.4629139245268458,0.00623282845407256,0.65,True,0.9457642620708971,1.0378955909025018,0.8549748512293087,1.149340456259135,1.1364687053131084,1.1750265803842155,1.1734458002300807,0.9298249946589325,1.1467914764150222,1.1917958558001365,0.9639395187323088,1.1591275421340534,0.8278141716970482,1.0138940026975305,1.0994666673242213,1.0055729216817793
463,0.48078930099898465,0.48078930099898465,0.9698549758448702,0.6695173144146414,0.029673251992348534,0.55,True,1.1609268655772127,0.8138895294192213,0.8100534411356475,1.051668712508712,0.9243407029647225,0.9373439622612716,0.8515470438740418,0.903541029339246,0.9845359988343358,1.034992356344214,0.8833561589525134,0.848144054100155,1.1280649694062528,1.0976178625863853,1.141532911094829,0.8419580940807526
464,0.46698478524389403,0.46698478524389403,0.9536501893997206,0.5942581627476241,0.02263518995736799,0.5500000000000002,True,1.019381768453941,0.9044402170294464,0.8835122889781113,0.8144815534980163,1.049750608532268,1.0049939961883434,0.949374796346449,1.0896354944039643,1.1475012421140782,1.0642723908542815,1.1353941179872433,0.8468936415521132,0.8896050715760564,1.1373011437905745,1.0789565190964308,0.973402208858276
465,0.42621379893650657,0.42621379893650657,0.9130796192098577,0.7182809352601967,0.16651054113838587,0.55,True,0.8220737494227197,0.9543464441752915,0.9205363647086366,0.8071857102054232,1.1782279744114286,1.0018957703872622,0.8742212360373806,1.1960899576683146,1.0203834891854235,0.8869580755910652,0.959913156276432,0.8880258648912431,0.9627424675102225,1.140763400139671,1.045929531498099,1.0206154979074409
466,0.4441096584473361,0.4441096584473361,0.940782050357924,0.7282067110173817,0.0946373372059071,0.5000000000000001,True,0.8717909567755597,1.0829467767276002,0.8407113066734518,0.909133804524336,1.0157216220432574,0.8631944554308311,0.8814364360199733,0.9390758167211745,0.8316053798785678,0.9363796627473847,0.8208051759454861,1.1776323335141297,1.1244208108549851,0.9908511479290274,1.000377806157759,1.0886382050099135
467,0.5842759280171363,0.5842759280171363,0.9873301211438934,0.46664302351595327,0.0017937589560354098,0.65,True,1.1911223559328823,1.0932803980630987,0.8767760289753443,0.8600154388754002,1.1404524443513613,1.082760450902183,1.1454941290714855,1.1064493322326527,1.1220148336684646,1.1739950725963177,0.8560370640606727,1.0636091093870872,0.8616786099358511,1.1274462796847255,0.8605896696564814,0.9835262153068489
468,0.42818195405359094,0.42818195405359094,0.9716193070185603,0.7052796009116624,0.03775236969463437,0.5000000000000001,True,1.028184112660536,1.0078712226192639,1.1400849501290207,1.0845796810278308,1.1687205168880184,0.9942594109454577,0.9656691453242003,1.152898664881182,1.0684780237835636,0.8540203585509171,0.9929042806994388,0.8966974177212098,1.1382546655894874,1.0782004242721381,0.8173887830756033,0.9070802806040394
469,0.39520245900494166,0.39520245900494166,0.9158826443727521,0.6288602480014476,0.047742382286641474,0.4500000000000002,True,0.8495084403603403,0.8163021181800502,1.0413329073922797,1.0440864558253589,1.0548581363680931,1.1892716357837887,0.9909797889158363,0.9927066805711422,1.0883177030692983,0.9358300293371908,1.1208389461116977,0.9791583465218003,0.8006988458047921,0.8102982136263108,1.1784681500964271,0.9144239392091471
470,0.39731687128425663,0.39731687128425663,0.9372996422769411,0.6532644333507481,0.037010113340577244,0.45000000000000007,True,0.8062677082986717,1.1940991817204891,1.1083368295521705,0.8027527293539987,1.0172613961791233,1.1184370873789107,1.058751689446518,0.8563186396736912,1.1780458647321614,0.9644678661854017,0.8435464520775772,0.9990033223443664,1.0642412052514498,1.0837155455524297,0.9798890671389135,1.1162080171243818
471,0.43154437625105074,0.43154437625105074,0.9617117198353666,0.6000938894339674,0.01085193920846504,0.5000000000000001,True,0.9339335835310871,1.053288383520858,1.0657467804276772,1.0264045176675323,0.9709426351564556,0.9738037335816697,1.1143895555266567,0.9821748411194732,1.0179963022806908,0.8908119039314152,0.8442883837703618,1.1356414262868317,1.1945451816969435,1.061765805498391,0.9154155656586997,1.156649746732731
472,0.42707925556806103,0.42707925556806103,0.9373089420307972,0.6224779200301293,0.03174757204791019,0.5000000000000001,True,0.9317127195041728,0.9468561358025744,0.8367522942947715,0.8808932856528784,0.9142531169786109,0.8817266520751501,0.9202002056784914,1.050674613279503,0.8607317743967079,1.096602445192313,0.9392692569623889,0.8541611140638041,1.051427663723119,0.8603379744442163,0.9304807424671919,0.8345247392784311
473,0.41234358262035486,0.41234358262035486,0.961750709580517,0.659228631831002,0.025009386699893964,0.5000000000000001,True,1.0198633488304025,0.8652335277052349,1.1710889133534503,0.9394195184491092,1.0666815844318718,1.19038616347454,1.0195554495828814,0.8528852450151608,0.8882770348224234,0.9276652490774349,1.0171537183804973,0.9607099651798767,0.842240252151288,0.841488326425433,1.1124218640479724,0.8706394342064872
474,0.4364299808428906,0.4364299808428906,0.9787111496706017,0.7074972421180624,0.028213788325286433,0.5000000000000001,True,1.0503915607409393,1.1160145028180632,1.1060548184735348,1.0499631436398815,0.988036072549016,1.1877114887184366,0.9856643093554416,0.9228186964495033,1.047447609340716,0.9290339555206998,1.110671694310432,0.9116468575990108,1.1214433398664183,1.001575382882159,0.995818891219648,1.1911414020752045
475,0.4771391114612098,0.4771391114612098,0.9739224916137733,0.6744990309429564,0.014807931586137123,0.55,True,1.0989824483809016,0.9631929740236567,0.9179810583681278,1.0989611333987739,0.9081143761485717,0.8356394430247222,0.9550943035228465,1.1171953723207952,0.9785994633215045,1.0590311267010828,0.882338832592877,1.188390813478216,1.1988065123845162,0.8982889848649558,1.1071731302050811,0.9716392841434861
476,0.4385907520319083,0.4385907520319083,0.9482717267384755,0.4825453949922863,0.008271109423562671,0.5000000000000001,True,0.8601608151070186,1.0174438257963214,0.9593353207424857,1.0475157852440586,1.037611890577129,0.9584750878298693,1.1861105810836865,0.8793860818535466,1.1487444240172384,0.8695801171093757,1.1876206232070805,1.0881081182459729,1.020844009137859,0.8625871449767113,0.8894278232385822,1.012815273567732
477,0.4612158753264202,0.4612158753264202,0.9521127749250016,0.500228123673115,0.008777271434952721,0.55,True,0.9291656471148872,0.8900264010682332,0.9792764233185918,1.0372711113083766,1.0423268830142554,1.1830996574041608,1.137303917655814,1.0251832853950242,1.1386617052403243,0.8806185422250805,0.9360807797714893,0.8955206769070868,0.9145703718522051,1.172435370756558,0.9929903944220324,1.1972625552664182
478,0.4339728697324138,0.4339728697324138,0.9844267631651595,0.6845795021120804,0.008596062392372487,0.5000000000000001,True,1.1763310413695274,1.0147223032907586,1.1880850458502632,1.1345213226525217,0.8630474903927813,1.06525350341479,1.026498346483558,0.8184132829671517,0.9080197513702538,0.8434411586741506,1.054793655162288,1.1178124993623697,0.927073151109802,1.0965694681045655,1.1953927644370503,1.0394415336732217
479,0.4814407647170058,0.4814407647170058,0.9882862446757124,0.6487270305090936,0.0041569170476474645,0.55,True,1.1489332739375149,1.1583799062056006,1.1994264851285819,1.0237239384874974,1.0312444563063035,0.9672027121226021,1.1444920389532671,0.8417410571207237,1.0726216931703023,0.9048985127013766,1.058455360557729,0.9685733818073831,1.014422075847605,0.9579918464633104,1.063454828915312,1.1365397147319223
480,0.5098181250498869,0.5098181250498869,0.9783129974909017,0.4785697177013761,0.0027194425860835366,0.6000000000000001,True,1.100668669696915,0.9502336615651529,1.0059108098621672,0.9505495459937632,1.1858824946424442,0.8878934045138486,1.1672700216220244,1.042719929022475,0.8365336040621291,1.1065124972835934,0.9173578605948656,0.8791893365847765,0.8176265895176215,1.1734880574754372,0.903783472714608,1.1551145083099648
481,0.36777484175205316,0.36777484175205316,0.9285407227942609,0.5476733054738854,0.009807229895885426,0.45000000000000007,True,0.8851270309595124,0.8910019508328403,1.1363230590124742,0.8510619281955027,0.8946984946752737,1.0727877797291916,1.1504917007563962,1.06225459820922,0.9659760424020947,0.9210703115597616,1.150889507913326,1.057932410446281,1.1980835216014765,0.9848715146631518,1.0171463831000533,0.871246861152243
482,0.4223929845619761,0.4223929845619761,0.9252018224267086,0.5744616443438345,0.023042123071620225,0.5000000000000001,True,0.8993189377826349,0.8140922426690125,0.8686667990673006,1.0299911414270442,0.977590605764088,0.8075896839292338,0.9825465182867875,1.0661731617448595,0.901295845242662,1.0970484481404132,0.9625362190636829,1.1782902370524693,1.131555751344453,0.8239878406870011,0.9823575580870911,1.1095131236551972
483,0.5296663419364319,0.5296663419364319,0.9717035255866451,0.5678943421533172,0.010547951024376355,0.6000000000000001,True,1.0612162350683034,0.9206092524911476,0.8650800367992665,0.8561047858388228,1.1455341165542956,0.9377638257664652,1.053500364630795,1.045631008232181,0.8372926418403946,1.1290572490238904,1.0388437225492386,1.0770459801014465,1.027633849252197,0.9445878313009163,1.1139653837157908,1.0800299266938895
484,0.41631018046615137,0.41631018046615137,0.9333174861699751,0.7196755539265167,0.12000346276462964,0.5000000000000001,True,0.8898138369131552,0.9602328725865765,0.9489443050316279,0.8947425985440856,1.1708688476907978,0.8168865129354232,0.869340618586426,0.8758015912725317,0.9138091924542947,1.1000194775826624,0.8912347969822875,0.9954131067869898,1.161790194623594,0.907372440640543,1.113276118834894,0.9414602550175631
485,0.5143250856616539,0.5143250856616539,0.9688985417636808,0.6106719605248412,0.0170404845968077,0.6000000000000001,True,1.002970307738705,0.9615767859304705,0.9300933343000803,1.0417935276513617,1.1186872085940347,1.1078477238165712,1.04235846108571,1.047447937204395,0.9989725356135182,0.9188071651683013,0.8090908704827993,0.9879724295813846,0.9372206476186631,0.8110496723245786,0.8708840278036556,1.1392162722116164
486,0.3771701489532206,0.3771701489532206,0.9695385347283029,0.7226467568063383,0.05397229775715069,0.45,True,1.007205938192915,1.1616734889425753,1.1721050657645171,1.1848670638009882,0.8679094231449787,1.0858454803318542,0.8829589194424128,0.8702063645007172,1.1575467203315235,1.0383834160841774,1.0948096921923518,0.9052082834677824,0.910562059809627,0.8752936494119528,1.0909971564451668,1.0268145029593843
487,0.3932342878369995,0.3932342878369995,0.9522762140568922,0.675220318181924,0.04559598750007096,0.45000000000000007,True,1.0488214731487178,0.8178244385823253,1.0753870251832227,0.8012269168839482,1.0490741549319762,1.142607904102893,0.9022233358249394,1.0453099745147714,0.9231624878573865,1.0917158308645258,0.9462428304549367,0.9082181941026984,1.10659438824616,1.1994397487278319,1.0078956528659244,1.1154430029239304
488,0.5758605236833276,0.5758605236833276,0.9824700424791301,0.4881036652999402,0.0019788752910342104,0.65,True,1.0885635268496716,1.150648690730051,0.8808262600939769,0.8926329445559273,0.933165798200666,0.9225318825352099,1.170340925921737,1.1414349669360553,1.1124859341923732,1.1639980645666128,0.8740879174028271,1.1870858337681314,1.1880791410410552,1.1825962469846207,0.9289202669203352,1.15928841261236
489,0.4460839120031226,0.4460839120031226,0.9855166562163468,0.7110682591245426,0.01382706103776734,0.5000000000000001,True,1.1402832180673368,1.126568788999902,1.1350274055810954,1.1904834704300775,1.056243754864125,0.8252573694682669,0.9914200949260328,0.8612026713812355,1.1720385024023479,0.9604162697381731,0.8422613154733218,0.9706402004128529,0.9702988282218299,1.1134727373691944,1.1812254546741232,0.855463745746467
490,0.4483063321456894,0.4483063321456894,0.964864699310066,0.6773997873874631,0.021707977609877863,0.55,True,0.9133745802342669,1.0345854789760347,1.1742835780836347,1.1285823489231441,1.1755652984739449,0.9956109209994389,1.1110465576925226,1.0879607228413455,0.866967787694503,0.852127305624406,1.1171304581159776,1.0874482073687184,0.8926034055848433,1.129257725051762,1.1752796702262733,0.9061103482813427
491,0.4806800652465336,0.4806800652465336,0.9789964573642338,0.5904659204398511,0.0046940730292941,0.55,True,1.129788903585149,0.9689301236231447,1.0266493072462501,0.8702906273927125,0.9835933810848992,0.9694834555832809,1.1043368704903043,1.0701287185518586,0.8554757493838663,1.0541110933907476,0.8676504830793127,0.897665667073291,1.0837366982510264,0.8326982532960607,1.1186890657385389,1.0225650988775274
492,0.46225978569565757,0.46225978569565757,0.9517027848827077,0.7338551524673024,0.18573594818860403,0.55,True,0.9111157152326402,1.0284795871135568,0.9458785938244405,0.8219352781799046,1.1528591076658936,1.18497409714994,0.8885639065184244,0.8917910685586153,1.021480729902959,0.9708614692413572,1.1331357296097122,0.8974756209791175,0.9856096166393948,1.1712469133195509,1.1718355855037261,0.8131996115335609
493,0.5681239687488671,0.5681239687488671,0.973235902623301,0.4135469790997417,0.003200422311860131,0.6500000000000001,True,1.0311849124332504,0.997447506495011,0.8149227294742349,0.9777799941863619,1.1695697730068455,0.9949818116096174,1.1684176101977055,1.000026004749022,1.1342698967969573,1.1735003613291957,0.9331663948211119,0.9095848562628035,0.9672380410582819,0.8241865846416778,1.0317171317414422,1.0418948357871507
494,0.47997886910098797,0.47997886910098797,0.9834462246713178,0.7485051206162925,0.033347658171443154,0.55,True,1.14374134512541,1.0780249011227767,1.0763665399184017,0.9177750497606612,1.17242396385239,0.8459001508207209,0.9393836460975192,0.9529783863810517,1.0697960792660561,0.8161708645800388,0.8968178993109259,1.020247824500661,1.0884183192248404,0.9824528035764394,1.0284810783719518,0.8296847957533925
495,0.5001590353650458,0.5001590353650458,0.9661641178778789,0.4964832133407952,0.005193277191566287,0.6000000000000001,True,0.9808226010019095,1.0712115638419388,0.9012035443397112,0.8682493068216108,0.9555234296472589,0.8329236931485116,1.133061845067487,0.809684006085488,0.810252896135708,1.1935091249821428,0.9280812962461407,1.1394762039070612,0.847292702096982,0.8557754637444897,1.1240981208311345,1.0061169344654222
496,0.326250819004849,0.326250819004849,0.8925190251727493,0.5572018713337686,0.025822729461926885,0.40000000000000013,True,0.8739973101543007,0.8587292476696596,1.0283310007664554,0.8035984910869214,0.8916092115292785,0.8776721548637291,0.9598293515753873,0.8800517999880172,1.1629854423256374,1.1518142020241742,1.122867398663571,0.826514137480547,1.0796150353285001,0.8781731305433146,0.9547319992152739,0.8460113813869569
497,0.3885426681167546,0.3885426681167546,0.9577541540507059,0.5270917706353775,0.006164524554589523,0.45000000000000007,True,1.0304555918491831,0.8865551846271301,1.0693273182320266,0.9215872282482493,0.8783043615089592,1.0845185487955609,1.0862889205171897,1.0451661305059021,1.1079426778020285,1.1135437922594364,1.0855614578299795,1.134100832486003,0.917604451617703,1.1881349932857097,1.1233533690223219,1.1751653916991254
498,0.5334123899453566,0.5334123899453566,0.9842793055769756,0.6178122641907725,0.0070771770320638815,0.6000000000000001,True,1.0638891209763972,1.0984400310692974,0.9895878954245099,1.1994181742535837,1.100954777263072,1.0315589648884178,1.1224138308884062,1.1765180137768942,1.1447022617876474,1.0531204243633354,1.0261828268054733,1.0555705440499772,1.074517260888994,1.0655144546244466,1.0643802968658043,0.8531394578998306
499,0.4152171086021925,0.4152171086021925,0.9616966298472968,0.7330982582941238,0.0514525202225922,0.5,True,0.9960633665638958,1.1010350470591503,1.0509071767768874,0.8455959548919536,0.8395724217185232,1.07559873600135,0.8883796413207935,1.076974899029179,0.8286611733285252,1.1118248741670564,1.0733800750908995,1.1524925642082124,1.0868257584184047,0.9247841994087178,1.0740081445417433,0.8616816191339635
500,0.4936103882307301,0.4936103882307301,0.960237065710716,0.7075553974179511,0.051933327481308,0.6000000000000001,True,0.9928053527141055,0.9643048060682498,0.8721356816284984,0.9587830648601029,1.1065149354985668,0.8486440344273024,0.9048405304390383,1.0635449151243264,0.9877067755514815,0.9487094733549002,0.809791641371482,1.0889405797239706,1.1763134096873773,0.9723601449489964,1.0096020705175643,1.1570303837939768
501,0.4935778829764014,0.4935778829764014,0.9690424892156733,0.8635407315252759,0.8850604482968392,,True,1.0335688227928348,1.1540269792001787,0.8279609609960844,0.8085521449182554,0.8181514514272525,1.1922901593953097,0.8180117076056669,1.1487856918346377,0.9987268110751837,1.0862204574472154,1.073715289953392,1.0001427725880543,1.1795578127613324,1.0888694749211623,1.0368625097835016,0.9627448285292366
502,0.4727524105473568,0.4727524105473568,0.9677487635408907,0.723929110355035,0.11165728435650538,0.55,True,0.9461200631247355,1.1562235402584546,0.9828224395823726,0.9287046802664036,1.1625409093187307,1.1475377927324284,0.9270302367386593,0.9493280651718672,1.1791185757895946,0.8786864400184713,1.0125080821100518,0.9861168610520319,0.9865067742796503,0.970102628805175,0.9123927452083767,0.8817479226485792
503,0.40808756246622835,0.40808756246622835,0.9457386045342782,0.5465352205046565,0.010837800837654168,0.45000000000000007,True,0.8657905827732584,0.9161329215882035,1.1070447308798652,1.1764349413755386,1.1249626608122651,0.9092690806214411,1.1715172392637463,1.1124303899422334,0.8821160908380632,1.1701298456253164,1.1828978318288192,1.0517594324426656,0.915302882266883,1.148091105253934,1.1362713073140427,0.848247814262775
504,0.49046661092901267,0.49046661092901267,0.9727588932656617,0.6076184752925552,0.016390229854204033,0.5500000000000002,True,1.1226961979680372,0.834276005061144,0.8556979848168565,1.1216726598594475,0.9170857598972161,1.1746053452528096,0.9437222720302789,0.9583752074932442,0.8027589709083617,1.0400372567022236,1.0661286888669865,0.8262301633984305,1.1008115142375037,0.9416542650635262,0.8757361118559432,0.897532829108402
505,0.40686903418526943,0.40686903418526943,0.947348493596211,0.6679750722482714,0.08295846706657098,0.5,True,0.8928187142742783,1.1365320067998164,0.9648309295514653,1.1662669833148986,1.0980593606682103,0.9264656265839637,0.8662027178541896,0.8838991531561525,1.19831770410384,1.1921347028169278,0.9062538554302648,0.8582521395092636,0.8041525225447279,1.0944817501191055,0.8057339098221353,1.0009356834334748
506,0.4770562048914217,0.4770562048914217,0.9760396603406141,0.5212933004500777,0.00249130644955038,0.55,True,1.0838984172110795,1.0598805446847472,1.0123004474183226,0.8141917218030629,0.9287074232867151,0.8084009776000906,1.160788448405728,1.0604979926331621,0.8623278367242502,0.8547566236443013,1.13373437297607,0.9103207333682743,0.891909115220078,0.9172473441636396,0.9620033275477915,1.0146650801550257
507,0.4048354099701491,0.4048354099701491,0.9475799932613682,0.5541012272716468,0.007099990036500154,0.5,True,0.9254199530144099,0.9754319932027216,1.0206829173773073,0.983943446201647,0.8130747903235707,0.8278958585889765,1.1124957300665574,1.1285475262668143,0.821723551007904,1.1978413657491649,0.927736213748972,1.1460118018826289,1.1153932339785113,0.8932485253920595,1.1751204857534348,0.95895733565147
508,0.3888879485451206,0.3888879485451206,0.9671703195496946,0.5926350698898951,0.007107632380637667,0.45000000000000007,True,1.0730423693049682,0.8487317427282817,1.1996671799618472,0.9703102560516597,1.1221254317852483,0.8040715207518873,1.106299912917065,0.9585815607458607,0.9645070076844209,1.0279882337865751,0.9872047868885151,1.11225334463274,1.1711811506518668,0.808664620398817,1.0430528625590156,1.1349074290669456
509,0.37127649507071825,0.37127649507071825,0.930776347262138,0.5836148190249479,0.015533030461337062,0.45000000000000007,True,0.9241654983202497,0.8088495847927404,1.1212663380231638,1.010784338767455,1.0050104365494585,0.9278536928899562,1.0527805316199914,1.1337225465088037,0.8164961739285568,1.179932817658189,0.9003163642615979,0.9021731010757339,0.9032757855288585,0.8525147509098217,1.072830457310416,1.115635216622227
510,0.48374062281797836,0.48374062281797836,0.9710543656024688,0.519308777611779,0.006172491255884657,0.55,True,1.040240007407212,0.8155214276320545,0.9990239339304914,1.081670701058677,1.1099998296411473,1.1675985512127738,1.1503203092921253,0.8432217476238025,0.9953835325459306,0.9216405948081161,0.8475291439243005,1.0997609681536735,1.091254644392483,1.1617453613057318,1.075688317146111,1.121077428033888
511,0.4770672229509244,0.4770672229509244,0.979173969282753,0.6879468279278254,0.020381062991588556,0.5500000000000002,True,1.154247239461574,1.020972576677756,0.9566247124316559,1.0586444966465978,0.8146184891634014,1.1678083163779278,0.9060324509752388,1.1188683369464603,1.0839816689861115,1.0661126175319953,1.0214327664176446,0.9663869347497029,0.8708286132768629,1.0477519362591172,1.061543359048697,0.9476049587425301
512,0.5194642076061606,0.5194642076061606,0.9613350833276963,0.6665823622168018,0.03140433500927117,0.6000000000000001,True,0.8894608659965707,1.1334090046454903,0.8941864123171107,0.8712778315719092,1.0639160260563734,1.099641571676202,1.0555329213929845,0.9321082353051039,0.8421599637419588,0.8271189248623193,1.128294614496814,1.0480018588303663,1.0192892031480092,0.9046149742810863,1.027866350093571,0.8336875706707709
513,0.3767935184988426,0.3767935184988426,0.9385243778217757,0.5960554410989354,0.019424173052274063,0.45000000000000007,True,0.9482786284388366,0.8023652723045767,1.11615480642044,1.0507862273555193,1.0535989364705503,0.9096795986800641,1.0245096215804512,0.9631664520169935,1.1296974281613013,1.0444255097719455,1.1372393374974343,1.1753187452389364,1.0293537556881112,0.8916889188120072,1.0746820756398536,1.0083315347166526
514,0.35215838689790335,0.35215838689790335,0.938462932012565,0.8730614733993715,0.8836388028481289,,True,0.8104621187863849,1.1221993902312792,0.9630760295988773,1.1972865509982333,1.199027791509169,1.1945518868244496,0.8159167526896798,0.846564684823728,0.8120878370303745,1.0260443924088243,0.856956723356567,1.1248003520882133,0.9595563358977984,1.159560850815035,1.062392035213926,0.8100316421658452
515,0.5171920457931635,0.5171920457931635,0.9888025909827857,0.6688284943557979,0.004820432123216271,0.6000000000000001,True,1.1803645038703865,1.1361563267602888,1.140938523327278,0.9301938441640574,1.057917968684036,0.8377002491191571,1.1053383995995183,0.8254962537820262,0.8134381156186015,1.0140977102630304,0.8393688900454289,0.9273097094982368,1.192454153374178,1.0253172121968586,1.0929122625064043,0.917292505319674
516,0.40695670926770894,0.40695670926770894,0.9210527970091027,0.7091661254442762,0.14751644534192865,0.45000000000000007,True,0.8386016664984661,0.943021488726591,0.9701963993023006,0.9461638685348,1.0784139135712845,1.1451838351536243,0.8838697619731876,0.8484187498811923,0.810701705415352,0.9602867740425907,1.0654615599128263,1.1430046457105814,0.885179626810101,1.0202688682711651,1.0256108181224486,1.047037273427794
517,0.48805495473174554,0.48805495473174554,0.9823876612745477,0.6140990807283367,0.008378439624252111,0.5500000000000002,True,1.1510621540652095,1.0089332690512438,0.915989533255497,1.1437842786635242,1.037281813296714,0.8261608705712119,0.9906573606489746,1.1569504309054282,1.02238386766266,1.1971936322656493,0.8233646640700412,1.0254772788564406,0.9397823525945003,1.0017792701260073,0.8340274855560778,0.8989035045711063
518,0.4627808461219184,0.4627808461219184,0.96745586123697,0.6738303842279783,0.020419328450248807,0.55,True,0.9234752511622021,1.11966614321529,1.1038357566316925,1.0431315560870604,1.1549276738560992,0.8623404215899844,1.0874445830977264,0.9326822857776272,0.8833652074903916,0.9222887788430013,0.8369979180959348,0.9253255586784053,1.0547207945490622,0.9321648139779892,1.0492704895544527,1.1916166522234282
519,0.47709674784215583,0.47709674784215583,0.9637378027361498,0.5836602699476047,0.010216739095799506,0.55,True,1.0172161485101565,1.027169661892118,0.8661894544948461,0.829851259288193,0.8948008363322155,0.8669916541874465,1.0255437669460497,1.0319887286025204,1.1825433905818892,0.8416598348346641,1.1530371209457386,0.9559647204984696,1.0766237979540587,0.8133771205865937,1.0940276840799787,0.9392703082281929
520,0.4913098349608994,0.4913098349608994,0.9352246032591861,0.6070802367148084,0.03797075740336606,0.6000000000000001,True,0.8419616141427585,0.8726147748570936,0.8345664621185345,1.1563791971498094,1.1618496235047342,0.9814420876955168,1.015762612827897,1.0828504415317495,0.9853891314629053,0.9743342744289756,0.9124175761390463,0.8004987275934461,1.1456982023364444,1.0180796326065287,1.0054782682953485,0.8845012533424462
521,0.3764395731650436,0.3764395731650436,0.9147087377321644,0.5826447522741004,0.035602913242921634,0.4500000000000002,True,0.8421483064489987,0.9675551991558987,1.0178853100961718,0.8096760296448066,1.160181609283837,0.8862349102307685,0.9964127447549438,0.9331620138568913,1.160301664941198,0.9312772002346604,1.0022919723291266,0.8102718997169139,0.8300206557791577,0.8205399338990108,0.8363329759287226,0.9365411710230819
522,0.43047550148685204,0.43047550148685204,0.9408886173903501,0.6394659271384265,0.033034911642537315,0.5000000000000001,True,0.9052702829553358,0.9333415463892871,0.9515181548971022,0.9233097046197721,0.9494233456078986,1.1857948677875472,0.9895368078693569,1.1400248639499586,0.9943168705903723,1.031852229260827,0.9030601736900998,1.0767123522196673,1.055450372428494,1.0189263238826967,1.0409541470750394,0.8035789467720176
523,0.41532331919271925,0.41532331919271925,0.9630069114736668,0.6519063621375556,0.020386085316542287,0.5000000000000001,True,0.9793278409732113,1.038690204916276,1.1310890250307386,1.0194114657964135,0.9528478272528357,1.0934925345975701,1.0131467805630037,0.936865718509738,1.0642264687337621,1.1384720288889754,0.9922326196586351,1.0277400795112737,0.9257127065625831,1.186987246549334,1.1448728442093432,1.0996107908157966
524,0.4887886613578538,0.4887886613578538,0.9632643627940793,0.6105967473541751,0.013600814648089458,0.55,True,0.8450301335284383,1.1811307306121883,0.9584021610696797,1.1349938231307375,0.98995867669818,1.106924835708624,1.175084309045058,1.1057476331427587,0.9587755634037032,1.0826211058084076,0.8580630668718524,0.9734796051020546,1.186955446889327,1.0085582285353425,1.1926334781327355,0.982183747149505
525,0.4332402592783428,0.4332402592783428,0.97778734300117,0.5768898727119542,0.0038897977702598034,0.5000000000000001,True,1.0398349805971467,1.1308403739824422,1.1445630438213414,1.0337024164963031,0.9621929327589969,0.823621650999237,1.1599198230548082,1.0439987183431791,1.0790312088600644,0.9783866133045716,1.1713092443102255,1.0679377168659727,0.9447433088695203,0.9928379888510659,1.0032647825714263,0.93759747174138
526,0.42786384903072183,0.42786384903072183,0.971876575789837,0.6697913288624876,0.023480377350644843,0.5000000000000001,True,1.156328857410819,0.9136015457913856,0.9517735921429797,1.0647551062317735,0.8557927804753596,0.959875510041068,0.8683105300572728,0.9569012790473569,0.8005581217289938,1.0628816469502944,1.1853207258392553,0.8073567294302678,1.0608705981712396,0.8582719565834489,0.8843224325192247,0.8211189397047276
527,0.5161664722915404,0.5161664722915404,0.9737988020837867,0.6053481420926805,0.009942512642393802,0.6000000000000001,True,1.0148059097139006,1.0343113439703997,1.0129597831295352,0.8686250966243804,1.1913574135169824,0.9744645009451092,1.1155973328774993,1.1207986244364851,0.9373818316145796,0.8559101175347509,0.8296433330936207,0.9839805493221518,1.030413246892746,1.0737526885412014,0.8319123544497612,1.0990507688657507
528,0.3698951789284011,0.3698951789284011,0.930448186134569,0.7251423310732418,0.17500445154120955,0.45,True,0.8172190803639416,1.1437351391808492,1.0240501698397437,0.944875164837943,1.1208823082479584,0.9749676951675473,0.878691824382429,0.8251914810970933,1.1796203845587752,0.8550003937468238,0.8620217539584842,0.8091118302289896,0.8595837568203716,1.1877604081693813,1.0197195250548037,1.1189661746895563
529,0.5182759677036385,0.5182759677036385,0.9696893748192996,0.718281399576649,0.09627368734362513,0.6000000000000001,True,1.067272263770503,0.9832037020175144,0.8305324561173208,0.8844580053502162,1.0334786736303003,1.1670593355278949,0.8457348355480748,0.8681929131998057,1.122675687701327,0.9827627007828502,1.1235150861702987,1.1991703859197245,1.0980267751751376,0.9408908914119747,1.0165676591030328,1.05450189865451
530,0.4141320588009637,0.4141320588009637,0.9399985051061335,0.6995199365121034,0.07662482906784673,0.5000000000000001,True,0.8813170272024419,1.0971526473091129,0.9096628430808329,0.9354689914439603,0.8388260235955532,1.1870162875318564,0.883433170632845,0.8271363674968355,0.8836003259207437,0.9939178179406423,0.8603427027322548,1.0464120485709156,0.9841582197611678,1.112911219970881,0.8930510416345303,1.0581688591373173
531,0.43210358720603087,0.43210358720603087,0.9070613219515654,0.7148989388819679,0.25542399698786056,0.55,True,0.8334333037750847,0.8850169170298247,0.8255332547555386,0.897524026069241,1.1957901871824421,0.9497437702629039,0.8200400508318277,0.8704492971738,0.9871101814645565,1.1109806720021687,0.9988803426419174,0.9299508005235618,1.1995867620721832,1.028015535983152,1.0781970186997036,1.0980432900364399
532,0.47009767086974347,0.47009767086974347,0.9678141066915902,0.5330491153348932,0.007538328714407488,0.55,True,1.0891255905019128,0.8796622609056859,0.9841100667646301,0.822089982572745,1.0365848164520362,1.1112138572353132,1.0588273915546678,0.8990058783099365,0.8650479868160121,1.1786047805962772,0.9909532597760613,1.0400732920810234,0.9425012742526788,1.189216531905457,1.010424002549568,1.1799186860588402
533,0.42603256994597605,0.42603256994597605,0.9571978322020502,0.6594586749600699,0.03129650849905172,0.5000000000000001,True,1.0841363349656743,0.8573862973409321,0.9279190416564451,0.8520342254715721,0.9334605003056993,1.0085946807354742,0.8805119157714263,0.9766434945091256,1.1764231766046032,1.04044026868982,0.8916856986442908,0.8104188681916905,0.9671405132069286,0.9938490165885436,1.1900324234530857,0.9282772184676209
534,0.3633430418595596,0.3633430418595596,0.9268270496198979,0.4032610393283565,0.003959600125744597,0.45000000000000007,True,0.9086151356020005,0.8606209549447155,1.0320905173223565,0.914557437670769,0.8171448639156583,1.127067275514671,1.1778476472894257,0.8749687935455913,0.8048431204127913,1.1832869052036412,1.1490092711046451,1.1642234532755174,0.8202432934491518,1.044808482139355,0.817923561629259,1.131381112036828
535,0.4728089360320851,0.4728089360320851,0.9726644895648132,0.7034825081043541,0.03053929148162528,0.5500000000000002,True,1.0116148564562264,1.1382327518518325,1.0388126862494858,0.8399587215710138,1.1030689252288561,0.9574838093893214,0.9763830494695639,1.0203718392970975,1.1133289924608627,0.9371646460080312,0.8047808751598435,1.1152180437415617,0.9383178724930361,1.0710873650508985,0.9828228799101312,1.1687113360634522
536,0.5162557454629602,0.5162557454629602,0.9709598545551135,0.3586234030722366,0.0010326748433720477,0.6000000000000001,True,1.1588162441874816,0.8255991958727289,0.8674694999486432,0.8293058135941312,1.0320710397605266,1.0721375818862078,1.182824056402143,1.0486854836648247,0.9249658972488455,0.8942768944172659,0.8519854910832676,1.0821879825882361,0.9275444898858887,0.9750296374522697,0.8891411278147399,1.0309009956297968
537,0.37804531444086725,0.37804531444086725,0.9662011257852304,0.6905762360208662,0.0227322700625594,0.45000000000000007,True,1.0126697108493867,1.1330192419286564,1.1703756503725786,0.947643902986393,0.9152906275388528,0.8294621653131876,0.9530912453404098,0.8538542720502652,0.8966687282839827,1.093692281353829,1.1323613540762298,0.9196685505452259,0.8684759870179566,1.0400109583731592,1.0750137933493198,0.9890500683117582
538,0.4021560530241287,0.4021560530241287,0.9347067994521053,0.7125280309521667,0.07444700047698037,0.5000000000000001,True,0.8820161242614557,0.8952134399659378,1.0148948321350695,1.139342460581366,1.1117630117956068,0.8434282868213264,0.9189250750090376,1.0923631948512096,0.8034474969016272,0.8532884611311391,1.188613573626431,1.188615333977984,0.9475403908080768,0.8270799342940316,1.1151279681037614,1.0467622336273275
539,0.42537100620797746,0.42537100620797746,0.9763433827636605,0.6674927885101234,0.022749146889189283,0.5000000000000001,True,1.1310946278811,0.9671882684203466,1.1135822991768833,1.047027216138001,1.0327875241786226,1.0336577246428837,0.935667596504133,0.8243631987434155,1.0639555203951798,1.1130797409586706,1.0815241402398494,1.0818606080214714,1.056214600559409,1.1046638201153698,0.8797667346103509,1.1842618247957366
540,0.5182617909251396,0.5182617909251396,0.9715617964655784,0.4859070091978368,0.004892615681906015,0.6000000000000001,True,1.053366278236866,0.9251410995377071,0.8260310941718492,1.0805681741763915,0.8988829933812755,0.9117671685738014,1.0744014754425377,0.8618744527343416,0.8738883265147909,1.1980220829446668,1.1771869245024429,0.8125261902729912,1.0579789143347134,0.8459114462166291,1.0445485437237605,1.1429221464524186
541,0.4136279112390947,0.4136279112390947,0.9303731826324958,0.38679661013908,0.004652791857535854,0.5000000000000001,True,0.9427908307964916,0.8121025377221329,0.8432655156592943,0.9816266188564515,0.8571118896062442,0.9484389829532979,1.092723263415579,1.0938382932150534,1.0871242308069562,1.162761565882124,1.1085068356197663,0.9738238170958575,0.9239384189080442,1.0972695429576653,0.8739024552802289,0.8825290817725394
542,0.4347860556860127,0.4347860556860127,0.9307532703228655,0.6595797805535784,0.06802113420960462,0.5000000000000001,True,0.8070897027498335,1.049505979962765,0.9230897967473797,1.025106756489017,1.0702482803522133,1.1818165415387818,0.9737354425263433,1.0313623991049146,0.8371874676846423,1.1472595035193978,1.0099071042395877,0.8842821430548696,0.821390677375657,1.0787680802542716,1.041466027855343,0.9606760059782551
543,0.47744092454931875,0.47744092454931875,0.9744950229239737,0.5292538889092836,0.004295644335553925,0.55,True,1.0336081006350188,0.910880512466215,1.045771920198124,1.105054257347108,0.9575294848304485,1.154193124892516,1.1826885964289104,0.8430329056364568,0.9390009382074708,0.8630092947304726,0.8870473339832656,0.9613116674647387,1.1265122915629546,1.008054177053791,1.054794769267068,1.1482805982506799
544,0.3776401834438696,0.3776401834438696,0.9718386943947602,0.669585172001562,0.02901118402418896,0.45000000000000007,True,1.1462481344903357,0.9802004401749702,1.1825440459571892,0.8874462999751871,0.9357527255302318,1.1116654645716046,0.8783084070936302,0.9036579298262801,1.1028218831319774,1.1864402298464891,1.1114392968377855,1.084303836172891,0.9019297494710794,1.1963248615962088,0.866817533794487,0.9329131654722942
545,0.5052551749464497,0.5052551749464497,0.9637364109559309,0.6318648189567345,0.025627700784801092,0.6000000000000001,True,0.9770846514436968,0.9827074166343966,0.8066545978151785,1.144765891961376,1.0452738463553755,0.8057251605430688,0.9579189727422726,0.9713591168684547,0.9158007169403725,0.8967574273076387,1.085982564775957,0.9885009379730104,1.0624676172071954,0.8260244282284936,0.8050440821956228,0.9912597609121825
546,0.38114571392915203,0.38114571392915203,0.9622499002980426,0.6775127697829652,0.027985415470784876,0.45000000000000007,True,1.0001507933116363,1.0018988381054599,1.128288502580601,1.1853533871908437,0.8402501449540362,1.1638683524947897,0.9461161535983931,1.1076363537241702,1.1327067298389994,0.9196606119757132,1.177275140723935,0.9867572974000827,1.1220398618363137,1.1379886225188773,0.8578203347151792,0.8246863000058087
547,0.5806095759707367,0.5806095759707367,0.9857758829411806,0.49681253585680313,0.0017730672284550623,0.65,True,1.176624167613285,1.002164262528246,0.816359236300186,1.1151936356041878,0.8360928440793284,0.8205200006912248,1.100665714863416,1.0503897480084097,0.867639875741932,0.9693934769550465,0.9410949413733096,1.1840962185615118,0.8812935323773421,0.9135941682612199,1.0016386437722202,1.1539618712768658
548,0.5178384474151511,0.5178384474151511,0.9746323927437367,0.5437626162634547,0.004999530944461271,0.6000000000000001,True,1.0552500718939173,1.0698228625971702,0.9284142206959978,0.8380574473222547,0.8514218022530843,1.054499825404186,1.1028169042924345,0.882936962175481,0.884773379886802,1.034155483361931,1.1061717222777827,0.8723411272641386,1.165443477725503,1.1096611437946726,1.0086298745188844,0.8590282404388531
549,0.43063176383692936,0.43063176383692936,0.9772957490034533,0.7190546128205224,0.037187346486673226,0.5000000000000001,True,1.1915659157432124,0.8266761125970643,1.079536534456643,1.1039413147157333,1.0610488217871747,1.0305316492158214,0.8897982045695015,0.8892231780399524,0.972359048734222,0.8711274424152513,0.9159026612814185,1.0190705631829944,1.1341398120794997,1.0389126076323165,1.0015292272316163,0.8783886072240016
550,0.5029129154974294,0.5029129154974294,0.9830994497358081,0.7451085452680785,0.044868640418602286,0.55,True,1.0996982087997913,1.1400460458626498,1.0332369267583554,0.8716918497156111,1.108340269604001,1.0574124346630258,0.9423950894389113,1.0707066233397668,0.8340855464620724,0.869013946199653,1.1051458350687322,0.9683398730811648,0.8658431600257853,1.0981403905741123,1.0366601627588352,1.0704895872574693
551,0.37832693623749425,0.37832693623749425,0.9713624931850755,0.7464348689796844,0.11866936256861875,0.45,True,1.0862717852698207,0.9550641740079124,1.1842485599693706,1.1821033224066713,1.1071145124187618,1.0187082010207218,0.8360688972523309,1.0020113590497934,1.0150692597230402,1.1539271624458955,1.0897305015618681,0.8666785421418453,1.155758914258904,1.145240166131852,1.1866484006447398,0.8795643190713942
552,0.5495493714335706,0.5495493714335706,0.9726569050543644,0.6459802353258639,0.024383108700240602,0.6000000000000001,True,0.9675533422878839,1.0993402149995704,0.8500759833475554,1.1129865115894328,1.159168557327023,0.8795907767758455,1.0188155355003419,0.891512680978759,1.1496735816159362,1.1242323300694335,1.150504102701724,0.9113274882120936,1.1855687371619525,0.9439784435365095,1.185000838660773,0.8534740241576088
553,0.46825530438825386,0.46825530438825386,0.9600645950293584,0.6214412172333826,0.016981757739489692,0.5500000000000002,True,1.1221325914961011,0.8346144552076717,0.8156765723734049,0.818473761429981,0.8166544414124792,0.9214680995794963,0.8947352898371983,0.9413013959889925,0.8326111945280578,0.9699100977355757,0.8426147825275897,1.13731242833307,1.1595943638696418,1.0097258958573043,1.0352387206852314,1.0456748394698445
554,0.43248202253429585,0.43248202253429585,0.9204621925689945,0.51829560505497,0.023132470852331256,0.5,True,0.8746591660697162,0.8425077265516121,0.8050721700896325,1.0488589837357414,0.9612716499611185,0.9268570357447155,0.9782550389250542,0.8717754109292322,1.00845995486461,1.0718779723694802,1.0630755061277042,0.8080954509422946,0.9077813475983161,1.0245010992217793,0.9984232433330844,0.905496768249652
555,0.36701220220962516,0.36701220220962516,0.9395540798090214,0.7244839415218628,0.13384744983157232,0.45,True,0.9008213424882014,1.0157226754239015,1.1004368108760594,1.040644707761526,1.0526284182180865,1.0419498346254867,0.8561488669126337,1.081727620007447,1.1680828546927302,0.9541642703575021,1.0764454821945046,1.0666353764263743,1.0614538875533857,0.8341941903126904,0.9148283842237249,0.8711203370021872
556,0.47692762671288486,0.47692762671288486,0.9852935945391419,0.6786285187509802,0.008861129832967055,0.55,True,1.1514648397863532,1.0927414934730617,1.1678372372058283,0.8548876574323205,1.1311190259254877,0.8849578006818607,1.061441024165174,1.0260132588469482,0.8277911350674707,1.0665135930917207,0.9259142924355738,1.090761044524493,0.8324917195635841,1.1245503540405024,1.1676884664756013,0.9142814285402957
557,0.5547508650051691,0.5547508650051691,0.9818949446110831,0.6513880777947187,0.011695926555675447,0.65,True,1.091822406141648,1.0789567564560216,0.9558067991625145,0.9080597415478888,1.0110012302036093,1.0879020221544424,1.0517511017272854,0.8133734884455134,0.8147653673935845,0.9863000631160665,1.0188447138801253,1.1764193780691299,0.9348732941396934,0.883651019386574,1.0712921888666798,0.8797720567428794
558,0.4373551267052363,0.4373551267052363,0.9828959925186368,0.6008661072019446,0.003724915012887293,0.5000000000000001,True,1.153109200947175,0.9146356137396957,1.1913928304400496,1.1410144663469381,1.0203393061748347,1.0163204500699548,1.1417599879590254,1.022811582729478,0.9425376450641179,0.9467481117874202,0.9042848196216815,0.8892843246083453,1.0224643008138976,0.9671483071428596,1.1250526856635685,1.1767936274115345
559,0.5630998008263655,0.5630998008263655,0.9700751671622193,0.6126692603704834,0.013397597405793028,0.6500000000000001,True,0.9129210877575404,1.168386458337708,0.8438399622342159,1.1240566618581558,1.016991438716439,0.8750684440606743,1.0964100551179485,1.0091740851483626,1.0010840599280042,0.9732047142056007,1.0193428311312152,1.0560045727019023,1.0664640678246708,1.0113843759993195,1.1257733997938901,0.9024603056100654
560,0.4186174705586382,0.4186174705586382,0.9478201053186551,0.5690369489813535,0.013632629224595422,0.5000000000000001,True,0.8396414863704083,1.079924592184506,1.1178650851866938,0.995593226931549,1.091029310753808,1.0541065025295353,1.1728269911446259,1.0109957298288283,1.042390636482488,1.0742510101427283,0.8173358592931512,1.0793371266477887,1.061936560465573,1.1701354821608017,0.9554472876301243,0.9603122014387534
561,0.3173375117189163,0.3173375117189163,0.9030558869884183,0.7286462467947362,0.1567970615957805,0.4,True,0.8415448146145736,1.0094593129110492,1.0699758843864842,0.856771620416681,0.8955941268447627,0.9405717887747261,0.8059123207822517,1.0085892803294305,0.906300279097568,1.0621506504040552,0.8893890169481811,1.088736692285959,0.973878143130765,1.1086904132793596,1.0144905832838333,0.8659569365934102
562,0.5296148478346688,0.5296148478346688,0.9623597114314842,0.4716906574650937,0.006193528040270539,0.6000000000000001,True,0.9119739413578395,1.0500790308113988,0.8309711452001883,1.053885398212289,1.0869847320535677,0.9177831856291068,1.1641049780376604,1.1478117198996645,1.0392256508283464,0.8500204890552957,0.919022239550409,1.1047481671594075,0.8313177252330238,1.1609186558087226,0.9439190802278443,0.888797535800876
563,0.528190882111104,0.528190882111104,0.9781888590039451,0.6321818449028305,0.01861033063778173,0.6000000000000001,True,1.158280830797464,0.9872117034331663,0.8505182691330335,0.8405303369190383,1.0471457438110632,1.011402625121915,0.92983604009902,0.8796199598361465,1.0914860161461424,1.1053313281802455,1.0757642474288196,0.8322469938912341,1.043983814994738,0.8083671274682003,0.9423161560138849,1.0644065664689812
564,0.635727183869839,0.635727183869839,0.9883021419110268,0.5068624521389443,0.0022877501877283414,0.7000000000000001,True,1.1435017337041535,1.1098551473105123,0.8489164354327737,0.9568548840411775,1.068296195794852,1.1997527476260859,1.1782715712821008,1.0156198127486178,0.9193513500487599,1.0482048464451292,0.8101897101415495,1.068592398772849,1.1217295868391968,1.0437850950441612,0.8574704850212223,0.8236224617089861
565,0.6111261559743573,0.6111261559743573,0.9802821875810434,0.4646011362414716,0.0022060133169519514,0.7000000000000001,True,1.0595201915100836,1.1944695513973937,0.8147537864145326,0.8310372255167919,0.879461229380737,0.8759971080724476,1.1626518737990679,0.9026526842598106,0.950214134085224,1.1591039652581676,1.1153013749179377,0.833013828477893,1.139622774362777,0.938368511310862,1.0651479270671877,1.1658396133553501
566,0.41849658357048836,0.41849658357048836,0.9666702831808286,0.7328867722264116,0.04886090341535657,0.5,True,0.9502948013560603,1.1674097297714043,1.197183887211768,0.8150176275999096,1.0207629068090511,1.1227990307332574,0.9810652900712383,0.8440409872244002,0.8290933828303426,1.1078121461588077,0.9937628366023518,1.1974479962034725,1.129237976223066,1.1158001355089324,1.122469140554309,1.0296040349576967
567,0.37242103222458267,0.37242103222458267,0.964297781352577,0.7286518526956263,0.07377460345160065,0.45,True,1.1002070141792235,0.9179242668893188,1.1067026217562361,1.175709063518735,0.8260583170399827,1.1461414825057532,0.8070204318981067,0.894154732236803,0.8428767107225189,0.8663282213493191,1.1501606004040554,1.1710928945241363,0.9459337044895562,1.1233526368235374,0.8466104783306903,1.010182432942563
568,0.4172739282541493,0.4172739282541493,0.9615186028094157,0.734002327252245,0.047623742965527856,0.5,True,1.0394249256412114,1.077379620811556,0.9722717926301185,0.8161111758673476,0.8002686796285334,0.9503792553892063,0.8421880040355241,1.166520087716087,1.0961157655626237,0.8208170846403542,0.910732345471149,0.8987811066547285,1.0388445071911838,0.8659099543951686,0.8950434424012321,1.0650321874291604
569,0.42511324234007913,0.42511324234007913,0.9509240812413097,0.6178233322784685,0.02559197660911463,0.5000000000000001,True,1.010136693489484,0.8377948104784316,0.8937389387212457,1.1369153373263008,0.9151535005522539,0.9218578485207963,0.9169595497539915,0.916000843015855,1.1584812556758681,1.133822612665496,1.0625772960068813,1.1847842698022302,1.0065632068907808,0.8912548536091383,1.1346294500778655,0.8310445898166553
570,0.5363489650078788,0.5363489650078788,0.9902099030689187,0.6682467708272967,0.007107894058625034,0.6000000000000001,True,1.18875574368762,1.1001766626669027,1.051778437980856,1.09336130468197,1.0789299002419857,1.1372795987435316,1.0828321894425441,1.1826405209861692,0.9675980719211453,0.9237772442255571,1.0549660237069483,1.1056109213771488,0.995589227949083,0.8649231951252323,0.9099209613679262,0.8857577653166319
571,0.43316532018040604,0.43316532018040604,0.9746174062153772,0.6171857918704292,0.012869480298034818,0.5000000000000001,True,1.0735672140160086,0.9273261250547118,1.1148891801977583,1.1513458581761937,1.1934380234509927,0.8474616907294803,1.034419737613597,0.858829921121469,0.9612593809197483,1.0668830724565903,0.8711390877144308,1.0328344178240438,0.9233005614640067,1.153366455094665,0.9143210730519626,1.0994604069606282
572,0.36534642250123633,0.36534642250123633,0.89417249380347,0.5023492233250059,0.012521497084407888,0.45000000000000007,True,0.8370984669946563,0.8113182279200956,1.0235393867001474,0.8356559217313405,0.9017456540042292,1.0872438604679018,1.1176690749695175,1.1246265125534245,1.1757718154920977,0.8154134890039193,0.8449142517025612,1.1739403274266043,1.079422796572573,0.9025125621175513,0.9085886498028026,1.1048916989121045
573,0.41307727592781934,0.41307727592781934,0.9687994251693186,0.751547038616234,0.08340845390378442,0.5,True,1.0985040486932491,0.8495109732780496,1.1491786916622655,1.081599333131377,1.0924984280989614,1.0778252527501804,0.8665834604905208,0.9590677808353286,1.1492144103395523,0.8028781169403651,1.0114208430103253,1.0248467280296873,1.1898349674954256,0.9161374490091276,1.1275304728060414,1.161646918513061
574,0.43852348912484107,0.43852348912484107,0.9793496515736215,0.6478045428278487,0.009378702044813005,0.5000000000000001,True,1.0327139139994939,1.051987171258201,1.1651579103755907,1.183615328823139,1.0675885140068215,1.05810710884362,1.125361115266145,1.0586888796674636,1.0274051325040205,0.8675092254278322,0.9561668618340103,1.1032764925005738,1.1357846795828754,0.9053975831855525,0.9090327219761515,0.9031156308436625
575,0.47883880800987455,0.47883880800987455,0.938252476970496,0.5484874234119619,0.017277626090203363,0.6000000000000001,True,0.8401727770720178,1.0724948787865363,0.8459072303664728,0.8466802280065757,0.8843149804451298,1.108900540989872,1.0806518402423229,0.963327755064998,0.8098330650171828,0.8402891244490499,1.063554309586141,0.8371814319269892,1.0187096116318293,0.9906106085022345,0.9124351293320915,1.1241924564695802
576,0.47698083657553736,0.47698083657553736,0.9723190551198547,0.7087214337152108,0.05911639125552867,0.5500000000000002,True,1.1101618441011043,0.9028445635809628,0.9474900396455099,0.9539524846021115,1.1875972977662133,0.9493119916820703,0.8739070308236588,1.1453711198138117,0.8031219842802574,1.1634405091719862,1.0485031553721122,0.916970918053338,0.823412204319735,1.0753823880754594,1.1237189885210872,0.9786805897987165
577,0.47941052930484596,0.47941052930484596,0.9808193719502319,0.6649674809931648,0.009937888254831875,0.55,True,1.114863514529132,1.1575816669754855,1.0144317536371257,0.8596937871138708,0.86758597222849,0.9529502904776854,0.9968318821463348,1.1157808182070763,0.9895335349956736,1.089303813375339,1.0886647704181955,1.0231177126370183,0.9020718060620151,1.1228779939826325,1.0919251662260807,1.0315825838254067
578,0.48576923904495667,0.48576923904495667,0.9714024472334349,0.6009583797526202,0.008983896074112607,0.55,True,0.9060658177449235,1.1820520408673083,1.0398210334291116,1.0605966155882656,1.0136336348359933,1.1880103372426134,1.1966795668436732,1.1736209765034264,0.8627266520812051,0.9064200524136868,0.8082141689289141,0.8681335054511802,0.8936645872415847,0.890477068083724,0.9243415245146427,0.9852912059622364
579,0.39700539894637377,0.39700539894637377,0.9739150349597605,0.5788669484083933,0.005592563863176091,0.45000000000000007,True,0.974131625506121,1.1584708421683094,1.1939407631908834,1.0829648204100248,1.024484007093105,0.864337758992984,1.1794324921119854,0.9332608545058978,1.0116117285468633,1.042168801846292,1.1246487256936757,1.1546110574938926,0.9095787386446192,0.8439648577479918,0.8685899376644399,0.8626914331639003
580,0.41717632610881633,0.41717632610881633,0.9743894849579957,0.5688475124740929,0.003873421416091171,0.5000000000000001,True,1.0424852219390617,0.9821091054143617,1.1902977319996408,1.038337862699344,1.0146879465857819,0.9280500951927341,1.1907539335498467,1.0562713458000101,0.9338627804079309,1.079755815709611,1.1141717896011236,1.0409031349673539,1.1241810804097043,0.8177308964921549,0.9782648006118824,0.8016173917874565
581,0.4739734130247534,0.4739734130247534,0.9650099204625625,0.45720840888064557,0.0037647580470154467,0.5500000000000002,True,0.9371344097960516,1.1627560702413025,0.8932029410317972,0.9613202829896421,0.8064795222946112,0.8763966701448812,1.1671884414428173,0.8114026065560606,1.0052329731019722,1.1989210859924757,0.9950058177592102,0.8579111749462489,0.8946183428616525,0.8644887679053829,1.171096659171094,1.1777080431527192
582,0.45020086123590297,0.45020086123590297,0.9525422199315728,0.6328169899766183,0.024010014193243383,0.55,True,1.0361064707834309,0.9618967576895375,0.8099269792515683,0.9632676746604576,0.8070896939996052,0.8318397746387131,0.8579411839330326,1.1322106988459473,1.1243882329498178,1.1470951881727207,0.8294160277456014,1.109907830848344,0.8741183451812415,1.006042509469448,0.9173038764129663,0.9299174948520516
583,0.6043291594053941,0.6043291594053941,0.9754198001583944,0.5706576818444976,0.006371954397526114,0.7000000000000001,True,0.9378846818256872,1.19009884787598,0.8730649266458945,0.984880861055722,1.0591860905572936,0.8560011030997704,1.1932445041933641,1.0533063951605173,0.8160673544511088,0.8789242284862389,0.9525611712092427,1.1264953447872301,1.0263710626392266,0.8683285977415337,1.1191234890265573,1.1251208066267984
584,0.5799606078284021,0.5799606078284021,0.9867790273856494,0.4942368245684382,0.0017874250814152257,0.65,True,1.1552669707740053,1.0901943687209137,0.9244557404906858,0.8765263080152952,0.985250621956725,1.0351660161450396,1.1823063944083863,0.8955475196928671,0.8182910380805644,1.019004087799887,1.1264078129777855,1.1596553462340697,1.05013445574084,0.9563321163814702,0.9032402756547582,0.900548765833859
585,0.40175442668826133,0.40175442668826133,0.9404707305700698,0.6688860345548807,0.03421771936618277,0.4500000000000002,True,0.83271436406431,1.016509843713569,1.1577588361898095,0.9107081490422817,1.1723808896222747,1.006321786228025,1.0973980768054894,1.102763223954173,0.8175860802301229,0.8225185317899715,1.1951014042039225,1.1893141243634635,1.0168572874923807,0.9020509661972448,1.0577830971007514,0.9278974207608682
586,0.42881902129913574,0.42881902129913574,0.9628582888609043,0.5863143970309653,0.013974594564397022,0.5000000000000001,True,0.9059382546638333,1.1717927736574816,1.0817969852368896,0.8868425125694779,1.1063803610213256,0.9436025035892366,1.1206661315480362,0.83084779534721,0.9349489652479106,1.1760889973346365,1.141352389458366,1.017857928100886,1.1303922221157188,0.896692280319024,0.81585978391151,0.8218816183040715
587,0.3684200757051488,0.3684200757051488,0.9301575960384428,0.7017624874796616,0.07399006216672169,0.45000000000000007,True,0.8610581133493302,0.977497523236092,1.1091192786047421,0.9762553483599765,1.0978109672959784,0.9517783870834404,0.9329919432545848,0.8204707406519833,0.9922321621656525,0.850733324124436,0.8025700585154529,1.1190942195458236,0.8623269627465833,0.998754653535558,0.9902740972072396,0.986222005180663
588,0.3839866060979115,0.3839866060979115,0.9582766842595747,0.6833165625594351,0.03527350651850878,0.45000000000000007,True,1.0322498562514106,0.8293613095455825,1.1371957128734447,1.1421769955957481,0.9997836085353493,1.089323416063996,0.9387128056346115,0.9473690980571221,1.1164660400245154,0.9850871222060109,1.0363251337476895,1.1043795568780106,1.0119416554624303,0.9574201722416918,1.1923244829694122,1.0414221361306784
589,0.4263382683531157,0.4263382683531157,0.9660967338417585,0.6704825404481132,0.023396440724437924,0.5000000000000001,True,0.978816621424097,0.9914607959294054,1.0882684921583445,1.1552834832752241,1.1125077925138713,0.8243228696726582,1.0163444679483573,0.945639813054653,1.0449148540631457,0.8355818913311966,1.1680859330768785,1.1478551296292927,1.1843420166450789,1.0373219854130786,0.9638682799027707,1.0612102518012438
590,0.3800160116616782,0.3800160116616782,0.960407686660993,0.6991076897012208,0.07595768794526196,0.45,True,1.0037092962141032,1.085502422733621,1.0550726349066646,0.8906855136156272,0.9943499846146848,1.0227607828665322,0.8498036836223197,0.8143996001877837,1.0413268446423514,1.0000130883491385,1.0881083651677221,1.1902889374673047,0.8168229196709605,1.1530735742835894,0.805592389619589,1.0352369207716852
591,0.40013199913813247,0.40013199913813247,0.9470556490243072,0.5494606063244574,0.009580152589634475,0.45000000000000007,True,0.9726266236481208,0.8392165095283091,1.0708646575979164,0.8710035566987149,0.9730159422812168,1.0914125366979566,1.09930577883211,1.023741885367281,0.8412207162096922,0.9797069096436879,0.8471346139215614,1.1653356478620132,0.9121640629820835,1.0166327893621867,1.04691236358186,1.1018219310706814
592,0.5783138305674614,0.5783138305674614,0.9808269279806208,0.41550354552612706,0.0022090549726698806,0.6500000000000001,True,1.127704786720132,1.0355510883472743,0.8227591851344371,0.8291233789567873,1.1640528658781024,0.8388568395809549,1.1415577939121633,0.8155435112169821,1.078655682631726,0.8254345318615335,1.0313514555340488,0.9905723375191082,0.9659526223670183,1.1396288913505837,0.8150484230447024,1.0680709577894272
593,0.38096683723270713,0.38096683723270713,0.9611111239113932,0.8664006593120503,0.8342238638013652,,True,0.9691717741083854,1.1738607499805955,1.0825744381850642,0.9866709429593236,0.9662256993549374,0.8111316472220881,0.8354240739487784,0.9647978746420525,0.8509711395387612,1.0093794373020966,0.9375853195781917,0.803791974098529,1.0489585631854088,0.8586846229506211,1.07751876827956,0.9877239695497209
594,0.37186187376653684,0.37186187376653684,0.9581001117310602,0.7256926933469275,0.06987807895657638,0.45,True,1.0641354339168894,1.002544070698953,1.0649273506658075,0.8668804043230055,0.8804567838422919,0.8832301686396183,0.8023401111603563,0.9060878615060738,1.0452808100839353,0.9632584538167027,1.195340117974466,1.048602145566508,0.9971727379698719,1.0465187648853256,0.9968277899120719,0.9847282296967539
595,0.4128619350075893,0.4128619350075893,0.9235966410085433,0.6941792440084228,0.1174588267803715,0.5000000000000001,True,0.8697472489157227,0.86390902849958,0.8914164503961752,1.1705151678959738,1.1535306348233096,0.8698148734315576,0.855202898716556,0.9310138678249793,1.1643164962512025,0.8257652162194881,1.1043733520206838,0.9397231548687625,1.0312354547954423,1.0586440637653418,1.0029326181063667,0.9440362571286267
596,0.42063332298478373,0.42063332298478373,0.922337511165697,0.7188178933736552,0.17077476554669968,0.55,True,0.8909390880238884,0.8546445919128738,0.835227003054209,1.1998241644322996,1.076059530116622,0.8896769219326627,0.8004751473580991,1.0423465815248933,1.1282353106609937,0.9481091991164036,1.1390323498540753,0.984173827409051,1.136417052403292,0.827734181451355,1.0849674517959884,1.0897934400077782
597,0.4814037436065926,0.4814037436065926,0.9693031539818912,0.5231503372737956,0.005598085315259269,0.55,True,1.0262597608565898,0.9526732873144015,0.8606161255812322,1.091095708343366,0.8593667336965511,0.8409948290368197,1.0678941419054924,0.9911563308339956,0.805855422800811,0.90786193979688,0.9387767356877523,1.1285517157176848,1.1722709974295624,0.997106287289637,0.8013600020934248,1.07261339720033
598,0.35359456963871566,0.35359456963871566,0.923641831449698,0.5830365813970864,0.017896773094096596,0.40000000000000013,True,0.8331835268582334,1.02998939242442,1.0991149957676352,0.9271410332115047,0.8751684802498688,0.9461103689522563,1.0726119888392358,0.9676916912817806,1.1141177135584168,0.827220201291606,1.1177772348754833,0.8539485384208757,0.8602852462780068,0.9665461392159674,1.098317946795758,1.1823140869377984
599,0.6222305244041769,0.6222305244041769,0.986832266995872,0.6641717688591017,0.010457818522400339,0.7000000000000001,True,1.1470840159850317,1.1848288718150084,0.8322582268720647,1.0683537554777924,0.8957457920118885,1.082241305348364,0.9791760598526809,1.1638067476015619,1.160894481855923,1.104900347301571,0.9236313247587525,0.8565881986220012,1.1987220489531736,1.0355540102882883,0.8608290431733422,1.150915387904638
600,0.3722481426609501,0.3722481426609501,0.944678575288203,0.6591394885403645,0.0321310498405838,0.45000000000000007,True,1.0540855125213806,0.8124807153953989,0.9698452437317104,1.144966095501753,0.8438645641256722,0.8336895732414626,0.8385163796316056,1.153542254872874,1.1048840124028134,0.9625126332075958,1.028402644076277,1.0195507618623596,1.1058087910634713,1.063711416946199,0.833582386953251,0.9448998511243595
601,0.33556680474509093,0.33556680474509093,0.9258981492895323,0.7395308685172395,0.10866348713770453,0.4000000000000001,True,0.9665645750835328,0.8358788798739201,1.1141478105922573,0.9074311754968665,0.9639223710891959,0.9061365121681405,0.8050982150816048,1.1836604450308057,0.9483243964050561,1.0384425305649736,0.8675044269435246,0.9269358218031376,1.1738375452979821,1.0035408198624327,1.1775758288957547,1.1204212369678985
602,0.441872929639651,0.441872929639651,0.9788458958964308,0.49409690984323634,0.0015609170102328061,0.5000000000000001,True,1.169614905146418,0.8404198806404231,1.0520328018596858,1.0522313403533283,0.8289924203639573,1.1501570779242052,1.1648465219977613,1.1619303588705274,1.0571130118327348,0.9684823945490927,0.8538728971568362,1.035515006366963,0.9650362057912117,1.1318278912891264,1.09668837055223,0.9505510451798707
603,0.4767314653900551,0.4767314653900551,0.9610263578484559,0.5781775382225028,0.014636400876902265,0.55,True,0.9641514619785988,0.955705390872142,0.996724874874731,0.8046780251457285,1.1140718499316502,1.1578890756769291,1.1019638148108941,0.8688107583119965,0.9843009927163167,0.9234783761419072,1.0605337963110344,1.1329349779594358,1.0324394297316863,1.1522529535787418,1.1385830947414166,1.1273802990185104
604,0.5303104886123576,0.5303104886123576,0.97429464086305,0.5084358550773194,0.004699481346147843,0.6000000000000001,True,1.0138810050052218,0.9693466577547325,0.8539929873825731,1.1576476584891877,0.9608645759175929,0.878667842060369,1.1251882946920448,0.9988503428141428,0.8659089969473035,1.1944053211699308,0.892560183673038,1.1125503893817386,1.1041049930570837,1.132876829490667,1.156623500647505,0.9875772541514405
605,0.37075002202719737,0.37075002202719737,0.9417196357322845,0.5590049097462038,0.014494379855259924,0.45000000000000007,True,0.8535894012137056,1.0014530409037743,1.1949638560526803,1.1539491435703328,1.0685202154028237,1.0708897114277796,1.1295523417901157,1.0925610048894536,1.01123072263182,1.196422031082169,1.0466590543962018,0.8297424285124847,0.8731568558358378,0.8869593673934678,0.8395394623169952,1.145086743616434
606,0.4247588411626298,0.4247588411626298,0.9519660468078862,0.726961440570492,0.09123063285397662,0.5000000000000001,True,0.9145433640813608,0.9859774562591925,1.0705062948678332,0.9826946013691651,1.1275867367705306,1.146597535330482,0.9354027062291627,0.8398760149961464,0.8949783117696293,0.9379849945346124,0.8642499907233032,1.0066346033843763,1.037138696543726,1.1629226880136005,1.0954361485795265,1.0690010135840884
607,0.4277155365346823,0.4277155365346823,0.977654818841193,0.6304920263338205,0.006813212855008971,0.5000000000000001,True,1.1574678769977664,0.8453133279315337,1.1473663386476727,1.1834496555759648,0.9802023718002921,0.9302126004718828,1.0390997725596358,1.1082624864623178,0.8928527576761267,0.8463208992473783,0.9192546592634702,0.9458576756654401,0.8719880845049958,1.1653870498966075,0.986477802200143,0.9075394591232189
608,0.40647917191168065,0.40647917191168065,0.947685026422885,0.5578025886730203,0.00858262307638193,0.5,True,0.8870161144789018,0.9158233456397304,1.0889177269328079,1.1731234025136545,0.835447612012281,1.088201149585664,1.1662469321032158,0.9739637794630998,0.898631538472016,0.8241768809279157,1.0571049499692968,1.160902342549007,0.9130086884221615,1.0222577663185544,1.139091791832105,0.8814741847200119
609,0.494348423923345,0.494348423923345,0.9863316859935345,0.5723064293025316,0.004185602865414204,0.5500000000000002,True,1.196467615455446,1.0979252246588482,0.9313419574298771,1.1087899504615835,0.8903563853171007,0.8498841957406256,1.0143169619657622,0.870872782597258,1.0888610869189375,1.150127990903558,1.0253241071723318,0.831209453157478,0.9132831928587111,0.83788267021102,0.8426812792787459,0.8809978547865008
610,0.3468283442943103,0.3468283442943103,0.9440901372249579,0.8336568182397658,0.7672813677696201,,True,0.8905963355614905,1.1112372925818081,1.1529516459650035,0.9313494281017337,1.0458983502846593,1.097986151454971,0.8443505760489135,1.1481254300781163,1.1257167365142338,0.9994701002597776,0.8625024743570235,1.1311345058778568,1.1976500730546975,0.9367706468242933,0.8420749221793975,0.955022921007651
611,0.34295426150392255,0.34295426150392255,0.8967623766262773,0.557461624327602,0.01881255217035005,0.4,True,0.8183059790662355,0.889171681761686,1.0684280243414441,1.0025410785695348,0.8331414232156709,1.025946461887747,1.0505902313593,1.1937151107701478,1.1450875177443778,1.148082254276737,0.9388420767262851,1.0451927997248407,0.8056487954602901,1.0572658907476147,1.1950058112649078,0.9667479044109162
612,0.46357293600553157,0.46357293600553157,0.9615933622514459,0.6841336182200599,0.03827193190933819,0.5500000000000002,True,0.8914644148688673,1.1890363819925491,1.0417535559457867,0.9878218739528187,1.0969130242430478,1.0266669110181557,1.0179904270087747,1.088715274144838,0.8457794870485814,1.0527450388552868,1.183703252447066,1.0062027586179605,0.8145015650231942,0.8943810579022369,0.945977048944231,0.809747460161159
613,0.3113968545197614,0.3113968545197614,0.9431991773412869,0.8338004408586379,0.828875133446991,,True,0.8801612083117827,1.1831238930409782,1.175961897905713,0.9943073492816208,0.9326317459034924,1.1206083188913694,0.8245794883987453,0.9375713049894258,1.1582150482900964,1.1612706754349604,0.9290002083180219,0.8935972620732322,0.880023332147397,0.8160680262528309,1.037755844328664,0.822951341361249
614,0.32944849695311584,0.32944849695311584,0.9187101664342632,0.6483735303495004,0.04877786272487527,0.4,True,0.8302851094715658,1.0163131491521344,1.161058074231461,1.0039866324832614,1.0688627579722076,0.8351235011149076,0.9612384764072215,0.876540074042332,1.1071509865675513,1.1266247352347956,1.1557741600303895,1.0114078976913383,0.812100689449814,1.0832724222891403,1.1504016380609696,0.9242104048768116
615,0.39080357338476623,0.39080357338476623,0.974954878933094,0.7078863144078446,0.05468854224157784,0.45,True,1.0942777525653657,1.0469179187405737,1.1872377928881936,1.0043237094046509,1.1744734218134747,0.9537207299570196,0.8870768885333152,0.9778841602375014,1.1086240344916185,1.0130924244746573,1.0172680157779956,1.1016656666000553,0.8161988580294149,0.9334360421500546,0.8509300121260461,0.8478371926666082
616,0.5645863025945598,0.5645863025945598,0.9742968569700915,0.4480104785269574,0.004979130015995346,0.65,True,1.09043681973919,0.8699325261541454,0.8044843229458724,1.0722682619855297,1.1417610782247718,1.1680303641268897,1.0824659372920096,1.066586717698738,1.075160222633409,0.945458512570839,1.1845980851281623,0.887621949869154,0.81407388459036,0.8672089856363855,0.8040370066360834,1.06554767361223
617,0.3960926154530272,0.3960926154530272,0.8930191855260191,0.590378948278,0.045238817494516574,0.5000000000000001,True,0.8167184726926298,0.9258978185941629,0.8715184449345932,0.8061248787840763,0.9980228769746565,0.9153465366801553,0.9416039053946161,1.0521852056070775,1.102425105139671,0.9407153262490071,0.9917669111388326,1.077747706829452,0.9515242505636979,0.961508457131044,0.8430459878233416,0.9500468083572445
618,0.42269672950101417,0.42269672950101417,0.9800154836308559,0.7216525205385583,0.027402192608912915,0.5,True,1.1968132254655164,1.0369121457116952,1.1512239920269232,1.0662882910799492,0.8772155705828032,0.9758142260578019,0.8635524923617075,1.1563191034533224,1.1664053447345673,1.0562836008741405,1.1396026975080624,1.1854929560387004,1.1850323658612592,1.1055152676965132,0.9146321676149847,0.8010043446341204
619,0.5232616405481127,0.5232616405481127,0.9881627784801096,0.6407727912845057,0.00430090678062624,0.6000000000000001,True,1.1798860842212333,1.137077313949414,1.0507475022647963,1.0198606980237772,0.8541154582414222,1.1055436249975776,1.081222489054919,1.0042234657431943,1.01939892506137,1.0009456226000872,1.0840163107927485,1.1172783803244617,1.0549269579781104,0.9213494927502209,0.9408625295828169,1.1410066640407401
620,0.39824025164169813,0.39824025164169813,0.9584803382611279,0.5374325918236839,0.007909598384317137,0.5000000000000001,True,1.0277775697750073,0.8157713309391403,1.191608885751466,0.9431631861050115,1.108575177852288,1.1354170234872418,1.1158179410545137,0.907392881476316,0.9405788863159449,1.142370362004616,0.8693457095485382,1.116235600979668,0.9303506154746066,0.9190180188240744,0.84024796434516,1.1022402687576718
621,0.518891399509995,0.518891399509995,0.9835009751489846,0.7304663450969285,0.028729381193172546,0.6000000000000001,True,1.125807686348077,1.0839974223781772,0.9948674200340295,1.1544265912560676,1.0441053085722813,0.9540247528701398,0.9383507820738854,0.9763498846742438,1.006420604393188,1.1897063530004288,0.9605988023514146,1.1726302283282308,1.1878056727007653,0.929322528252676,1.1872792892051334,0.8213760226416302
622,0.36694742512322837,0.36694742512322837,0.9113893964699838,0.5478775100467402,0.020274039171411767,0.45000000000000007,True,0.8593527153349139,0.8111726150606721,1.1074914956158706,0.8196983679028675,1.1750639101046838,0.8167015888796547,1.0786116996591377,0.829513328780995,0.8590205217205471,0.8035660526748981,1.0130595696986364,0.840089037153765,1.0042514884683784,1.0531655513556306,0.8623343915395623,1.0132262768893192
623,0.4652060494782536,0.4652060494782536,0.9577308702070846,0.7209379613084723,0.04964308083853944,0.5500000000000002,True,0.9064668592639685,1.1389504233238121,0.9632391361133118,0.9160504683413315,1.0451749283499894,0.9411920544119906,0.9631990013457586,1.1786570979718793,1.1350669785780256,0.9474564444709086,0.9260609853018276,1.1561008685667287,1.069750526472077,0.884760722558663,1.1701350333928053,1.0892578406651323
624,0.48360239414200534,0.48360239414200534,0.9791395567935127,0.7022348417656742,0.030232308453507762,0.5500000000000002,True,1.140506738594548,1.0451248364272137,0.862225702414395,1.094508724120058,0.9672422325934003,0.8805502808506627,0.8691999185511327,1.172174756011728,1.024593096879719,1.068555901728537,1.0791594794985242,0.9782833695430758,0.8469900624123056,0.8577826863079959,1.0551157660120978,0.9715016412154995
625,0.4545252569091975,0.4545252569091975,0.9648225660349382,0.6912532569123,0.02433949482394482,0.55,True,0.8558199307101672,1.1951920446006836,1.1751007180448274,1.0330290301170038,1.1975927113017124,1.0241553132847614,1.148729589149391,1.1998060219501798,0.8582374500064663,0.9094168229234835,0.8476322119967167,1.0504706917659135,1.060475153868731,0.9591574345349501,1.0173213058243178,0.9579371948592543
626,0.4355950730804387,0.4355950730804387,0.9634048770406155,0.5707666497274942,0.009663037393125011,0.5000000000000001,True,1.07689721341718,0.8987731252567865,0.9085258691749915,0.8731717468241202,0.8667108937050767,0.8419357780562773,0.9896409841246574,0.8021674108062572,0.8315112134291252,0.905309734709806,1.0332761370415635,1.0301614569255966,1.141630184738644,0.8426745010038557,0.9341862475292615,1.0836819688077197
627,0.34962030734182464,0.34962030734182464,0.8999560856373676,0.5659956444257134,0.019225693841087375,0.4,True,0.8839810881931666,0.8019371058338247,0.9975071111524525,0.9387375679818902,0.8373179460313804,0.8745483190784203,0.9844802034886948,1.1690839013681953,1.132935371633352,0.8221418523718151,1.06005547442023,0.8641182302522797,0.9068717599702057,0.9497949805191336,1.006962423423672,1.0478625072318284
628,0.3878521214567475,0.3878521214567475,0.966478577453307,0.6879274555272139,0.022259100026701343,0.45000000000000007,True,0.9693279213690935,1.1040266713270213,1.1191601036659788,1.1299647125153471,0.8518133886611529,1.1167303049819446,1.0045881787531323,1.1028616802949958,1.1760080370121582,0.981848548204692,1.0510384618320672,1.038886644691567,0.9294986152489659,0.8840043233733658,1.1936173336569456,0.8578094366580327
629,0.48211646756120197,0.48211646756120197,0.978923013433208,0.693829046925777,0.017282621159507305,0.5500000000000002,True,1.1047995639788302,1.088445320467908,0.9257917360298858,1.1566928393108837,0.824236797549444,0.9915609883656338,0.927966330617895,1.1515054591889473,0.9394426289952424,0.9722124195485595,0.8735844274635621,1.149115006287583,1.1075770594456666,1.0937603014952135,0.8197696163399448,1.1213205574885876
630,0.44656654599559975,0.44656654599559975,0.9352990034394942,0.3758289774692031,0.004213394075798411,0.5500000000000002,True,0.8986286327146863,0.9366073076657961,0.8249539305334677,0.8818087755417514,0.9405985622041393,0.8767447443528288,1.1633917774920532,0.94216771536483,1.0209729090227944,0.83809200829345,1.094192198743939,0.8738328655341683,0.9639494676672425,0.9582235543964297,0.880898576366328,1.0493226436147518
631,0.4486722902394167,0.4486722902394167,0.9380622089938014,0.6700816324198408,0.07521839511840744,0.5500000000000002,True,0.8730015805560654,1.0526510608147406,0.8012595193885971,1.1414504408102593,1.0519727303892896,0.8182317065289773,0.8657938166554108,1.1519598977339256,1.190387885697917,1.0145036448635496,1.1688733259650659,0.9326226398222128,0.9091772103574497,1.1967953445616135,0.9576006506667314,1.042694862867537
632,0.47163526919588555,0.47163526919588555,0.9624675022047433,0.6882494993625173,0.03274288759451748,0.5500000000000002,True,0.9797918343870309,1.1476681932178856,0.8592994849925761,0.8545447913047314,0.9580331616636673,0.8005646483769214,0.9133015959658167,0.9406112537100292,1.0608074760287094,1.0121849974061758,0.840895688981908,0.8745185195469992,0.8910989900772732,1.0940204623918504,1.058790097014495,0.8757037800727321
633,0.6197617014230958,0.6197617014230958,0.9855275092293063,0.5697233529214575,0.004306377125177723,0.7000000000000002,True,1.1171835239390253,1.1705403910022474,0.8600536610865297,0.9707706625999363,1.0022543814345588,0.8452736299860908,1.088080356490298,0.9563552873089994,1.188042315027542,0.8803461462736664,1.1919272210228518,1.0488245457531216,1.0736062482908055,1.098682820031439,0.8996485118950455,1.128240038522351
634,0.3575412104115845,0.3575412104115845,0.9151108457562687,0.6700797620555802,0.07742444453855099,0.45000000000000007,True,0.9285806329598492,0.8501425941049627,0.985013122607002,0.8519050659106934,0.969009440026498,0.9243582165509906,0.8337948408798044,0.8572707030740525,1.0852503970913512,0.9869880535172121,0.9855682115936902,1.167331621427036,0.90408469821403,0.960770874472175,0.9784413267016163,1.1807911127075512
635,0.38034638584631647,0.38034638584631647,0.9468440637348848,0.5739640441692752,0.01389384226005623,0.45000000000000007,True,0.9489518034670312,0.8882894118796744,1.0929867855017246,1.1200501854612117,0.9093042638010063,1.0731240847479357,1.0360673330675898,1.069845689680416,1.0092294262148447,1.088342647716865,1.0520688105445313,0.8783159934479284,1.0273377973930855,1.1094299347270957,0.8727864565136446,1.0730448432559285
636,0.39284894478055976,0.39284894478055976,0.9639431557572746,0.6628863580987765,0.033350284494000605,0.45000000000000007,True,0.9981168991824763,0.9264115136045006,1.1877588525604486,1.0377554853659992,1.1882659762901395,1.1509890829442673,1.0059779508195212,0.8502051672470152,1.0370360241652103,1.0489126284609138,0.9165643983079379,1.106096299564817,0.9197208971740163,0.895233121972555,0.9679236448335852,0.9099543318836014
637,0.47841707590755,0.47841707590755,0.9780918056132728,0.49096511441520946,0.002476740708904098,0.55,True,1.1977156763833956,0.929690181502976,0.9500956289126273,0.8106488114012071,0.846084621207502,1.0127478608890368,1.0753470197631203,0.8219239855525793,0.9630030689911527,0.8852460635598945,0.936479421213893,1.0205341254098266,0.845858952570687,1.1837804263122333,0.9600681641226841,0.9467709842564802
638,0.42753077001946516,0.42753077001946516,0.969927095989428,0.6697225655373881,0.024833755659995845,0.5000000000000001,True,1.1847360751085736,0.8311776735561331,0.9573072235174529,1.0705889422586932,0.8913809544290852,1.0153156690552994,0.8542150907218554,1.0966197696667208,1.1004270200983617,1.0201373633010296,0.8401810215117979,0.9609648183969302,0.8295495275807105,1.122078216633069,1.080807852039007,1.1333977672666151
639,0.39790762290583565,0.39790762290583565,0.9444095047738258,0.6580788390554148,0.06040287809632022,0.45000000000000007,True,0.9698632325553481,0.8436961388101512,0.9862922683370536,1.1156192670882232,1.0931685013307322,1.0469455653512805,0.8876650756502994,0.8055193335294515,1.1975989638100364,1.1679404789036596,0.8721287549089292,1.1879015860141204,0.9005538457235884,0.8121604852123101,1.049870325525806,1.035100334739306
640,0.41786710270014266,0.41786710270014266,0.9530729247250879,0.49811870297980315,0.005915216073170351,0.5,True,0.9477687234651939,0.9512293242135422,1.008851383409848,0.9945428443939347,0.8886066517093957,1.0664488557859204,1.1333621334543504,1.108718082958697,0.9529654568630794,1.1851293362682211,1.0031273971749795,1.101024350959173,0.9416136257899348,1.033289381393747,0.9102609600781194,1.0371130355658538
641,0.3668559252934636,0.3668559252934636,0.8907848096788299,0.5291440693429202,0.02297717855050478,0.45000000000000007,True,0.8041132190282587,0.8116243616254393,1.024887546857979,1.0220886507463702,0.9812642860105668,1.0717793724828408,1.063922180827125,0.9953130187392331,1.1138461421927655,0.9322697773178498,1.151917782433756,1.1692986885803736,0.8702558356945144,0.9285147251279883,0.9295184010846191,1.0878325350154305
642,0.43052324844490947,0.43052324844490947,0.981430336149053,0.6672063381671074,0.009920070216955706,0.5000000000000001,True,1.1215830661354773,1.1155348226269108,1.1536599045724707,1.0065771454327899,0.9846441736323396,0.8156354602247977,1.0082158257267788,1.16701882721211,0.8406076474464246,0.9996128518164231,1.1733771584046842,0.996826524696331,1.0143804124387201,1.0284438661660453,0.8119206719724854,1.137331021833029
643,0.5263975294284517,0.5263975294284517,0.9809796141619523,0.44381391261179587,0.0015590011553354905,0.6000000000000001,True,1.1848303510410498,0.9091764967161238,0.9591479714204573,0.8315757269950227,1.1369478682030654,1.133933726208199,1.189100547655467,1.0713567916185542,1.0316044077608824,0.9594195392018636,1.1248232463363481,1.0582053112453618,0.8405105245475696,0.8306821167422682,0.9393474898782448,0.8174119717365347
644,0.38017490142439764,0.38017490142439764,0.9660506615941334,0.6704141841066666,0.015474562332833224,0.45000000000000007,True,0.9668415586583381,1.1791331773216527,1.185167072838266,0.9639074594418647,0.8251042294201417,0.9779228880404064,1.0285216025838089,0.8968516458544096,0.909637103085627,0.9164793261124793,1.032184791864259,1.1235807010030872,1.0988592473283165,0.8405408343940701,0.8536629909440326,1.0810320435148013
645,0.3752314525456494,0.3752314525456494,0.9408104560616389,0.6294199110746036,0.023953367377364657,0.4500000000000002,True,1.0066561918009667,0.8334928125287612,1.0969571927067576,0.8154306189888427,0.9355279123144604,1.0833541324439346,0.9556395794376102,1.1180437501425784,1.1744107849866052,0.8958144709776156,1.0001186937885311,1.1383048808591099,1.067140907853458,1.17196794026874,0.8917831468863051,0.8110244201381306
646,0.41965037519385545,0.41965037519385545,0.9153410347223231,0.582808180918579,0.03883099782479053,0.5000000000000001,True,0.8072218640500881,0.907884941820705,0.9710323483993136,0.9605441939399595,1.1387682963284531,1.1035793792877013,1.0414959573062839,0.8583604709224925,1.022756730115894,1.0335875708323,0.987726386231931,0.956299432785128,1.05584732923867,1.1337038905218315,0.9826941577196595,0.9106356831004958
647,0.4722215859330077,0.4722215859330077,0.9744246781915579,0.5780932731671627,0.006896345062928965,0.55,True,1.060097042679915,0.9819419971679534,1.0953176831257525,0.8213376580143226,1.1400904775476968,1.0322497245918623,1.1385179132288437,0.8745442531079886,1.1618377954041323,0.8529126987898764,0.8595695271650545,1.0212827996143479,1.0207980294149115,0.9346669858866967,1.0888657693243289,0.9918131231246744
648,0.3832918837721616,0.3832918837721616,0.9633215304642996,0.5650460792638274,0.007070076490641161,0.45000000000000007,True,1.053101792110271,0.8689568951619666,1.1231276920116595,1.0779038196711128,0.800753419379157,1.1122974006068622,1.0658728323464715,0.8094688198176939,0.9340084146481078,0.8296020145058355,1.1305660265960122,0.9766788217251414,1.0402433781142748,1.15244538963412,0.9004383786376383,0.8934849128630276
649,0.44159736860576254,0.44159736860576254,0.9634803828927894,0.8596565374861364,0.8557566995788651,,True,0.9864863708719985,1.030219358827491,0.9659314483584882,0.9609837611555625,1.110688246113741,1.1791890045562716,0.8297141523479887,1.035986792361733,1.1786201711902224,0.9844660113989898,1.1567566849724003,1.0699273320954663,1.0644811829578191,0.8920752377387369,1.1666035264620926,1.1498963275885377
650,0.4706020102939009,0.4706020102939009,0.9775063414918009,0.6417814592030613,0.008730257518306955,0.55,True,1.0484336849892828,1.1655916532651935,1.1126889795150368,0.9322216888430596,1.0301029696331838,0.8595440828239871,1.06705079984415,1.0969045480864232,1.1690868012251707,1.1379404227027914,0.9986200200174232,0.8754158428353038,0.8804457887338305,0.9821223569166874,1.1326392478679126,1.0628251319608444
651,0.5844510262842193,0.5844510262842193,0.9889666568417046,0.5932239003406928,0.0021604194360671613,0.6500000000000001,True,1.1174279923904102,1.1899556344961248,0.9283357318297398,1.0765599560429115,0.9101805827165278,0.8080092870937,1.180305168352307,1.0956339087947553,0.9880785628963417,0.8168480931484856,0.8826569211097933,1.1658988981889133,1.1164473464606333,0.8330869492075764,1.1597863449896295,1.1652759207314902
652,0.3316079931373346,0.3316079931373346,0.9354877931291727,0.6905839713631692,0.06742368431815045,0.4000000000000001,True,0.8505906377358365,1.1525957630784995,1.1625130478398036,0.9058548558346398,0.9715988942373311,1.0029614232691646,0.9217398643601276,1.0330712165860516,0.9764714440874503,1.1556425661699794,1.1158470324482523,1.0028484817336465,0.886086138766015,0.9779435641411862,0.9273439794337242,1.0251183132038664
653,0.3874651525600596,0.3874651525600596,0.9778603868540101,0.6336856050574564,0.00692050730864701,0.4500000000000002,True,1.0949058498234603,1.0452692045479535,1.198988287740174,1.0858431093403333,0.8096746563060732,1.086947676624641,1.0543861012710232,0.9636736907208654,0.8149678657206989,1.1575482917522624,0.9747142458016287,0.9729824333329099,1.1950786906547912,1.197442054304038,0.9981261509986341,0.9546206579653176
654,0.4144622543593461,0.4144622543593461,0.9425448167874247,0.6427731161859133,0.029827683177940437,0.5000000000000001,True,0.9164149339954397,1.0842095688954163,0.8629464167831543,1.0277766687155694,0.8073518822725556,0.8132435290303478,0.9011557599857886,1.1387461429476298,1.112242468828366,1.1563704038222977,1.0670520265616472,0.8098702547120448,0.9963530895522822,0.9755717625414846,0.9792905128586165,1.0558504425106878
655,0.4737349142670568,0.4737349142670568,0.9795741939442335,0.7419934659296381,0.03922038058668779,0.55,True,1.075764750176992,1.1441179059747122,1.06903354278049,0.9602569844851863,1.1175288932619374,0.8099334205237226,0.9258218719794811,1.0073014958572144,0.9186768479026398,0.8267108320152939,0.8319312364147273,0.8311965308449507,1.1537722941395785,1.047390508407286,0.828108552508734,0.9949597968166451
656,0.4646538944887688,0.4646538944887688,0.9601420215243416,0.517035555456189,0.0059018192637546995,0.55,True,0.9756511486176768,0.9846461721126959,0.9452652028743377,0.9004113023592398,0.8486537482261587,1.140080741778783,1.1347232658167847,1.0917890291281946,1.1209711680413765,0.83128361856417,1.187271611639829,0.8551665090846875,0.9097754331898089,0.9254888837245916,1.1213873527965106,0.8899862054286461
657,0.5318059526727962,0.5318059526727962,0.9890836462128197,0.6594970190983702,0.004827931690596501,0.6000000000000001,True,1.198518039534361,1.1529837107332648,1.08942847384758,0.8113877393383705,1.1345984840927774,0.820952760286585,1.0956347492301388,1.0414991104802827,1.1910991646916531,1.1159583781761138,0.9522460558585916,1.171419397186284,1.1579077440784942,1.146332252350378,1.1472785136628132,0.8196926598571678
658,0.4740172516462652,0.4740172516462652,0.9705472887373081,0.7127099599325569,0.09817959247442325,0.55,True,1.0465436097137135,0.9686898347866274,0.9128826067957758,1.1784046010026268,1.1931087123887183,1.0775011363361442,0.853794644474239,1.1940132123239882,1.0322400245944365,1.008876394803777,0.8138152879358584,0.8334622076874634,0.905611879484953,1.1297441947127589,0.8463816870637508,1.0208700540207005
659,0.49024297116077376,0.49024297116077376,0.9549733218686142,0.5238508075130246,0.011943307774264892,0.55,True,0.9260114801251563,1.0062815326611647,0.8636509643311309,0.9471731258370469,0.959930954159601,1.173179622229962,1.0783614895773688,1.049060762940523,1.0476939670561656,1.1689213183553786,1.1000775395852886,0.8158657091667483,1.093006942040966,1.0881780852047647,0.9765529467962673,0.8144291507635184
660,0.49116848679440245,0.49116848679440245,0.949554340012509,0.6545812393338873,0.05548346999050741,0.55,True,0.905077698971842,0.9637491747049609,0.8340839116960872,1.0424844802403117,1.1518284789588107,1.0523142123771154,0.9457701709784023,1.083465371674589,1.0294993504169532,0.8850663713098341,1.0059259590829652,0.8614640946592474,1.0948962400637556,0.9462389552435085,0.8085844467835023,1.1834224254333043
661,0.44960915050617467,0.44960915050617467,0.9358484776182939,0.6469470707535655,0.039522710753643366,0.55,True,0.816943239297425,1.12355623893885,0.9005737173758727,1.0081801121635467,0.9457409181831269,1.0327307264982597,0.9994792115285791,1.1102656533232014,0.8734431839497566,1.1529461283456934,1.0729691179929346,1.1318536183177472,0.8921227221188579,1.0454659894405243,1.0593350489748903,0.92376728870743
662,0.4695290461925457,0.4695290461925457,0.954646896967059,0.6040574140326036,0.020890530692367727,0.5500000000000002,True,0.8576677262568125,1.1781492292835942,0.9036658755188101,1.0893141632123078,1.071074777489648,0.8608595793320877,1.0515766526914208,1.1696003288589625,1.1994211464744613,1.0098416621432589,1.1648310758944453,0.9489780735211409,0.8083161180484273,1.1591560463653923,1.0737583998688085,1.0148018925972078
663,0.4646169592239049,0.4646169592239049,0.9747554087152152,0.7313506070549621,0.07101616502209805,0.55,True,1.0700633616961992,0.945368351744677,1.093284899584743,1.1021982032761142,1.1573283451994354,1.1995127803413086,0.9164348244447666,0.8377010352984474,1.1775114230832258,0.9099323399564626,0.9121520186487597,0.9166391307163921,1.111123616737685,1.157440015206617,1.0863560399726113,1.0928356860598174
664,0.4752110142558031,0.4752110142558031,0.9680701920743984,0.4331157349500776,0.002098831222584872,0.55,True,1.040899236438807,0.9183040809472913,0.9411072079197422,0.9966547278901641,0.8442172688494325,1.1573961282348524,1.1858621168952925,1.1986901859241637,1.1800202776162125,0.9839977385892171,0.8014169749215626,1.0758386334053085,1.0240695260877217,1.1511261293345907,0.9915442244095518,0.9310398915588332
665,0.40076389519614686,0.40076389519614686,0.9362361948259355,0.6521626238831375,0.0451642072245461,0.5000000000000001,True,0.8435180481413533,1.1720071576398348,0.9223463351114775,1.1057790575151514,0.8336858169890501,0.9558147421941939,0.9184490131044567,0.8403081336509459,1.1870748815331558,1.0041808437941482,1.0446197052098434,1.1196654902184928,0.866850281265511,1.0310368903988978,0.8481101606532335,1.141808404732848
666,0.4854611981038613,0.4854611981038613,0.97562291571668,0.7269400022018158,0.04106960305997741,0.5500000000000002,True,1.0760904087209622,1.0467684861704725,0.9213158349411572,0.9369529130559462,1.0507085472576987,0.9237673513452413,0.909991048765536,1.184536782920231,0.9347692153031028,1.0632894399153268,1.103451294253245,0.874043308760377,1.174938747591209,1.0324679521950135,1.16191472797566,1.0173601941732582
667,0.38489538418128444,0.38489538418128444,0.9145194089606578,0.5702809476579279,0.026110767521738285,0.45000000000000007,True,0.8383768596763705,0.8912450608473375,0.9827921050211762,0.9316309179174749,0.931756364197107,1.0602004517068617,1.0304869771877438,0.8264864180801541,0.835207058473054,1.0830046405501639,0.9666182605907422,0.8236898957881015,1.0693976483901,1.0510235353040345,1.1093723092165033,1.102609431030697
668,0.4323618811293438,0.4323618811293438,0.9617782359763792,0.7227037326032446,0.06387591667038284,0.5000000000000001,True,1.0165879431781346,0.9893909090607003,0.9466953737656303,0.9906585869594775,0.8962325804998852,1.193590287872592,0.8718707062080199,1.0806654631736705,1.1270806618240345,0.8995283714998681,0.9113807105943441,0.8825801204634548,0.8486950149423289,0.8075378469161486,1.1778913845361656,1.0140787535400342
669,0.5164697742655986,0.5164697742655986,0.964679366791442,0.4825501780959243,0.006105152668438814,0.6000000000000001,True,0.932999253481753,1.0804099164440932,0.8964276687855023,0.8921281252715318,1.0963706291600717,0.9158174032877369,1.1764859820450035,0.8641472331265181,0.9285562479748022,1.0950403252973728,1.13790434807979,0.9086635320017247,0.9615173686546776,1.1763549889349134,1.177187362978733,1.0007780777337916
670,0.4120324616283554,0.4120324616283554,0.9495072544131035,0.5860150613990113,0.019583322092907536,0.5000000000000001,True,0.9951942768159135,0.8222319375997992,0.986623785443457,1.0868158007861954,0.8833955028375127,1.1771043031771364,0.9715030100539102,0.8729004839900253,0.9548147385241524,0.9575334315464693,1.0268513792708969,1.1993989795827282,1.0106006065589728,1.0614666312671417,0.8066325394144986,1.1603525235640193
671,0.35061825513586214,0.35061825513586214,0.9310659525728308,0.6407103617313296,0.029768107446946725,0.45000000000000007,True,0.9195321307296772,0.9740633694004525,1.1503169424674573,0.8570111479168498,0.8867206518304925,0.997470103901869,0.9592037566058389,0.9142284100250647,1.1749628777029584,0.9565395490433295,1.146265928188266,0.8884719906797276,0.9188401095440143,1.085685558185753,1.0625536299653078,0.946942200925235
672,0.41345976865116446,0.41345976865116446,0.9393964202315438,0.6723818524215351,0.08514017432814112,0.5000000000000001,True,0.9684505166208665,0.8682544630256933,0.9611886943491973,0.9159955711621035,1.1963738188768618,0.9395067564490992,0.8480599803502137,1.104907622009509,1.1970281161371772,1.1329648179985998,0.8377121669293182,1.0800824640656979,0.8852070063554315,1.1812577055956877,0.9014535289740896,0.800703367111498
673,0.43215405946736063,0.43215405946736063,0.9731745674207546,0.47615959878286035,0.001909753137488718,0.5000000000000001,True,1.1135840420905105,0.8790104651379161,1.028512985608735,0.9644727385004237,0.8345248906229891,0.9343914681397738,1.156952125228319,0.8597021061581303,0.891350757865463,0.9700274645670697,1.0247382776860277,1.1741716424720834,0.9713787885956982,1.166658246620941,1.15038540706002,1.1716966541481706
674,0.40670295438307014,0.40670295438307014,0.9499981207831788,0.6728145024851113,0.0493764126571994,0.5000000000000001,True,0.9089742688180134,1.0152086769033564,1.0668947162251061,0.995714179153163,1.1922005034490089,0.893408009140561,0.9674730627515846,0.8047699206349939,1.1632056889067088,0.9568603497375067,1.1024585520132935,0.9818545567557962,0.9265275285980269,1.1475590395485014,1.0887353941397766,0.8409427356103973
675,0.41749597375690767,0.41749597375690767,0.9659210583298562,0.6841334799526152,0.023959168480854172,0.5000000000000001,True,1.0068156500142182,1.1033239708981257,1.1013368001010133,0.8918570416833658,0.8986003323100259,1.052881492160214,0.9624157318203836,0.9963652903511617,1.0769233986448725,0.9667744466238954,0.8725179591723689,1.0772645443487514,0.9524641876473015,1.1681411820297254,0.8805414557173589,1.0617303454382214
676,0.48529880488425575,0.48529880488425575,0.9868788725920684,0.5913600509711867,0.004213208926537499,0.5500000000000002,True,1.1235845359886485,1.0874975699930554,1.1131820917664312,1.1944621908381856,1.0344018365597019,1.1181746214115769,1.1348526546471385,1.021409749223179,0.9706690965903151,1.0978502022139385,0.9905755807942589,1.1987112717035393,0.8429917568885165,1.1354095064328669,0.8813252979421874,1.1124067646672775
677,0.43787141280648945,0.43787141280648945,0.909149138370847,0.627762241567603,0.0728984377691256,0.55,True,0.8338346020524574,0.8893629430591524,0.8511280162614138,0.895012961660834,1.060445906186775,1.18845941708071,0.9194237463512673,0.9691735122529955,1.0382777806261658,1.0283705957525027,0.8596934846803572,0.8528712214648866,1.1189718639543713,0.8638624884495033,0.8016599206710758,0.9483575682414538
678,0.37919582419015163,0.37919582419015163,0.9688808863555053,0.7157757975949169,0.12418892279162612,0.45,True,1.0826126491894859,0.9234028456590724,1.1929573241942335,1.0637085722331163,1.1904642539727768,1.145908694910484,0.8415544442618718,0.948747482802997,1.1896479880963056,1.120352286657416,1.0787385038308643,0.8998183573851043,0.957993032359464,0.8191813767521232,1.0072026292515532,1.1622657442675672
679,0.45375389908458824,0.45375389908458824,0.9534124771388047,0.4951120486809538,0.007816023595848563,0.5000000000000001,True,0.9201208982001989,0.8852777765665508,0.9845288210180041,1.0672034889383628,1.1214059229048705,1.1364595318828803,1.172175981026001,1.1857128157838026,0.9823415572357155,1.1771590469146294,0.9705949382599037,1.0979737218599912,0.9800859020803788,0.8005604747566427,0.8618427844667,0.8454586637889281
680,0.6758337364852608,0.6758337364852608,0.9927661345299111,0.6004109112781171,0.0021052927435489576,0.7500000000000001,True,1.1755393988970608,1.164994963259426,0.9171616308115351,1.192800088376845,1.1130786619195452,0.8373774621281737,1.1816892058432968,1.163427233578438,0.9803380466840907,0.8602004725536494,0.8404300933885394,0.8256257691902382,1.185991253032514,1.1346842477157069,0.9247278767346843,0.8152006240352355
681,0.5113767446000436,0.5113767446000436,0.9774832559856,0.7223511000136944,0.04459196169591322,0.6000000000000001,True,1.0609732997755006,1.0579775900216926,1.0032761998490378,1.0078417267519362,1.141584318655558,0.9922426301508531,0.9440355191338033,0.8427261600522485,0.914149497394086,0.8997296343412946,1.1861362185745374,0.9076092581399049,0.8640938747679597,0.8442282553754411,1.126859881305493,1.1266993556528218
682,0.35046893850916516,0.35046893850916516,0.8977442963853116,0.7044131177632695,0.09732065451479438,0.45000000000000007,True,0.8410662530717248,0.8742869053241679,1.0480740716662438,0.9667146264994677,1.0055107281181184,0.9011701317015572,0.8606129573962439,1.1308033819473573,0.8380176625389071,0.860959746673484,0.8229118971205365,0.8694408013707644,0.9343787046232006,1.1845900116907602,0.9402533327513913,0.8254824540760806
683,0.4857150896193057,0.4857150896193057,0.9836075341433749,0.5519649533014271,0.0023192393494757073,0.55,True,1.1283487392803453,0.9971759807271158,1.029408137943031,1.1467114865287333,0.870860328406764,1.004127035840587,1.157374628939658,1.0813019166437003,1.0996287752747271,0.997418429543256,0.8255194750827632,1.1691671534784074,0.9719834731059617,1.0660192603824588,1.1628132030050007,0.975859569025883
684,0.4853445259369268,0.4853445259369268,0.9850691109540831,0.8787256124274982,0.9356784215255978,,True,1.1486892189363545,1.1730606690679262,0.96061553096867,0.9692030581159569,1.115151735608267,0.8513535352069881,0.8519286861250202,1.1143168232880007,0.8226717134030246,1.150976416670589,1.1203332182610084,1.1212176877296143,1.1676021705844328,0.8198562980130545,0.9850181128840896,0.9250139641866078
685,0.38195691645452584,0.38195691645452584,0.9375814313691314,0.6436351244779704,0.02768797733007051,0.4500000000000002,True,0.9177805966285081,0.9326980615398032,1.058993275401402,0.8631168380586602,1.0178472891734907,0.8469754431251484,0.9930746539691919,0.9771845885154951,0.9132842703434669,0.8704320832573694,1.0069336062412908,1.1822114573573703,1.0853070902038149,0.9681951769695004,1.0041484457088647,1.192530114706871
686,0.43542639951748746,0.43542639951748746,0.9715135712838695,0.6259195187224054,0.013732669814005661,0.5000000000000001,True,1.0800030577059496,0.9798452562941786,1.0764268972224664,0.8429870388520088,1.1342890035398308,0.8490275059891554,1.0164424423926102,0.890720812147438,0.8969288715221968,0.9967827919955202,0.9818263676073692,0.9963732109822301,0.9137106029276019,0.9541120443958284,0.8721974990528355,0.8321502282467776
687,0.47948701668031535,0.47948701668031535,0.9808241847959579,0.4414404758491871,0.001062600706148833,0.5500000000000002,True,1.169078023356467,0.9395787714468935,0.9937031997460881,1.006025669655495,0.8017777955346423,1.0952492448495676,1.1727257153148678,1.0347307960026557,1.003546436273124,1.0304178582066283,1.030358774906241,0.9743637849970033,0.9336854028948265,1.1563415330417668,0.9044826103150956,1.0710601598803944
688,0.5113192716541315,0.5113192716541315,0.9671755299727335,0.6826807373182192,0.04603641550949706,0.6000000000000001,True,0.9307510353158307,1.1412963988189315,0.8872683270097541,1.1398067094339321,1.1787636075371526,0.8908592553064618,0.9661262547357715,0.9532020439883497,1.1159510175448109,0.8080967865570331,1.141710961010625,1.152814329405745,0.940217482833391,1.1688363973499754,0.8289737264743329,0.9190544587796873
689,0.42245413181036584,0.42245413181036584,0.9384712377484572,0.7108164843998155,0.1408252576072429,0.5,True,0.8488235371258035,1.0100870727399234,1.0338134023693502,0.9535786379852839,1.1982694754255012,1.1861921628519392,0.9249240275052502,0.8303792184841051,0.813785939295824,1.1618088428160684,0.9399210580374129,1.0781763700995532,0.9436766060059523,0.9354519297530941,1.0126035479117532,0.9095461177585835
690,0.4788956725034325,0.4788956725034325,0.9782823525403549,0.6321150900424441,0.011140257222346722,0.55,True,1.0252556567595912,1.176320675755575,0.9956430950881978,1.1591436964896848,0.8716697438317171,1.1101155904132465,1.0358896503168737,0.950834349238201,1.007711500811622,1.1365657291972546,1.0498908260734876,1.1817841442653085,1.0188207935562232,1.0215681910362697,0.8153398415816588,0.8677915160789174
691,0.40610728606779634,0.40610728606779634,0.9477362664716632,0.5584042682092405,0.014783163582520463,0.5000000000000001,True,0.9072028304506776,0.8760488483353636,1.1432956946429198,1.0486823920862705,1.1940939695890878,1.0212840206576743,1.125981395072443,0.8274373260192383,0.9122971878399687,0.9609047385247975,0.9710307017063122,0.8087984643983874,0.8448655015106831,1.1248762050021384,1.0219076147943422,0.857344325325086
692,0.5391242058176462,0.5391242058176462,0.9772772006800368,0.5114150808301355,0.005888778098483374,0.6000000000000001,True,1.1008131472427574,0.8465514930572731,0.8386751114641744,1.0985348074710333,1.153639911552287,0.8633009088527789,1.0735930528509792,0.9306000365235352,0.9307052562602433,1.0082497728570567,0.8242945432731733,0.9597211763883582,1.0824003567054281,1.1855462875338367,1.0232601019560068,1.1444718401713017
693,0.5751122544834627,0.5751122544834627,0.9724880504226955,0.45915247033469697,0.003757665414091836,0.6500000000000001,True,0.9573539839478805,1.163764967567211,0.8019225288259636,0.9542464992469915,1.0075047449438141,0.9317096014795611,1.1871224693112685,1.1921927144926276,0.93626601843477,0.8091098746026044,1.0675638258970561,1.00465495255087,0.8818824534690792,0.8446668669491757,0.8225947226437013,0.9840014606257912
694,0.4288059210152757,0.4288059210152757,0.9563269858557393,0.6390133099457962,0.02251160403047259,0.5000000000000001,True,0.894368654121582,1.008460739322153,1.0923400131918246,1.1139520434290562,1.1112270391048398,1.0403822663947162,1.0865828339169508,1.0718960619365765,1.0281328577894715,0.9524447290729336,0.9924445864428298,0.820312396252804,1.169792605993734,0.8655560756201613,0.9861284377199011,1.1003704788250872
695,0.4791529799382319,0.4791529799382319,0.983718911760886,0.5944236778430741,0.0042598177503916,0.5500000000000002,True,1.1015688096776193,1.1133497473773408,1.1426566688972404,1.02743168538507,1.0595963334632406,0.9420887885906644,1.140726871649663,1.051818289737251,1.103673953267943,0.9949037225775208,1.1057916931658898,1.121121679149509,0.9780173890357513,0.9876502576772598,0.8217087448776458,0.8024762532211668
696,0.4784702307647877,0.4784702307647877,0.9856334528142391,0.5917000993902155,0.0030078503560837613,0.5500000000000002,True,1.170725743071629,1.0437375126312405,1.0939540678257367,1.10309160256051,0.8306038978497435,1.0706394364868606,1.1075392071647059,0.91793323053766,0.8256600583189001,1.1036585130464274,1.0415169579640822,1.0032202267174433,0.9346735940977118,1.1614181814391493,1.0386859147921688,1.0517184363968584
697,0.46100178015034704,0.46100178015034704,0.9587706834509889,0.7103072625054864,0.042534909716482064,0.5500000000000002,True,0.9863812699000323,0.9984326695934841,0.8890613657698024,1.0318967518559776,0.9470526114113682,0.8927900506008767,0.9033571280290615,0.9527740623592361,1.1251257327892343,0.905738466969062,0.8287329766243297,1.079870890813677,1.1778998241015195,0.8695440573868347,1.1143434131443344,1.1576027401992337
698,0.3798554398687578,0.3798554398687578,0.9263534470261757,0.6126775814373148,0.03624277133609626,0.4500000000000002,True,0.9946201449639743,0.8401680510153295,0.8897441837992383,0.8234568082994813,0.8976042776047631,0.8665579448058474,0.8505580696118397,0.9055064902191604,1.153397800887107,1.024795844900041,0.9815291312415669,0.8193002311783846,0.82571217454673,1.0551126002956919,1.0699200261478912,0.8139491610660767
699,0.4831645737448216,0.4831645737448216,0.9811473714396053,0.6887693106605685,0.01489082322187821,0.55,True,1.031906232447616,1.1054396257947645,1.0768319928071672,1.1680489184884868,1.0328670130746203,1.1388859166433594,1.0722550674615174,1.130239976543082,0.9886544620576432,0.9436711512255502,0.8019983039761212,1.0909896059299586,1.023038160121696,1.0249766210102074,1.067547404422362,1.0475804991280533
700,0.36999599386665594,0.36999599386665594,0.9094165359567417,0.7095523046773359,0.11441627744053863,0.45000000000000007,True,0.8551471502787386,0.9720223555613363,0.8951349288142271,0.9330590444272072,0.9070735318695126,0.9067230492187696,0.8209435363880704,0.9244808388356057,1.0590405283660944,0.8188442840863477,0.9405099658399938,0.9959596822474,0.8023820459454827,1.0092886009563125,1.1147483470993895,1.0958936222076638
701,0.375601460945618,0.375601460945618,0.9677083243617959,0.5425376213824942,0.003031980017739218,0.45000000000000007,True,1.077556901845776,0.9081729485466595,1.1641890645769934,1.1235748530516123,0.8031642378282761,0.8013166554653546,1.109252600506743,1.1107287918760078,1.1476903399111662,0.9957579633309473,0.9545735201103855,0.9472141559800153,1.0994672491311517,1.1756662785449172,0.968963964838898,0.9585758587428184
702,0.3847494716127129,0.3847494716127129,0.9672293695210329,0.6549506496366683,0.02460121209715444,0.45000000000000007,True,1.1459368544285227,0.9054371763517761,1.0536626921840178,1.0578307066978228,0.858756699369903,1.0447816051595868,0.8614013027984532,0.9265076684577442,1.1311504377374275,1.0920668207870134,1.0226328533140556,0.8282936393124956,0.9226180335193459,0.8957896171760953,0.8601910088343421,0.9520642418545078
703,0.34368533713066995,0.34368533713066995,0.9014390917245423,0.562882431175597,0.023421664980356242,0.40000000000000013,True,0.8192055099025246,0.8826971956646227,1.1359831257480288,0.9253898780665677,0.9216694483499603,1.1699528364250678,1.0673973961519372,0.8564059389756562,0.8771976671528763,0.9070096347728103,0.8556486215543272,1.1862500821960804,0.8194884302784858,0.8298070631031209,0.8031108188451047,1.012645928850659
704,0.3278072851590241,0.3278072851590241,0.9299887040065715,0.627501301257938,0.025261539229973318,0.40000000000000013,True,0.9744160010661892,0.8479312909420663,1.1726171794715963,0.9153702923961596,0.8467752371968753,1.0303669402733224,0.9370832768219596,0.9981584478308285,0.8568108268650438,0.9755291288217338,1.0962755455930515,1.0787574630741048,0.8173457917298083,0.8057754290385847,0.844263030295617,1.003858597760134
705,0.4684097120660342,0.4684097120660342,0.9764632941584758,0.4814569173746439,0.0023070591651724627,0.55,True,1.175871105411709,0.9066813160299884,1.031593385128354,0.8494379389279283,1.0033368219909957,0.958958333488156,1.1212266741551553,0.9106939389533535,1.1234489261006033,0.9885490179900374,1.1259415126986,1.1054528800465147,0.8644926787488424,0.9034490332359322,0.8990999589296461,0.9317152629537384
706,0.41820892178398505,0.41820892178398505,0.9651874654613414,0.6534382982551883,0.01895441843808564,0.5000000000000001,True,0.9997992065469209,0.9807091020282411,1.084831259818268,1.1658146197074597,0.87600728299333,1.0678069602503881,1.0023788591064504,0.8144737634123101,0.9926968983032244,0.8344473450808882,1.1956066424117222,1.0079781454910015,0.841696744952567,1.074256665155311,1.1006226789723361,0.9208921582965903
707,0.4108954457915267,0.4108954457915267,0.9330967119188206,0.39852899317350066,0.0033979259195517923,0.5000000000000001,True,0.9403961693460645,0.8061498322340501,0.9402921468555945,0.8783686959239225,1.0271285998568764,0.9130307200411202,1.1990083756440804,1.0335273237900244,1.102063211695311,0.8924115404161725,0.8714764653085378,0.9511259078758227,0.8531679961403469,0.85708239266209,1.157427488542735,0.9152048386300145
708,0.4847880051319585,0.4847880051319585,0.945698554618367,0.5891930188427663,0.024763165528888013,0.55,True,0.9748160767728251,0.8720082284772133,0.8038067771925402,0.8260480961708202,0.9864479075097081,0.9905436058817564,0.9504689046443895,1.0655107250258695,0.8080516108301422,1.1456885490769744,0.994706023546622,1.1733646222650487,1.1200284224256356,1.0657969964929537,0.9818851518406042,0.8386598813437063
709,0.5522829185535059,0.5522829185535059,0.9747468186477257,0.563651594903322,0.01028886904867427,0.6000000000000001,True,1.0185103483733975,1.0716371913368787,0.8705265570137459,0.8472171962373329,1.1422006294003537,1.1305927468082002,1.0939372924055208,0.9217618469666583,0.9315836657982244,1.1362572752988425,0.8789272443588677,1.0544085991632879,0.8835217498399648,0.9450322760000429,1.0182241549561606,1.019816068861138
710,0.571991439312977,0.571991439312977,0.9800292115552314,0.6044873705076993,0.009203835360798527,0.6500000000000001,True,1.0687624430862994,1.033428856230319,0.8930034966750743,1.011564184189236,1.1660192164907235,0.9369703794747845,1.073908201481649,1.131981220076767,1.080616288219712,1.0410833072194023,0.9130766933517327,0.9282549599823433,0.9435363059680425,0.9698628494835867,1.164550913830954,1.1556605588905613
711,0.425637757854985,0.425637757854985,0.974393850712805,0.6571334763044302,0.014970182755051763,0.5000000000000001,True,1.1482467535190743,0.9099181679333291,1.101056706236217,0.9631829575354476,0.9890528115045369,0.9617847897575029,0.961796324462294,0.8439301675697518,0.9202557370345186,0.8896658318854409,0.874863387129185,0.8472752654274049,0.9754034758904364,0.8363908705493026,0.864095416033527,1.0258412779813182
712,0.4815912102850968,0.4815912102850968,0.972433950344159,0.6692634235428491,0.015971340684306872,0.5500000000000002,True,1.0527716630656037,0.9582112877058538,0.9241943012411461,1.067928331683973,0.9024496736259546,1.0004384794505399,0.9954339040250028,1.1090105183229864,0.8543769910456896,0.8876598755609999,0.8438704520132566,1.0924048846638015,1.174021971680829,0.8699445473490394,1.0717606100234092,0.8276648321573712
713,0.41224284342062656,0.41224284342062656,0.9373407341408464,0.6951479478208529,0.05803207929985876,0.5000000000000001,True,0.8262876971858741,1.1601732817994923,0.8944624861071033,1.1265922230057805,0.8254249481558488,0.9927085897958321,0.9308550598592533,0.8469024860408525,1.0500186115551549,1.1276119229257706,1.1012866016962533,1.18672924194091,1.1476862392251497,0.9079951621755422,1.194786527240149,0.8437222006255268
714,0.45396523998986266,0.45396523998986266,0.9775286747571832,0.7144418924627601,0.028293899883265434,0.55,True,1.0750020130015085,1.1463335951068747,1.0702123536625279,1.1254926202007645,0.8707460486692921,1.0675010649972607,0.9161338823879881,0.9948688415622471,1.1228126462028076,0.9447987157928174,0.9071882173580154,1.164923058457464,0.801066598284021,0.8809714828400604,0.9220487727063691,1.0230535406224042
715,0.5242878396869781,0.5242878396869781,0.9849153518241968,0.5818939040922845,0.0031235110718429715,0.6000000000000001,True,1.1959887971194982,1.0009560803206448,0.9393315927386483,1.0206699525390586,0.8724473642321275,0.8250519998795747,1.0594620688436633,1.1233374001464693,0.8887512243169772,0.9676344393281585,0.9583771718912215,0.800911136873434,1.1671291511092245,1.1091621938493184,1.0249058681147836,1.1506578983532483
716,0.48157940762502377,0.48157940762502377,0.9557447023301031,0.530035862555626,0.011485070057425814,0.55,True,1.019100268326876,0.900695202858135,0.8314030959288925,0.8005382840721096,0.8769685860646442,1.1991818682445938,1.0154020215739445,0.9662192593045391,1.130738711020295,1.059847261748064,0.8909077075229759,0.8686414721803253,1.1322237886068534,1.118849212081804,1.1418646969057862,1.1178016960337165
717,0.40520483840415833,0.40520483840415833,0.9323002842471231,0.5189800049061025,0.012686831330027227,0.5,True,0.8599183298401587,0.8291437966004945,1.137974721475134,0.9597624528961001,1.194857295157882,1.1562013503709947,1.1911571626497965,0.9226087654998805,1.0672204950855069,0.9026153016983566,0.879997179719625,1.0736073689034031,1.164198294420835,0.9945387370509732,0.8076023654735909,0.8224174335385458
718,0.43309547765893186,0.43309547765893186,0.9472415534167963,0.47522221931179903,0.007032961502669161,0.5000000000000001,True,0.8701817476824733,1.018707240153107,0.9341968483159268,1.1308913894218324,0.9239210475039428,0.8961554960853214,1.151284965675913,0.9393683906128572,1.1338089114819794,1.1221578559195848,0.8126599987421423,0.832491187778384,0.8540488178118903,1.062150270397542,1.1696063372111751,0.9922968055675179
719,0.39552753220906567,0.39552753220906567,0.9674269073738611,0.832834391188424,0.7361107913876846,,True,1.0378416808796922,1.0757868091905534,1.071231056346727,1.0834805274454247,0.8757541267033369,1.1177391477233414,0.8255066201183056,1.0629297817237804,0.9850316983502947,0.9331370671684888,1.0250921067217753,0.9300473964037164,1.0811468407926625,1.1302501692857032,0.9205360524188324,0.8610937343429339
720,0.43175479252234555,0.43175479252234555,0.9144293457131757,0.5370695294694658,0.021933704199270133,0.5,True,0.8498245740875154,0.8990330958413953,0.8358044682372592,0.8443323782910657,0.9084213063087369,1.0843575187649759,1.0231202517175744,1.064141555895541,1.083034052799863,1.1112652411361608,0.8999720079203255,1.036699100352236,1.1306909872113426,1.134150874725338,1.1518334542291855,1.0029488832563485
721,0.45166217914235823,0.45166217914235823,0.9526703959612463,0.697838588298183,0.10227598433350119,0.55,True,0.9825141771218391,0.9606699728415038,0.8422751567645409,1.1502946075184288,0.9321569810073815,1.1736141470848371,0.8152799744530304,0.8120538501668322,1.0676710092123134,1.0238931994042377,0.8362705243928599,0.9932574621537532,0.8344850196964775,1.1004507572448365,0.9092959481813432,0.8443695096142578
722,0.4352173533432448,0.4352173533432448,0.9631586369531703,0.7067200725072328,0.054082569366682355,0.5000000000000001,True,1.0691289402556265,0.9200584622583597,0.9381240707634293,0.8776772646474118,0.9817503712553991,0.9836325417017074,0.8639187005651282,0.8157989542133852,0.9569330865007957,0.8428264734148848,1.1371919858495898,1.0384594643624616,0.9493763847081195,0.8323047494424045,1.0328039174643067,0.9235328456699916
723,0.34372913857625437,0.34372913857625437,0.9498246519879948,0.8104991078868904,0.6023465853983775,,True,0.9274428007433347,1.0659830119376286,1.1904128110833871,0.9192534052256031,1.047618839149149,1.0194996905942428,0.8495742357266232,0.8755967220778308,0.8250467121757311,0.84926884615181,0.8804682379976567,0.9995922368537596,1.1371247171599432,0.9857189269224019,0.8350217188437371,1.1399384810047997
724,0.5681429173203251,0.5681429173203251,0.9812202041601834,0.7167896763584415,0.053212998645363344,0.6500000000000001,True,1.1650742291945135,0.8770808292895129,0.8447209527743369,1.012995325331011,1.1862222915434586,1.0712200022927942,0.899612630545271,0.8495888851310414,0.8115422558567322,0.9090366596571069,1.0420403505449871,0.9514135051113978,1.034581606887171,1.0135408130775285,1.1113043446501563,0.8294722685335425
725,0.38196096711148886,0.38196096711148886,0.9433590914645652,0.6429804933630748,0.02095238620737981,0.4500000000000002,True,0.827520646287173,1.1352707369790271,1.151734117248786,0.9910109802882588,0.9994536912301892,1.0052864925552911,1.1133318407588235,1.147131489796255,0.9497992584665667,1.051387899864045,0.8159107672651522,1.0740393521658953,0.922142976735355,0.9107528492516753,1.0882494311526845,1.062267271384943
726,0.4653339592325653,0.4653339592325653,0.9627279212054771,0.6881235198539982,0.029838862381863854,0.5500000000000002,True,0.9556980292574792,1.1313420050419292,0.8895856734143888,1.0791755296936105,0.8222051517146438,1.0020630344920827,0.940222508143055,0.9724690437737031,0.8615704574525667,1.057693249943459,0.9941010602849595,1.0470292879445966,0.8504976025096055,1.1029031340307913,1.0812970454669115,0.8115565896867464
727,0.3377774682288618,0.3377774682288618,0.918454160553568,0.8333084812898439,0.754377203504485,,True,0.8179037557130387,1.1058366150846024,1.0198952533554566,1.0094495948576103,0.8992782701083126,1.1852862967541027,0.8035880601939389,1.178811231338845,0.9288672549402319,0.912628467247116,0.9027205512925776,1.0282428401830879,1.089994511818582,0.8886095789375756,0.8323511753591373,0.9983962090520517
728,0.5227431155135572,0.5227431155135572,0.9661558606261914,0.5482455203088891,0.00951786142445763,0.6000000000000001,True,0.9472335452260295,1.1262284857261249,0.8451973829958022,0.9011748392005641,0.9525771379225695,1.0151598140315496,1.085932071908132,1.1038778417332242,0.9011165352238562,1.0396190559579521,1.0431434677070694,0.8701378410754274,1.126199475186937,1.190898843487045,0.849522897274134,0.9829224575499745
729,0.3489427067405849,0.3489427067405849,0.9101500249238607,0.6757187196077076,0.10383033867150426,0.45000000000000007,True,0.867254019408449,0.8372636060888639,1.1506689268578816,1.058291185925895,1.1704752882715634,1.0500374568814084,0.8732415171993172,1.1396072177288534,1.1376619454871735,0.9904335644305172,0.8887036298022997,1.0036697850000824,0.807875790703098,1.1315934269833883,0.851656427436975,1.0215257589101725
730,0.5363816341926643,0.5363816341926643,0.9746877220041751,0.5488979304151848,0.010794928960856378,0.6000000000000001,True,1.1088012773221134,0.8365408630716777,0.8004547257447504,1.132141326605358,1.0464058770440772,1.0838821079196084,0.9951263443341614,0.9943230064625433,1.126430987859733,1.0102175865289207,0.9656490220340428,1.1943290999344227,1.007997357122054,1.1402112415544254,0.9461506279300191,0.9218521395136188
731,0.42518487487118806,0.42518487487118806,0.9695135302079656,0.665992026204891,0.016069466235467428,0.5000000000000001,True,1.0892553578859578,0.9896704659816296,1.0716546074632027,0.8189160142782704,0.8327568767810251,1.1444233700918103,0.9687430697235199,0.9436286389470792,0.9441393931888711,0.9658701681693416,0.8387015928717763,0.8148752841341254,1.0405275965518792,0.9202505334273532,0.9855036627347955,1.1780038795022663
732,0.48491659182323477,0.48491659182323477,0.9835478347961597,0.6724630404620887,0.009995810368404422,0.55,True,1.134522858358966,1.153943714036759,1.0075619076722602,0.8604438505209951,1.0238432293751367,0.869124482918987,1.0068158018467113,1.1809233378000656,1.0989513417149637,0.8826321337959526,0.9861840088245069,0.8035280329485839,0.8372165452567284,1.190715473797817,1.0281458624370143,1.0087342910263386
733,0.40326184274971577,0.40326184274971577,0.9733382280404668,0.8533326728201839,0.914623149244988,,True,1.0589698623107544,1.102374402037981,1.0392810733211004,1.0609136749682813,1.1561689832640871,0.9848649827615039,0.8120516400445402,0.9270353653689167,0.9833842140689761,1.1325366725172437,1.121738048289667,1.097530587546012,0.8253546501920955,0.8214229110374108,0.9166887711159457,1.1850439200785245
734,0.47936317295145475,0.47936317295145475,0.9793642992386448,0.7189079061614779,0.028172049650655864,0.5500000000000002,True,1.071051673466361,1.0776616058909414,1.0310349367519263,1.0101836361340883,0.9985584181843778,1.068757925708945,0.9725407749408768,0.8284033913033337,0.8973680257425802,0.8026201181601574,1.0838678042690881,1.0754414143160336,0.9183574636227869,1.1108311374638826,1.1088389862524248,0.9494490599755693
735,0.5450461925173672,0.5450461925173672,0.9658520651247164,0.4156786082059325,0.0027614206610645387,0.65,True,1.0910260220180832,0.8002420952284985,0.8264156763957197,0.8937140598949843,1.0642408853831378,1.1275146355410817,1.1430724611627914,1.1842648216223102,0.9124486697364569,1.0368693474165194,1.1092681236626236,0.8919593361303835,0.9910423205151936,1.0116884164059314,1.1934649986376982,0.8501855894134114
736,0.469963950504302,0.469963950504302,0.9680133140404542,0.726296670669432,0.07633995916682679,0.55,True,1.0583513134351843,1.032017434204931,0.877619084068614,0.927356672110137,0.9682368750953638,0.9857126325110931,0.8319092844282883,0.8011511627627471,0.9900641619335987,0.8518544256969797,0.9059744164641694,0.8646380057450392,1.0842685785150463,1.0624763813067415,0.8526594084191539,1.0068159864732045
737,0.458197481632806,0.458197481632806,0.9454898938702252,0.6073445268958546,0.022653133478037324,0.5500000000000002,True,0.8771880228528321,1.01341516400752,0.8736926294771996,1.0889972666652863,1.026342519378529,0.8103329199774566,1.021285909252165,1.0792808936031735,1.1436207628118922,0.942018744890437,1.1239898877561896,0.8338789621792139,1.0002072320384703,0.9868566157454536,1.1531797320000783,0.9262933988892191
738,0.41231190637297743,0.41231190637297743,0.9686701805010081,0.7467061846090595,0.042493421863463415,0.5,True,1.0177204343788542,1.0911342842919574,1.1146408851288356,0.9891718307665811,0.8651927136473786,1.0695019422744036,0.915721338929021,0.9642317400367769,0.8640228749155147,0.8981238264355258,0.8458678028448482,0.9494623456466826,0.8586495239989618,1.1259506033989957,1.1663542222769057,1.192127217910957
739,0.5322850251412404,0.5322850251412404,0.9811743117357546,0.5284337967227589,0.0037514956633894585,0.6000000000000001,True,1.1143718883141693,0.8838701435396636,0.9415045422552142,1.0875037547671365,1.0461165613272863,1.1383280194487533,1.149302151915303,1.1007915783641662,0.8487593241656815,1.1841919606116909,1.0878038441263982,1.0009957686157929,1.196707914209167,0.8500554217870594,1.087470252731868,1.0578933066362486
740,0.34010041316128686,0.34010041316128686,0.9321812144513542,0.5074404338262403,0.009592561547234417,0.4,True,0.9344201397578724,0.8312809212769261,1.118371772364487,1.0569455762234845,0.8520780566971765,1.1046846495150242,1.070868773505054,0.8962969655606599,1.106124481572191,1.1322083864973718,0.9504404196704788,0.8802908479310957,0.9545878489187923,1.0916513845362577,0.8801536024134795,0.9017596397255431
741,0.4620463725391127,0.4620463725391127,0.941680000783092,0.5750076855291975,0.030158307241060042,0.5500000000000002,True,0.8635778915006479,0.966306488240102,0.9044171446671592,1.0449265503350715,1.1039123558087889,1.1727518378364323,1.0318037950459729,0.9155649730777873,1.0059659478484506,1.0836358109507214,1.112180735554478,1.0991123026335683,1.0528594237847941,1.0816381021876298,0.8036940943717225,0.9352683511410296
742,0.3466288391032423,0.3466288391032423,0.8817275053751027,0.6669439351960835,0.08072342079392392,0.4,True,0.869468997332107,0.8204781117078435,0.9358769836005743,0.869559635231851,0.9203222234384629,0.826877165890127,0.8179198542865184,1.112955334367028,0.9678737121763322,1.0285948623678665,0.8343436044110457,0.8079262027287408,1.105482403904201,0.9384131380271065,0.8973499525101243,0.9740441716032269
743,0.4624664587841786,0.4624664587841786,0.959927498792488,0.6719756755707167,0.024796709527211473,0.55,True,0.9069782271162363,1.1732057808162974,0.9744823247965668,0.9173014218756408,0.8925345820640531,1.002477581664896,1.0206522060344962,0.9445025990891527,0.8660207274055491,0.8365928930744396,1.1271029933652894,0.933768987462555,0.9318169992411932,0.9122334412512842,1.043957567951265,1.1257365966077364
744,0.41020925902477284,0.41020925902477284,0.9207859933619837,0.6738959356367787,0.08980298803908156,0.5000000000000001,True,0.8186918222385935,1.0181289609253739,0.8827383441690078,1.0565122199437915,0.9719554343730992,1.131241251561744,0.897407718168793,1.0190841542658908,0.9473014993082174,1.1938178361187677,0.9780078335344806,1.1802677154689865,1.1468212466150918,1.044480080623581,0.8851549664250263,0.8256315581272271
745,0.5102764677817536,0.5102764677817536,0.9844129376235753,0.8270707738830266,0.871159434526685,,True,1.1937330345791546,1.1167027201463497,0.8880090938314851,0.9699901472633171,0.9283227307572248,1.195424670109387,0.8429252763141842,1.1270604707084817,1.05406855526967,1.1174130909108964,1.1990302371108394,0.8065114952060412,1.0366357620516402,0.9226551917101189,0.8202584586638592,1.0864819519451676
746,0.3799736812427907,0.3799736812427907,0.9498604794525654,0.6919603016312886,0.06272998339886673,0.45000000000000007,True,0.9773602894926928,0.867063848431763,1.1639177086909014,0.9797310270343357,1.1775703154862223,0.9808972272240656,0.923664297416952,0.8391202308427115,0.9174450948911268,0.8217924020228432,1.0996721735195818,0.8220662996658344,1.049424269182726,0.8024588740136955,0.8088200851747532,0.8068387865927378
747,0.38220670396521905,0.38220670396521905,0.9362175289478956,0.675035047831327,0.04146119685127447,0.45000000000000007,True,0.8957754981102755,0.9885407401016238,1.0356644732970859,0.912460933740176,0.8301029795311896,1.1834220992153344,0.9539189218863056,1.0100254359807657,0.9052480423339938,1.090935416829073,1.045062405827908,0.992375433485877,1.151894664860931,0.9737424816983068,1.130518988214872,0.9192731181689211
748,0.41748994374813303,0.41748994374813303,0.9610197626071774,0.6363627369141048,0.020398959915073803,0.5000000000000001,True,0.9705532390169977,1.0310411237185049,1.0382680059996876,1.1843885127084273,0.8187319244298525,1.1223432666393576,0.9833596050037555,0.8515469762077899,1.092568272013767,0.8799955958115548,1.1221020868211837,1.1355404680578844,0.8115325685708122,0.9096756235790517,0.9067419771435585,1.118041328772807
749,0.43656260601681224,0.43656260601681224,0.9157004754034589,0.6595659364433311,0.08578107510046391,0.5000000000000001,True,0.8016177285459613,0.9421864683061352,0.8348818154852409,1.1305522954407956,1.0566658642293876,1.0448634107025097,0.9180217293634102,1.024450018288502,1.1427085490544755,0.8823384378947343,1.129898184683898,0.835722873217159,1.142462394130967,1.1780594571729384,0.9608538443693881,1.0807855862628015
750,0.5363275226733619,0.5363275226733619,0.9882946325386605,0.6383097630742578,0.006419822853468909,0.6000000000000001,True,1.1880997396538702,0.9928665873005977,0.9694925587852331,1.1960254577088738,0.9920541861201029,1.1410205618912308,1.0633808096301502,1.0752712594959186,1.0718610925950234,1.0208808867763892,0.9017615127894738,1.0479430804817662,1.0420453568799775,1.0356148922177228,1.1821010893497221,0.9750987173182468
751,0.5058820790376547,0.5058820790376547,0.956961023285012,0.39081054311967584,0.0032885948862652766,0.6000000000000001,True,0.9902358470305926,0.9374608590543725,0.8115209165861639,0.9183600389955902,0.9925635019306556,0.9069187423258495,1.134326270509084,1.1360101699238763,1.0720204094191148,1.0772505329788256,1.0074535858498008,0.8250162833229208,0.8412484216947038,1.0057548552753246,1.1108941023222867,1.105344836952248
752,0.42698997960472485,0.42698997960472485,0.9586924959457838,0.736280343444649,0.13821611388126304,0.5,True,0.9828928588347335,0.9965954055767474,0.8994235150514418,1.1755038922494028,1.042707744003314,1.0335761355321897,0.8225761448762448,1.1073453243279883,1.0346173466534656,1.0844476040452014,0.838937404221558,0.8920730500269144,1.005258047655809,1.045609058464413,1.068720843714353,0.9939735756520836
753,0.6219494007127886,0.6219494007127886,0.9876276882972369,0.7423312742747208,0.032452467928527635,0.7000000000000001,True,1.1622479015765552,1.0893826303171787,0.8454101145300442,1.1018007887507788,1.1288713398980619,0.9386893224831953,0.930274334473028,1.1732968114701676,0.8076882189164227,1.007070849200214,0.8180245420032911,0.9667425735738279,0.9881579841485181,1.1254000727510016,1.1340037594608008,0.9738957869275356
754,0.40973557964149454,0.40973557964149454,0.9407466949420584,0.6568005519907877,0.06413168890489795,0.5000000000000001,True,0.9246931314601813,0.8981105287260575,0.996110188542849,0.9974748873287433,1.1736815859569598,0.9753175865923354,0.9153924385013557,0.8544220796974059,0.9386376739014942,1.0172843346012448,1.1382693012555836,0.8762349057466468,0.8322294539458279,1.1581717722660443,0.9742982450769492,0.912778255715352
755,0.4811490187159706,0.4811490187159706,0.9815517391211054,0.6212460954418899,0.0066819603046354694,0.5500000000000002,True,1.1496766505184524,1.0745413664993682,0.9877429448100955,0.9132233059065201,0.8268925086026621,1.0474628654128555,1.0198188408908617,0.9499478001214969,1.0391241046138942,1.058366983134935,0.9794404339921555,1.175016236087757,0.8357643107376624,1.041517362721538,1.1194397824095652,0.920045922328604
756,0.3900246782344417,0.3900246782344417,0.9646370705479752,0.5838399408776147,0.010698795659614829,0.4500000000000002,True,1.0371941057594831,0.9435575166687973,1.0985353669549822,1.1469518039867497,0.9204949050975058,1.0223234606850449,1.0203327883505682,0.8350571230625831,1.143017952391392,1.0585579721960836,0.8481744636889836,1.0068017698026515,0.8317269763918502,0.9127394944957969,0.9179067107972978,1.1491143035279592
757,0.5833769540571011,0.5833769540571011,0.9855427589239109,0.564002482302357,0.006295562563332989,0.6500000000000001,True,1.1870541131053376,1.0818487724443393,0.8370403105828822,0.8266592473751689,1.1263102704360861,1.0430065693616775,1.0261940925395385,1.044651176369197,1.1778405438584685,0.8638625188338842,1.1843609475080077,0.8607110472534436,0.8139739220401104,1.1929659998645048,0.844566766802685,0.9990016888417161
758,0.4092747812743886,0.4092747812743886,0.9257902139313906,0.6886952702952127,0.07750524983065335,0.5000000000000001,True,0.8923457841540426,0.9051645928860372,0.8976666433442055,1.011986877392994,0.9556312391317985,1.0255301299933846,0.8670835104796413,1.1982651560303186,0.856596943361432,1.1025775901112362,0.9428659166793929,0.985013825241075,1.0858431177164505,0.8926760114521608,0.9635486267272698,0.9485345159020341
759,0.4406225707199853,0.4406225707199853,0.9784232483213349,0.6671799010216297,0.010903372930199487,0.5000000000000001,True,1.0726881098145153,1.0881681978061197,1.1235386352060992,0.9903795435824156,1.0580547077759082,0.8175280118727332,1.043692036241209,1.1176130658629464,1.026349914342639,0.9489433106133319,1.0538237155152714,1.086090274477166,0.9586311291258067,0.9988977016426306,1.0237197646283906,1.1824965355026702
760,0.4135128574676037,0.4135128574676037,0.9409480236067247,0.51885434854882,0.010019045271882332,0.5,True,0.8763336703844593,1.0000338252289953,1.0325631010061964,0.845020742764836,0.9341259689537459,1.070208450002949,1.1464597351885175,0.8347083536134405,0.9115052883230905,0.8858971669475971,0.877422399454786,0.9658743921849088,1.077220922381787,1.0797041305928787,0.926272586613682,1.1175753963832715
761,0.4787773513250359,0.4787773513250359,0.982411309612392,0.7185558076398161,0.05671647528706386,0.55,True,1.1163851389571948,1.064016141613466,1.0465468683945969,1.1111054888095362,1.163405046227074,1.164740820341839,0.9079596685143357,0.9419820226024402,1.0122003691560217,0.9683861649320796,0.8755522208981825,0.9159742513010503,0.8125414248126738,1.0715225990732602,0.9080329414388786,0.9137408906315547
762,0.41966493010339334,0.41966493010339334,0.9659526353678198,0.6715344860332535,0.015802763147827675,0.5000000000000001,True,1.021055925446472,1.04010140018362,1.0734579409778788,1.021909119159829,0.8210711208872743,0.9594933148845697,0.9850834146977225,1.0160811861371617,0.855139922851287,1.0443980351408204,0.9826957732884904,1.0397866922223913,0.8066890250007823,0.8767200747429592,1.1811092753571133,1.1133966079628934
763,0.5489753239022028,0.5489753239022028,0.9783411892597583,0.6961597900165787,0.0450832564557643,0.6000000000000001,True,1.1852406775131918,0.9476755855610722,0.8128425284746535,0.8021582412977544,1.0915126002134548,1.0420415357671118,0.8598964843121819,1.1279886287609875,1.0940454323830084,1.036760325492176,1.1925370744914487,0.8145476851676096,1.1863291713390107,0.8862257550305815,0.9380545019848947,1.009363670954519
764,0.3822602714666467,0.3822602714666467,0.9486592598839276,0.6479254484955251,0.033927066993414676,0.45000000000000007,True,0.9909859012407146,0.8331870395106757,1.084611670910329,1.1335099796952066,1.1034894650206297,0.8728686201540463,0.934394371483213,0.98072931663746,1.0304523826070662,0.9155676906173711,0.9787971055970257,0.8677394037799064,1.0629231311815588,1.0122405059894426,0.8047031194672271,1.1269573698320363
765,0.4213191723749829,0.4213191723749829,0.9493971987114361,0.643560161284003,0.022032698067398823,0.5000000000000001,True,0.861698489702785,1.0203252719716631,1.1045809075929942,1.093197125846956,1.1458427251026733,0.8771592370465091,1.0931717431671264,1.191273046682503,0.8639131119615775,0.9501737592331102,0.8920586793467054,0.82314160818236,0.9083863065857299,1.1392101014843143,1.1478404651770002,1.0947019585038493
766,0.3520470815038333,0.3520470815038333,0.8928264851467825,0.7132158269601548,0.16421234816128655,0.45,True,0.8145925506963954,0.9953063657418807,0.9397507053229064,0.8258299618199038,0.9274581316724471,0.9180508929990073,0.8103969539703686,1.0735934779928333,0.9649918511361665,0.8001994761948241,1.190608958862316,0.9371125272529245,1.1168866037978527,0.9414554353601968,0.8026684520591872,1.129003253554379
767,0.4745355111451013,0.4745355111451013,0.9810833055455556,0.5585978297908823,0.0039510285907632245,0.55,True,1.097390432667784,1.010823427399707,1.1268506205142828,0.972385065812128,1.0014767304772894,1.1624500707601686,1.1601163357347624,0.9090624627601304,0.8334324224250198,0.9140173684771549,0.9298042264877359,0.9188985457495297,1.0015437190188674,1.0296779296825356,0.8312303978236543,1.0057372909842286
768,0.464795888598605,0.464795888598605,0.9604647145132705,0.7086268046233258,0.04942941069485561,0.5500000000000002,True,0.9754885503464499,0.9994665703488653,0.9193154264307292,1.0886859736357637,0.8982584546262168,1.151434641262587,0.9116844813668958,1.0044518898998427,1.0537568247613027,0.941131636955458,0.9012658111824272,1.0430218287093913,0.9030719639638292,1.072867976483531,1.1917027828194877,0.9857493705687255
769,0.45553819079246033,0.45553819079246033,0.973738593330947,0.6787994310811588,0.031762028017282826,0.5500000000000002,True,1.1176029328662962,0.894929530987085,1.0815795079899173,1.015273989154299,1.1629170595744467,1.0611917486811298,0.9366875700621005,0.8849652859005206,1.0827522607559927,1.0926958363578352,0.8237686046602138,1.0673487626014504,0.9959376645043043,0.8984899955338679,0.9191909272857606,0.8496435419266909
770,0.5642495161471681,0.5642495161471681,0.9823006205065282,0.5746692935540214,0.005808791825453392,0.6500000000000001,True,1.0704132589149444,1.1184461868459221,0.8842673834593349,1.158274195425362,0.8567096036440496,0.9982249545961339,1.0712162558540688,0.802743955434896,0.9129762824560513,1.1311992681016576,1.1262167641636796,1.0412488593207512,1.13887987456466,0.959904752863378,0.9418305848327936,1.1991784677228519
771,0.43526690563376014,0.43526690563376014,0.9818620793058014,0.7037518652737002,0.030349946205209137,0.5000000000000001,True,1.1822655012336751,0.9560133647716007,1.0741382949470903,1.167862939263863,1.1181729365309834,0.9036850793062372,0.9071716093891868,0.8107687653600184,1.1103025415002246,0.8984982092174696,1.0871780076987034,0.838272620179893,1.1766323589285939,1.053651506517054,0.9430192726510701,1.0940498484760037
772,0.38453662811931805,0.38453662811931805,0.9682657936076506,0.606433010763436,0.012331783321318611,0.4500000000000002,True,1.093064327405988,0.9164878524744764,1.154338770676991,0.945290622216243,0.9970323348264596,1.0454637068814872,0.9980035059623171,0.9251477328311793,0.9309246416068364,1.0902370350751416,0.9456808338115987,0.9779796844945328,0.8387744118831103,1.1202667131915904,0.8751564915891099,1.0252001176017547
773,0.5352128772481437,0.5352128772481437,0.9869969291198046,0.7037317219219356,0.016192785427406035,0.6000000000000001,True,1.133813456724441,1.1745831818523282,0.9021127090603117,1.1971463407192355,0.997793188938342,0.9490665607514324,0.9648976432031162,1.0836752712987103,1.1394147393382283,0.8658558646270449,0.816419788478195,0.8899651825185324,0.9491710776122757,1.0331178278111655,0.9520846661260615,1.0166433649943771
774,0.4567372659778187,0.4567372659778187,0.9646442062609433,0.7151562638817391,0.04181723987486967,0.5500000000000002,True,1.0129174570970885,1.0748340909481158,0.9219872259209023,0.9062117090005715,0.9416851719225106,0.9004285909502666,0.8921080810591544,1.1965704932184922,1.0069911759045564,1.156502547898098,0.9245445624246572,0.9506456548937156,1.1665386929570403,0.8660624643216371,1.1178699957075846,1.0115183035716528
775,0.3719858665087293,0.3719858665087293,0.9523786943713104,0.6140599527722728,0.014803562291121786,0.4500000000000002,True,1.01701567312763,0.8521526761427829,1.139225333703104,1.0150066485042823,0.9037505949794653,1.0277423824370227,1.0093461072250822,0.9095517822548604,1.1333822447035318,0.9639849048317459,1.0649717231477625,0.9319000837879974,1.017461241210747,0.9625537801923961,1.093272146945625,0.9647433510840758
776,0.3695303473001609,0.3695303473001609,0.9584893616728146,0.7451931567774803,0.06055407363880298,0.45,True,1.0629130490291878,0.9784279308486219,1.1165869126062167,0.9358650104068853,0.893991962710482,0.8870498217380584,0.8260031657687015,1.1774812131186594,1.0587641471338916,0.9535023444916733,1.0163387172317244,0.8392529217071271,1.043413651866192,1.0610323909164245,1.145436208126833,0.9608218873207397
777,0.3731813030585301,0.3731813030585301,0.9376438826404536,0.6833376708411002,0.033172243006188144,0.45000000000000007,True,0.8010311825838454,1.1939131955216884,1.1196704015892942,0.991889596452916,0.9780007214517588,0.8189978923102871,1.0546443790488473,0.8355866120835193,0.9329267645535219,0.8479606676527566,0.9809127567185623,1.1171320225196122,1.1836476650314207,1.0007420734814985,1.1106460338989819,1.1628933333264073
778,0.5196832781095093,0.5196832781095093,0.9709168331090247,0.46439665625133847,0.004085296413763797,0.6000000000000001,True,1.032924544966798,0.9212499646867799,0.84020112048708,1.1256911832951948,0.9223230227823463,0.964339303646701,1.109103425181486,0.9880503737480141,1.0278112643063957,0.9985760154146229,1.0796786800455016,0.8353088626608156,1.0298919533130337,1.1320395033949058,1.0345816986755316,1.02949467609723
779,0.4720288701080857,0.4720288701080857,0.972195003011958,0.6353737509074134,0.013199452237425325,0.5500000000000002,True,1.0416059893313294,0.9748560828790831,1.0203147754463213,1.0023194968174423,1.0016988146512995,1.028045516782607,1.045686397593939,0.91675817819586,1.0746456903074078,0.9802526500588751,0.8509812234477921,0.9477564963943867,1.1511770930124716,0.8332534050965054,1.1464565382388496,1.1327341443259569
780,0.41125667331787524,0.41125667331787524,0.9183755732763947,0.7037728860387512,0.11180104361130891,0.5,True,0.8118903575961844,1.1302863019856253,0.8521622560722879,0.8755926261513683,0.8752641019569438,1.0765827728684574,0.8642472434455876,0.9933677442691106,1.1752799879037363,1.08853687483919,0.8671419340053329,1.1512878365686454,1.1804892418803041,1.1796535325693758,0.9649056554508287,0.8926408118400602
781,0.49189752380943924,0.49189752380943924,0.949700568133955,0.48436037757614886,0.008765302248679128,0.5500000000000002,True,0.8682836087258117,0.9841721500434595,0.8904845983310262,0.9625771825763509,1.0793876577340626,1.076174854887236,1.1897942765522083,1.019371615901214,0.885217264864388,0.856136409071569,1.0440791219036871,1.1469608186501667,1.0114827668706972,0.8272475180262789,0.8913357258956334,1.108906150505213
782,0.4996679277971891,0.4996679277971891,0.9525540417735144,0.5675835858410518,0.013795574905738116,0.6000000000000001,True,0.8503585401545456,1.0787076078528641,0.9913418816604713,0.8273385014616281,1.1977884133802605,1.0658096051446875,1.195192354003171,1.1780869858950003,0.9189368753812831,0.9660558370373236,1.1898599652027113,1.1924099662756884,0.9874544632022002,1.0077834143175843,1.1287424812280362,1.1192288625186777
783,0.38855496240247556,0.38855496240247556,0.934363105862054,0.8383321380325273,0.7235586861727626,,True,0.8283058766825813,1.129968672401534,0.9816002344213881,0.906566753720236,1.1647485502252457,0.8396322500357025,0.8574619456705731,1.021752009660173,1.1217685180216268,0.8753682937885524,0.9566628473994735,1.0125512647343444,1.126975151296629,0.9784170492609692,1.1568724044667007,1.1246632557777836
784,0.4076707192551887,0.4076707192551887,0.947690237370793,0.732277202848387,0.08974275391969269,0.5,True,0.9229278621384089,1.0557708936985242,0.9674304291038138,1.040179745271864,0.9707822699787461,0.8465728354648743,0.8565738586143411,0.8477618600324602,0.8111306700265476,0.850981855642941,1.118585475578643,0.9623824412259724,0.9646693442819391,1.1334180907487292,1.0006600677643156,0.8893706895571352
785,0.37683384381221446,0.37683384381221446,0.929616144871702,0.5322745967224617,0.011079663363701552,0.45000000000000007,True,0.8152519351526412,1.1607999288570032,1.0101185775689945,0.9251943931084983,0.8531642582299273,0.8044858136566333,1.1097826414148306,1.1896852960495394,1.1917719432196898,1.0134167182757738,1.1124859734540826,0.809223144587033,0.9747488365898,1.118290680284554,0.9003096062122407,1.1168482249342084
786,0.4543282207199938,0.4543282207199938,0.9583718574741058,0.7212578932535272,0.03533126071346378,0.5500000000000002,True,0.9163312591634165,1.1385117418085535,1.0082115206268427,0.9467114317660659,0.8853428784919086,1.0065975987666471,0.980703956937092,1.086413521372755,0.8378598488318618,0.8455702181188398,0.9725727336489701,1.116665217844211,1.1017667508475868,0.8679457078429373,1.046050284731035,1.0555088717877028
787,0.4327749788944783,0.4327749788944783,0.9283939808109967,0.5883578176147493,0.028316280448978062,0.5000000000000001,True,0.862890036949773,0.8874346222626985,0.8291650368527245,1.1792929906543743,0.9162289394687562,0.8931171057089577,0.9708835523586349,0.9293791173841807,1.0923042881122602,0.8588797283564779,1.023999879660911,1.0339727556697265,0.8810777094842565,1.114300418403866,1.1371786887319142,1.0331506378255666
788,0.3466567534797477,0.3466567534797477,0.934704823723771,0.7219267843707068,0.12266659890250224,0.45,True,0.878854847388123,1.0487709625983979,1.1563024290460617,1.016618687830561,1.1094152369834047,0.8581698818661049,0.8601500574346563,0.8670198752694906,1.0903974912130223,1.1440677583128769,0.8313211587199945,1.081400409692069,0.9213999471360759,0.9622164156730816,1.0637215816748702,0.9929060337907641
789,0.37611256617897343,0.37611256617897343,0.9486031442052868,0.6708383663003228,0.02552665328205593,0.45000000000000007,True,0.9122786618356754,1.0682161332247477,1.1387479849787474,0.9036055669067214,0.8578153845727676,1.1416694076037,1.0113929263053496,1.0883203893882176,1.0691049410461817,0.8157606127307666,0.8683515217557238,1.1507460555545952,1.068919717969436,0.989857853956543,0.8192705455073159,0.992572254147542
790,0.34227167180199086,0.34227167180199086,0.9530930553176085,0.7294627196583099,0.06486032913418323,0.4000000000000001,True,1.0059363485326915,0.9715062230431607,1.1835339354925247,0.9023665982518064,0.9253019518893093,1.0758667355858693,0.8648433724565833,1.1281256172090885,0.8819609653439815,1.1464952619326279,0.8194018780729664,1.0611818326940528,0.9332783623270211,1.1699551098380851,1.0960007013491917,0.9323738210070138
791,0.40724404843079814,0.40724404843079814,0.9795272227882886,0.8653254165570138,0.9236245890893836,,True,1.1409831245397912,1.0914966764583613,1.047561158491638,1.0952690921623094,1.0552216681671271,0.9985983262948148,0.8016470658513597,1.123065400977616,1.0604650868779244,1.1070434705871182,1.1213465600076191,0.8111141540052595,1.094187628243696,0.8418838371300371,0.9213665639216184,1.1413412282045836
792,0.46527232005022057,0.46527232005022057,0.9661479575151922,0.5882936040178471,0.013991896905016545,0.5500000000000002,True,0.9776714422541882,0.9757257064801925,1.0158250415448602,1.121389976735761,1.1825603528583757,0.815333389227402,1.0686198235428763,0.819555030524893,0.9806279401484345,1.1143579644014667,0.9804047613917045,0.889146443055516,0.888325771851492,0.8510671539998438,1.0536922702183589,0.9370389209863406
793,0.4744288345127816,0.4744288345127816,0.9525140922165949,0.5504830827763831,0.01816041178031532,0.55,True,0.8466611264173011,1.0506082859392285,0.9089048371810577,1.1954443766374077,1.1072543290696881,1.0137689564541184,1.1065952155858054,0.9113129211042994,1.021675643164408,1.0073487459607415,1.1045703173263597,1.1084334212548543,0.953470368848649,0.9306103551242417,0.8503607823148647,1.0180851341433397
794,0.37625022754093795,0.37625022754093795,0.8954249436222442,0.6196366364760286,0.05611227639824101,0.4500000000000002,True,0.8264444816836736,0.8074990548792854,0.9943622969997808,0.9564433766841625,0.9989221430108348,1.1072955906550441,0.9546527300479202,0.862994889122029,0.8252387035980898,1.1924056785086834,1.1607390642619932,0.9814597421555911,1.111806305778994,0.8201718932081019,1.0958945176426171,0.8767588641856763
795,0.4120233570535554,0.4120233570535554,0.9486655730457763,0.6533263187148569,0.03188515970344943,0.5000000000000001,True,0.9019814394947029,0.9866714864568116,1.0672048212037402,1.1077539631092326,0.9739687106605323,1.191850638392169,1.0037387241206477,1.0394508038578796,0.9754836001946092,1.0780773680487195,0.8217096095646409,0.9231360825863874,1.1970597433743877,0.8130857200916366,0.8355632684755949,1.1460894058391182
796,0.4401684207886564,0.4401684207886564,0.9516337524779128,0.5010561719697408,0.007827821729494772,0.5000000000000001,True,0.9383127141572013,0.8482039664527534,1.0016394488152374,0.9978647543762682,1.041205822268366,1.1775362216664322,1.1639517608167145,0.9790839326816613,0.9905429715970318,0.9183881545180353,1.066604369510598,0.925770170559984,1.1938424849129972,0.8097328721202527,0.830516697646249,0.8729615439422058
797,0.3610018967987685,0.3610018967987685,0.9144166482503588,0.7029433366750539,0.10250249191797227,0.45000000000000007,True,0.8359553875317871,0.8918675284922457,1.1000784466642337,1.1121564773554584,1.0370153782416873,1.098718370947203,0.9052913229296035,0.8977955682441036,0.8711541683069476,1.1722687063169754,0.9631216376910602,1.1073820913835093,1.1529633567920303,0.9495704275598466,1.1583399972161255,0.9180472507440599
798,0.6169451625494425,0.6169451625494425,0.9776671680269146,0.4804581557504016,0.003947005914994061,0.7000000000000001,True,0.9569218937232531,1.1545432469480499,0.8135453213194229,1.194152036526303,1.0166899132890446,0.9465927791125969,1.1921095909350163,1.082539605949077,0.9717483771625786,0.96914311972926,1.0460451552642902,1.049711892171546,0.8680440946450286,1.1197886038433666,1.0120427080471142,0.893811060313606
799,0.3904638577050483,0.3904638577050483,0.934182266180609,0.6408204054785458,0.03543382471716969,0.5000000000000001,True,0.8572066107707639,1.032518933574325,1.0618480408899231,0.9998459994389344,1.0436723646707844,0.9399207273361818,0.9944099925205725,1.0343311778487798,1.1162828501128566,1.0220170901902097,0.982906169324961,0.8510133631499307,0.8361892571031876,0.8594289043549845,1.025207501237048,0.8566848013756367
800,0.35570044832870984,0.35570044832870984,0.9544368804677514,0.8921342546312853,0.8973699419100611,,True,0.9081207493419439,1.1609048888619666,1.0448053116764862,0.8379634349101678,0.9370901046864689,1.186741859959553,0.8241589012173501,0.8635454380761245,0.8220908729829897,0.8396463177794876,1.0709363966199867,0.8618125707629887,0.956460005887609,0.9297338163122656,1.1841042429514417,1.1383338936797673
801,0.5531127333638146,0.5531127333638146,0.9809626281671221,0.868078542633979,0.8553150433127475,,True,1.1240961530360867,1.054943130146762,0.8476993898197588,0.811010251280362,1.123562883740936,1.0620458681873945,0.8723104083960779,0.8743377565953633,0.9687938938532693,0.9346714800059837,0.9180468225340674,0.9241124589649424,1.0752355292836966,0.8560901306026051,1.189474732628156,1.0660431652425197
802,0.3995739911528682,0.3995739911528682,0.956291925750494,0.5714423399670725,0.01305653936438525,0.45000000000000007,True,0.9856796811054027,0.940336758117835,1.0012047654388256,0.9927046593544621,0.9876330874598473,0.8481969093103464,1.0237979121379963,0.807284953250604,0.8983844217260426,1.038974526157316,0.9272509288975387,1.0565925438825121,0.921728210546359,1.0229818855378994,0.9332441953269517,1.0605857040231141
803,0.28042594020456363,0.28042594020456363,0.8850223103644953,0.6909606522459973,0.10504473644349957,0.3500000000000001,True,0.8430621500304666,0.900243731255023,1.1659872130077913,1.1343356472193893,0.8008312017298835,1.0902949490564537,0.8127435298501071,0.899491944237594,0.8926377459835634,1.1261832323145236,0.8659309141737864,1.1307765924423085,1.1867039789240204,0.9711439880998002,0.8113885390393982,0.9336112273011181
804,0.47683160676872777,0.47683160676872777,0.9830086666710742,0.6920985227834969,0.02119152652305211,0.5500000000000002,True,1.1745322440949915,1.0313958656866462,1.0682546269499331,0.9656968601390334,1.0256111261710115,1.1506225110120492,0.9424101433093401,0.9956829244883392,1.1536507283005997,0.9224339967799248,0.8248031074833176,0.8246462422441,0.940460697455657,0.9933646837459863,0.8885973383816239,0.8280320740433142
805,0.5273227839116089,0.5273227839116089,0.9832967970867857,0.6740595774999354,0.018680629689113114,0.6000000000000001,True,1.0143220935101642,1.1854550056198387,1.0490477951943942,1.1817023735318735,1.1697832884785828,1.1570134372633087,1.0796172116208758,0.8124465121859571,1.0139644154301959,1.0606577598757692,0.9674247570110048,0.8307496507629386,1.0947669327937848,1.0901772243095849,0.9607344148816275,1.1939295084784436
806,0.4701464009754059,0.4701464009754059,0.9582440723082776,0.5845588204270731,0.01670260724675416,0.5500000000000002,True,0.9158229257591005,1.103186115236854,0.879823191934712,1.0920845768428538,0.863637399553074,1.1230849070582316,1.0275673257165487,0.9594375927464752,1.0173598920145492,1.1340590369990533,1.0034909597746173,1.030736068476694,0.82454847031682,0.8555759910134582,0.9365240973172181,0.92540516608548
807,0.38985669171968296,0.38985669171968296,0.96491101254612,0.809972906243941,0.7014240126813565,,True,1.0244973538450057,1.003997408645513,1.1421995969460716,1.1223911920890426,1.1778822390631074,0.9658750379997479,0.8320546473539886,1.0889134028899634,1.1279849582658932,1.0087520669383494,1.1584382284431551,0.9522190094573948,0.9322478632100251,0.8354623473370315,0.9877098823996797,0.8104977241077156
808,0.4509038804317019,0.4509038804317019,0.9110518961332281,0.6839371488518742,0.1574282587296407,0.5500000000000002,True,0.8406325959124421,0.8774345917161955,0.8470392146943574,0.8619600021646323,1.1805766629587593,1.1497663478238245,0.8622540284881769,1.0894179018098837,1.0357695941537717,1.0822073431857766,0.957690717351181,0.868833059167645,0.8516182730307101,1.0810324883847138,1.1035498119373222,0.8286836733644402
809,0.5549072034509732,0.5549072034509732,0.9644536198227232,0.499518092905084,0.007145410995067419,0.65,True,0.9270029634953846,1.0480494136622536,0.8925566286886,0.9018797388504884,1.1431588235813068,1.179769040202503,1.197652214894138,1.109935311645949,1.0259153706940656,0.946310875605751,0.9883074902538713,0.875603520329645,1.1920332747728697,0.9430189036385783,0.8904834028682244,0.9049627855254007
810,0.32971188305245336,0.32971188305245336,0.930509594655905,0.7143548615820964,0.07838558710305457,0.4000000000000001,True,0.9650717078188056,0.930498766998362,1.0728115662506297,0.8513154535045019,0.8244083400416602,0.9513553687644157,0.8110674036842409,1.0071747169608685,0.8070478338185325,0.9163848534935157,1.1661441309371634,0.8177977388174794,0.835332296708681,1.1949039718966845,1.079965381335481,1.1477318337882076
811,0.5219901305274988,0.5219901305274988,0.9700481458248004,0.5433800378516737,0.0073582994203030445,0.6000000000000001,True,1.0850700698115259,0.9086486177339844,0.8062735305604044,1.0110343923660126,0.8218662442217866,1.0814267016158143,1.0088475736660585,1.1564313920915104,1.1637929857694622,0.838613345670244,1.0516913068160578,1.0321880508844126,0.9173956025863514,0.9041632347443616,1.0046473428358083,1.1638416150418667
812,0.28989278513102995,0.28989278513102995,0.8631497689759492,0.669448338551339,0.11168214694879959,0.4000000000000001,True,0.8214705877407665,0.8084074658276557,1.1334362094830903,1.1507356199628012,0.8265357924485276,1.1440603324698302,0.8082708292781979,0.9338136855378669,1.1856599343600138,1.146300489583581,0.8992849831874697,0.8589370659223874,1.1276031135850444,0.979551222603465,0.8920333747040494,0.981734130900567
813,0.35328204052134826,0.35328204052134826,0.9008774502708191,0.6281873801603735,0.053382535193370086,0.40000000000000013,True,0.8643150709988694,0.8099712942231315,1.0811605270670308,0.8696855957364835,1.0069117486607622,1.0786839429091084,0.9304237852625545,0.9895988953442978,0.8411549561508627,1.1998641310926146,1.1286254035902241,0.9534069687117835,1.0300465679821245,1.1750292694185795,1.0246567948468512,0.8318430876951209
814,0.38924468217737246,0.38924468217737246,0.9709364297462657,0.71647246204955,0.04942801712518718,0.45000000000000007,True,1.1974097153340209,0.8280936612160927,1.1031983648266175,0.8387986999697604,0.9400617963360176,1.1912669319274185,0.8472595627870958,0.9500738154203527,1.0778280587818534,0.8732886339920771,1.115163140599966,1.0964312612598446,1.0411761855056596,0.8156686992926051,0.9963661958587537,1.1340655994545081
815,0.4483784167875564,0.4483784167875564,0.9791579622848974,0.5230545194608236,0.001954731387240071,0.5,True,1.1634251448642396,0.8594496342452255,1.0803889244087388,1.117700527713657,0.8846474674676184,0.9126468626413253,1.1450127538836528,0.9809530728156324,1.0499127525335252,1.086688298641369,1.0122481097970255,0.9696964841626527,1.0256237912525976,0.8790086138717057,1.1690441719081877,0.9795027117173772
816,0.3574095234070051,0.3574095234070051,0.9395838610589313,0.6920712516236909,0.0478784229488168,0.45000000000000007,True,0.9509783499843865,0.9598488518256549,1.1736729502508787,0.837143268701738,1.0060225978684811,0.9645026520505346,0.9124766677856901,1.1259540428501338,1.029069419344949,1.0293565604993224,0.9045764295715489,1.0533328718994706,0.8606493106985027,1.050459176425037,0.9895908125540924,0.8634708899351472
817,0.4566330518142736,0.4566330518142736,0.9535485668395832,0.734192456539097,0.15389634769433938,0.55,True,0.9874625058821395,0.8423694086747897,0.9029785515803225,1.1990437792189017,1.130642996585403,1.1189527031794415,0.8311162211557507,1.0803491156358345,1.0973819581253492,0.89064994646571,0.9434246185210928,0.8822226734473962,0.938645256202413,1.157118296499823,1.1490981488564802,1.0367654409546978
818,0.34636220207800156,0.34636220207800156,0.8858776793775698,0.6893925313819773,0.17009617636349061,0.4000000000000001,True,0.8238035595296453,0.8248033476213618,0.9898033350462845,1.1067225359165778,1.104487870432372,0.8913126839369946,0.8078002592331956,0.9673709502520876,0.8294623534528426,1.119812731479823,1.0008044478546072,1.0226340713981847,0.8889651800184264,0.9114061513706112,0.9029033355155007,1.0626815627518307
819,0.42807329984051706,0.42807329984051706,0.9705989032715282,0.649193935103038,0.022466718020064554,0.5000000000000001,True,1.0627734557457433,0.9153645173082867,1.0652722442396287,1.198160468854193,1.1434324029969658,0.86565668609653,0.966428767192399,0.8323483333807657,0.8804709386260859,1.1789575456934303,0.8034868438716246,1.0297158366148587,0.8260549751445432,0.956901736776089,0.9888482587681179,0.9799035551068378
820,0.4206817188579084,0.4206817188579084,0.963238740389096,0.5564264978424557,0.004838049605838517,0.5,True,1.0235433821951836,0.8567928880475821,1.1857603178298401,0.8732104250242445,1.038566716554064,1.0963437197931878,1.1961710505837742,1.1222927358261203,0.9830857170945366,0.896001118040323,0.993318080304965,1.0172554523100077,1.0709076552550436,0.8228814532090762,1.0900004895190287,1.0202318833772268
821,0.31563227960123913,0.31563227960123913,0.867857329352154,0.6783307479809494,0.09611281731291549,0.4000000000000001,True,0.8114326050101206,0.8782650813914175,1.0647977113567866,0.936586130259864,0.9571743834665719,0.8219784680182194,0.8410679405348825,1.135256893013887,1.0848897156347244,0.8358974375065872,1.171151184193392,1.100489955004826,0.8986009211822331,1.0393618938269293,0.8858133371768322,0.8171771227139818
822,0.5167772228248892,0.5167772228248892,0.9742569925287872,0.5402929001908963,0.006857210991960087,0.6000000000000001,True,1.0965468980537958,0.9413226397452605,0.9026811552565241,0.9377528074022489,1.0692618074647895,0.8557032381179863,1.0475363702642848,1.0052194186632941,0.869555398378023,1.175518724977684,1.1181265673175484,1.1225717841983172,1.0096992794568627,1.0272168348113306,0.8672194242151334,0.8094526310250566
823,0.5205804288517603,0.5205804288517603,0.972372818396432,0.7109714286670594,0.06064933472295352,0.6000000000000001,True,1.0110399872375555,1.1241853368104646,0.9186337455274587,0.815670016247117,1.1040026682586734,1.1811648508282204,0.9260893688258086,1.1496224004761246,1.0905483499391448,1.1183877696145386,0.9983354920163723,1.125945507058125,1.1497353507795256,0.937706034459339,0.91118087754881,1.0455266415409719
824,0.6204452862868668,0.6204452862868668,0.9901566608850325,0.6372074025323775,0.004255555890232416,0.7000000000000001,True,1.1842448046448277,1.1685756535171132,0.9307493911939484,1.0972349039670277,1.012076494265222,0.8547342886671704,1.078875992966871,1.0775501492587871,1.1678464410258262,0.9509796462980566,1.1588674042308242,1.1607661947448007,0.9364787051429388,0.8929233429477433,1.0865034189767588,0.9461548455786255
825,0.39002563883887204,0.39002563883887204,0.8981808848086889,0.7271954186274457,0.30342127748957,0.5,True,0.8003333328905341,0.9645844645231192,0.9211108527348895,0.821137610958112,1.1836151454602895,0.902832652942307,0.8222403688114518,1.1202220927597613,0.9356182156529743,0.982335619122228,1.0473644046659791,1.0406385726987775,1.0379207794597722,0.8046985712370417,0.8692560019089902,0.9427952141193078
826,0.573748293165222,0.573748293165222,0.9701980293688437,0.5547577912517487,0.010915558751843336,0.6500000000000001,True,0.8981002885658309,1.104797129367641,0.8241804692630734,1.188020808695315,1.0433682608302552,1.139301190445321,1.1508870231675032,1.0080063883505783,0.8534703944777119,1.075297402334428,0.9095732672189513,0.822788299492257,0.9935882456354392,1.1138862410086094,1.1612889802132562,0.8141745819009525
827,0.39292813524966047,0.39292813524966047,0.933356497853343,0.6881292392702868,0.06941144965622564,0.5000000000000001,True,0.9138484704974058,0.8749717283164378,0.954133395397053,1.1830816715264802,0.9499707737350356,0.9471816936264245,0.870710382124967,0.855360540668439,0.847961352904648,0.9943391580711429,1.0874042601096547,0.8365891522929831,1.1719409106152254,1.1155207941489373,1.050887922257827,0.803858167871299
828,0.37759932366569765,0.37759932366569765,0.9385436753445978,0.5260081535177357,0.009009561567137642,0.45000000000000007,True,0.9678396612657979,0.8473101397394748,0.9907582681808441,1.0136793707585388,0.838174647473848,0.8712033827904564,1.0350906838429588,0.9731065068714994,1.1490162276221665,0.9004639651217876,0.8447077924592316,0.8901816678756208,1.0028857918767153,0.9642283651003227,0.9112889880973568,1.0532657023098637
829,0.39169621565803037,0.39169621565803037,0.9141935282201215,0.675887986374564,0.07083136740339756,0.45000000000000007,True,0.8246908537375086,0.9980088193523666,0.9535190003824091,0.8200937694227989,0.9387703403792087,1.1323214345367933,0.9275781450543139,1.0142674692773634,0.8001624715298306,1.180092287308558,0.8636692253964202,1.1327009440546776,1.121109972968193,1.163758016559434,1.0968194899557828,0.9410956359517574
830,0.42608667966200814,0.42608667966200814,0.9614483884947013,0.6757973881155472,0.04175952507286874,0.5000000000000001,True,0.9940330770858636,0.9261023148941617,1.049660790176991,1.1428683668220498,1.0483820572949532,1.1216162305432618,0.9435618999656441,0.9772803879240407,0.8997257620076917,0.8760480145781862,1.1944064913542345,1.045511752972941,0.9467401701361009,0.9443401688147977,0.8238148718767984,1.1360995037234387
831,0.5170868905641832,0.5170868905641832,0.9692251491288706,0.650262607875894,0.020523617799628708,0.6000000000000001,True,0.9783084000227952,1.1290965950009555,0.932439577886182,0.8133103519398337,0.9949668412803353,1.0980918048366273,1.0288247384193403,0.8236707470591064,0.8358591507808422,0.9281092696842996,0.9051172544675465,1.1241747740895667,0.8054142703108491,0.9264139099620785,0.9723134403165317,0.8755044044081388
832,0.3361198652162118,0.3361198652162118,0.9168222553074593,0.6497377484242964,0.03639565897049339,0.40000000000000013,True,0.8902059511614993,0.8241137208409579,1.156627627099856,1.1015859040690017,0.8539426834777113,1.061967577197683,0.9535054674068999,0.9611000734091951,0.8494369955468767,0.9169639520553408,1.098585778854284,0.9712096761017845,1.145005139203481,1.0169468867232088,0.9539817873587727,0.8664962382880628
833,0.5269028480231877,0.5269028480231877,0.9846885326202198,0.56539413582775,0.003700378930969243,0.6000000000000001,True,1.1569274830606184,0.9345453229819388,1.0193509412468154,1.1381089991226512,1.0222488898613291,1.1026922378740531,1.13387906870259,0.9756806561017206,1.0955821914681443,0.9557352909019021,1.1017784707257154,0.9498101072603792,1.0134744853775999,0.9407934119199894,1.13826957294198,0.8718896074680087
834,0.3208417845569342,0.3208417845569342,0.9398918483395939,0.7026302400749068,0.05095720319300917,0.4000000000000001,True,1.0415944234688033,0.8601474399686514,1.163303811258208,0.9456690242770183,0.8722035308837524,0.8225863635896925,0.8192347607434456,0.9149407950445829,0.8750592143755268,0.8537094728067676,1.092335090885901,1.0286324537160878,0.8216261063816354,0.8250625655989441,0.8932794662736631,0.9509369635541215
835,0.48611936933441363,0.48611936933441363,0.9885130285641835,0.6709025710713599,0.006567461390405839,0.55,True,1.1414976251105877,1.1644771841751016,1.1312877897066071,1.1314829868923724,0.8849587079052644,1.197551964147183,1.0901593070315287,1.0179605994477892,0.9864075120902216,0.9759350805520202,1.1741482318664744,0.8030082330699546,1.0468979613715732,0.8137889924603657,1.0611748640165617,0.9293315705832341
836,0.4851228060470275,0.4851228060470275,0.9830922929937853,0.5496179214943655,0.00220572243200717,0.55,True,1.0993150203123743,1.0834928390087712,1.0353811371260973,1.0398548791684061,0.8972312223322592,0.9304536029664117,1.1810973576496215,1.1582513775696868,1.0341098873986745,0.8199028362764603,1.0156143008491771,1.0247251284697694,0.8872290293140495,0.8515223987796378,0.9847761446066283,1.004682291241364
837,0.5119146225801778,0.5119146225801778,0.9658127419615546,0.6441866457638368,0.020961132451703144,0.6000000000000001,True,0.9493556845677362,1.0975815682662295,0.8442803523567565,1.1919088973028402,0.8447633520216884,1.1011991031684585,0.9854718383135097,1.0610618544747397,0.8559164800295179,1.0750735222736325,0.9499281838397101,1.1268835220323368,1.1636888427498897,0.9636185671282079,0.8274493749721422,1.0968416363511633
838,0.385002388269856,0.385002388269856,0.9699922658246063,0.8459332489113371,0.8262827453398758,,True,1.1084304468329778,0.9665724403448306,1.1684238663329185,0.913149955197761,1.1816270194122291,0.9698724628200115,0.8067667158613436,0.9015943577426431,1.0950200939905876,0.8862930510083494,0.8648408239385438,0.8942557625461187,0.8608117496410255,1.073424514956888,0.8982440862115217,1.009891895842479
839,0.4341893935697795,0.4341893935697795,0.9607113967110528,0.5625491500911933,0.008375208147741516,0.5000000000000001,True,0.9442237945533453,1.047582019944667,0.9919297921830815,1.0351583227650458,0.9339552771443325,0.8305580354887839,1.0979847718742266,1.0210066229610955,0.9040420843980249,0.9581921911158093,0.8814857313728408,1.179972793982009,0.8988427279033417,0.9397376546313397,0.8729114524896449,1.1137681338546737
840,0.47224552428558514,0.47224552428558514,0.9651692345952559,0.5969412482655072,0.014655400107097328,0.5500000000000002,True,0.9106415105951279,1.1063279542201352,1.0406148284789853,1.0453588015255748,1.1224589743306077,1.0945868815916384,1.1320031342903862,0.9518556121597004,1.1416065888668765,1.1169411221826155,1.10524830604885,0.9461837203735461,1.058571457509991,1.0001133929548363,1.0659295923660703,0.8388658266226529
841,0.5496412246339271,0.5496412246339271,0.9643365567728791,0.49835171367477904,0.008345071067691515,0.65,True,0.934388374617658,1.0877734469814644,0.8284969488691287,0.8655729082202214,1.0932891206226336,0.992897775151946,1.13578226066233,0.9471420416107519,0.8759231596049175,0.9855231747626341,1.0298088242541303,1.012349073434831,0.8780557844409876,0.9456043071232048,1.0008479404932562,1.0191083535970893
842,0.5186903628429943,0.5186903628429943,0.9658902384969597,0.568109076005364,0.008869831450664336,0.6000000000000001,True,0.9175195737120866,1.188272925568154,0.8494047031496642,1.0289309989745594,0.8333969203595106,0.8885140459336314,1.1008839549631264,0.9649918292771911,1.040481293074588,0.857639885600974,1.1409108883190184,1.1849844132956067,1.009266140682379,0.8387574448519017,0.9671130744594421,0.9002175216238975
843,0.5213134503402649,0.5213134503402649,0.9833931111327517,0.7038327111937487,0.018882578829797488,0.6000000000000001,True,1.147744744198529,1.0610843044292744,1.0544575696275622,0.81278137182145,1.1987073165121398,0.8841844128881635,0.9960832173579298,0.805818102561209,0.9545025865462871,0.8007597574398827,0.9648454307489421,1.07919107641478,0.8100106047727605,0.9515066643472931,1.0768774576719036,1.184616805665664
844,0.5183172055598494,0.5183172055598494,0.9670858651955484,0.38523697469373924,0.00212206570956698,0.6000000000000001,True,1.0097417102253738,1.0425638874426877,0.8219641072212168,0.9078339646043617,0.8822329123642971,1.0070986767360726,1.171003436873343,1.0574918914430798,1.1592742444828033,1.0699826255881277,0.9342131848769922,1.0600268111281377,1.0330216290626215,0.9004214425575138,0.845725539446631,1.1861390202358355
845,0.5292601231272183,0.5292601231272183,0.986207164501352,0.5691220804872203,0.0019309802374255646,0.6000000000000001,True,1.1826935871418345,1.1012828002735522,1.014106161594038,0.834371398505579,0.8179935470061888,1.0663158386792368,1.1483877898853294,1.0462843471152143,0.8467573080603117,1.0463933884629046,0.9295214661206017,0.8060428748496989,0.9282867029895003,0.8506097342918207,1.172898260346298,1.1406118169003727
846,0.47547338893411006,0.47547338893411006,0.9814906089770765,0.7356118950941073,0.05999658571936897,0.55,True,1.128517566106391,1.0962752199150538,1.052520558291667,0.920055358564595,1.0210017795827646,1.1406610500344136,0.8943489541594326,1.1161415769031524,1.092954019268799,1.1401856358421665,1.1995597045429232,1.0356570671170573,1.0785246589123898,1.002419601663933,1.1767735548941662,0.9661072302872432
847,0.3846474965180354,0.3846474965180354,0.9350183435198216,0.6338477319055454,0.03916410077690904,0.5000000000000001,True,0.9007397891626931,0.8384279419392936,1.0983334341722801,1.1407557523571792,1.0213020457799002,1.1215301412495329,0.9792906007379973,0.8032319699080209,1.0229489650115002,0.8441020141890271,1.0577059877913415,0.9828637613790386,0.8977568608390454,1.1026574046153745,0.9904766640341379,1.185559742038862
848,0.3640468750438958,0.3640468750438958,0.9317369036307902,0.6069146018048158,0.02252589963064622,0.4500000000000002,True,0.8809246549725647,0.8560246255422683,1.1272822177116608,1.1985166409395196,1.0398198356667703,0.8692648601872488,1.0387693057618232,0.9489932363115413,1.196503050261198,0.8847533987905338,1.081012117192565,0.8278459560047099,1.1844727452754336,1.082037849977592,0.953219342673438,0.8220204705535376
849,0.3374395333211988,0.3374395333211988,0.9464545944478399,0.685449309997522,0.0317365103919577,0.4,True,0.9332474097861008,1.0808947876174777,1.1339142456577282,0.801952494442882,0.8121028682452275,1.013019297085808,0.9468971751464802,0.9213945422808315,0.8811081275988251,1.0338395419698145,0.9513523268996357,1.1834233588461964,1.0448690409651753,1.1903386986342521,1.0425485021781227,0.8921417115118669
850,0.43462377406263464,0.43462377406263464,0.9702369046105566,0.5887087911777005,0.011569161171997315,0.5000000000000001,True,1.0927504604303053,0.9783249152855777,0.9018460570060858,1.115500918137396,0.8190738502548307,1.0244349651182023,0.9406949760526174,1.0901696535712537,1.1656385642300444,1.0833284781746138,1.097291262428819,1.119338670439734,0.8188900959181914,1.015897979716912,0.834451976967545,0.9631035965732645
851,0.5726124530424599,0.5726124530424599,0.9754521798576515,0.6543264650971734,0.018547325039437762,0.65,True,1.0218401238834265,1.1271641401647061,0.8269314671955892,0.8789850488148041,1.1205237570001017,0.8441597251459766,1.0078853665295604,1.1489856413027635,0.9770279184008195,0.9417611034746971,1.194158010638643,1.0310665757188229,0.8581953227184962,0.8451332956521945,1.084181981423779,0.9312440723361581
852,0.4842771278888762,0.4842771278888762,0.9807331652909389,0.5920161597342175,0.005445929736316175,0.5500000000000002,True,1.0447036292812517,1.0629237455236002,1.1055784181313468,1.151973591753244,1.0975348174666406,0.945506367834944,1.1583685881719075,0.9928422201958529,0.8433715420715409,0.9578664781723107,1.1190625561895562,0.8593723628223492,0.8589476736454423,1.0382363262259537,0.9692077748728996,1.065652422966393
853,0.6782581197204132,0.6782581197204132,0.990264260375023,0.5721262347943136,0.004506578331023509,0.7500000000000001,True,1.120887917247627,1.1518039331630683,0.832721958481169,1.1859692126390948,1.1569308688558138,0.9210541613752465,1.1275183630819885,0.9147435819903994,0.8152011605656765,0.8901595678456183,1.1910501716402369,0.9501877365188606,0.9499911226437575,1.1983364527532654,0.8938084404155533,1.0504481392635996
854,0.5349710471832454,0.5349710471832454,0.9533005856242973,0.5263781383849983,0.012585954701055366,0.6500000000000001,True,0.8285508789703115,1.1956960504608716,0.8743186250428819,0.8331229551184948,1.1338876252337646,1.0038531877425432,1.1805896226041022,0.9906722931065852,0.9161599929311471,1.0974709296936926,1.068355804977405,0.9225517371680942,1.1070776157607987,1.173097008291455,1.0559544044907299,1.131607110563455
855,0.40073651112401293,0.40073651112401293,0.9313607831082066,0.5276972487985717,0.01099850935514516,0.45000000000000007,True,0.8826641563290285,0.8208511709047012,0.949319966290743,1.152288004271393,0.8057249007919834,1.0074853177920657,1.0944349649461445,0.8805514601853297,0.9029406185828073,0.8979064584924129,1.1755001831443568,0.9519608402346569,1.1786843587446927,0.8010922910337118,1.013194649729932,0.9401790400422568
856,0.4761123984897712,0.4761123984897712,0.9738179633089319,0.5911750677781944,0.0057952958020436734,0.55,True,1.030397774036404,1.045606039288348,1.0030673217482966,1.0054053398586937,0.9390637040690397,0.8429484549861571,1.105126020894811,1.1545932026487353,0.9001121610447913,1.028979893655781,0.8372764386800259,0.9435785642758853,0.9981393103528258,1.067819421799731,1.146926197606604,1.0669264229327111
857,0.3966670902080461,0.3966670902080461,0.9729392244324668,0.6065769911076212,0.006132923589990787,0.45000000000000007,True,1.0834110673863477,0.9488813596933205,1.1822506155139312,0.8880607073683761,0.9860061757135129,0.9844366636177814,1.1118481941134006,1.0513418200911435,1.0235458673525961,0.9725122285944454,1.1654266187421431,1.156713866934422,1.1349475406415546,1.1357755982217794,1.1782885194725947,0.9668556441329046
858,0.4918396234706975,0.4918396234706975,0.9748020318361581,0.6806280500766245,0.04333928712053732,0.5500000000000002,True,1.074735144678554,1.0382794734478613,0.8804117403108247,1.0694009829308306,1.019432067087457,1.1787341653300274,0.8900304346967978,1.1686769364308551,1.1358520995465964,1.1349818236231992,1.1455593919203113,0.9746057792679866,0.8856641964903061,1.1305991145195384,0.9481834519279649,0.9701501062381909
859,0.4537996434922402,0.4537996434922402,0.9608035940493509,0.5395297881016957,0.008765049397119536,0.55,True,0.9904726724919386,0.94642928903069,0.9706710477975456,1.0616063140356773,0.8965191162323817,1.1347117888342388,1.0705806984645383,0.9301743888427348,1.1576142392731505,1.148480134029482,0.8874696964683333,1.0944918369513283,1.1755554881323553,0.8254322660726279,0.8242112679796529,0.8724932768343895
860,0.4946832680909293,0.4946832680909293,0.9632584338485705,0.6478319138829952,0.0323098644972559,0.55,True,1.007808465883377,0.9566875801220814,0.9232289184525846,0.8281182173892562,1.0742354679268573,1.1593746010896573,0.9747266030831289,0.8516738980535363,0.9070974014011658,0.9529905992326213,1.0911943763965044,0.9133781990290097,0.8270176953431223,0.833620197384959,1.1029282157854416,1.1947098638573777
861,0.4842730904038179,0.4842730904038179,0.9872158110616311,0.6997176117084658,0.013305426253478421,0.5500000000000002,True,1.1019359347737754,1.146627929299319,1.1606680074273121,1.193300242396068,1.0861052237941655,1.1277814726844473,1.069356042120263,1.0204493304385136,0.9513589942046478,1.0855132641927823,1.0689167209642245,0.8405793649703313,1.1182349692631535,1.063029809879509,1.0835103341626409,0.9271003067072245
862,0.4548081271086067,0.4548081271086067,0.9858549111275767,0.8985025132123737,0.9426825557302606,,True,1.1832713425357493,1.0693124684930333,1.0832819134059086,0.9948281653015353,1.156778100975668,1.1607487277459785,0.8446153661145737,1.0858994292737485,0.9252682540526697,1.0414015003498684,0.8065945736809546,0.8208181523408263,1.0878123372289144,1.1383338483799077,1.0844893921786822,0.8762768559141443
863,0.46081073349785207,0.46081073349785207,0.941085541695152,0.4032084796202304,0.004666339181639378,0.5500000000000002,True,0.9093733609233451,0.813328050114714,0.8213638411184706,1.0949800841407376,0.8201207075926719,1.1051999404867043,1.1553616735412424,0.8822506417190583,0.9970888989455915,0.9493330847252868,0.9893103694630907,1.1707092776070052,1.0958008454407588,1.107272617586933,1.0670414100797572,1.017949095502921
864,0.5328372790345942,0.5328372790345942,0.9821367747546728,0.5362004380406542,0.003897496019895338,0.6000000000000001,True,1.0375160675985762,1.1992616744710412,0.9035933283571336,1.0648098920120255,0.9167252559511185,0.8382765054242244,1.135501339359549,0.8060983680074696,0.9151612415792867,1.1986738915724842,1.1276721029425927,1.0595368636128133,0.9460684637132033,1.1023231840444598,1.159247593948162,1.1353600083715487
865,0.47422327132746844,0.47422327132746844,0.9606733921055647,0.6661726332493852,0.030797956985078,0.55,True,0.9680574198033202,1.0560944033262336,0.8791318084982475,0.8957225682193147,0.909637016853626,1.0399372602708359,0.9570629704018893,0.9253713508523723,0.9760778549337814,0.8920225612440622,1.1937476114177548,0.9445868062973899,1.0393527356413377,0.821139294799419,1.059196479056931,1.1858450244978291
866,0.47407843670504446,0.47407843670504446,0.9563135038234368,0.5486594339993771,0.014146712692536327,0.55,True,0.9513727815170334,1.032988739896659,0.8545395110697912,0.8932051328269585,0.9266960576246972,1.0751144416269711,1.0220928897670998,1.0153289300180124,0.9326636540160094,1.1928692316503944,1.0947966914153386,0.8254391272993385,0.9823026267853354,1.1669372927307415,0.9486983673245204,0.919888295106943
867,0.5762606045211456,0.5762606045211456,0.9853050527900278,0.671846771898552,0.012969286120446497,0.6500000000000001,True,1.1378491542197593,1.132477382305043,0.8234178667624642,1.1926868368848234,0.841989080191677,1.0607117944811733,0.9501336390877314,1.164381667541371,0.808925614544241,1.1382379761547015,1.1576212769629777,1.141594413019304,1.1235533200108403,1.0204315239784143,0.819030622453012,0.9527353379843692
868,0.416954576642674,0.416954576642674,0.9557694759521392,0.5745566179571893,0.00795910904130198,0.5000000000000001,True,0.9012155317771499,1.0862316106419394,1.0661780101605247,1.0031264065746603,0.9188093769258754,0.8393362761187324,1.1476320311435875,1.0429209595427453,1.185452207370008,0.8334905612435641,1.0198549733325337,0.9939858310342649,0.9940629147435016,1.1120040769131987,1.1726411102220546,1.1439438507913242
869,0.5541304976372576,0.5541304976372576,0.9716271774349365,0.6303699627744558,0.023993836690193678,0.65,True,1.06058868550027,0.9534311272596268,0.8329161976840614,0.9579901449642774,1.184788074922132,0.9223250855037016,0.9585998205244192,1.1122551843257986,0.9561191096414365,1.1106671727503525,0.9671618752419202,1.095072534163077,0.939041384639429,0.8403904889363554,0.8379780471252752,0.880040709436143
870,0.5009376856011643,0.5009376856011643,0.9849711589503046,0.5663903019666721,0.0036238766123274637,0.55,True,1.159678531917027,0.8884114744065057,1.0870638137982347,1.1890806200670567,1.1896265656510479,1.0408678361605035,1.1546439432463451,1.1574022026345858,1.1000271362318927,1.1780437363958203,0.9495368548101691,0.9568233716835975,1.056899941265903,0.9810630460688932,1.0985289114949892,0.8852435523899104
871,0.3320790045218839,0.3320790045218839,0.8733581085998915,0.6785361262628545,0.09120476121763556,0.4,True,0.8044593733139984,0.909490706151878,0.9761924476154429,0.8760319433037062,0.9077167070808568,0.8660728115177623,0.8500916507528437,0.9601485338655557,1.0044182170744107,1.181898321144844,0.8056975002185248,0.992804241980638,0.9799763282090461,0.8770188032491836,1.1991219424277544,0.9056612213638624
872,0.5533288226543832,0.5533288226543832,0.9662709851400503,0.5925080763600822,0.019352907035508935,0.6500000000000001,True,0.9714657111416427,0.928850049038167,0.8460455637204639,1.0594058325924232,1.1451924769551747,1.0805381619287402,1.0493370162046003,0.8677509674020562,1.0190893448497635,1.0553605316366825,0.9216710878914263,0.9355246193724194,1.1954958162404927,1.1587165277055298,1.136758315129379,0.8958071495380105
873,0.5490018870128271,0.5490018870128271,0.971639312874754,0.6806798227919161,0.0507089318720994,0.6500000000000001,True,1.1033393024651428,0.8044823653676931,0.8247759496884377,1.0755064687952827,1.1890992349097833,1.0863338008728867,0.8935366857345882,0.9795771103023191,0.9370904018956306,1.183094636650401,0.8131741347072445,1.0150199617029068,1.1725257928857384,1.1176173450076385,1.0735186636083616,1.1031887546796009
874,0.5055959952236865,0.5055959952236865,0.9512800956361389,0.6146998808697609,0.02510319816542008,0.6000000000000001,True,0.886236436574082,1.0567812621094848,0.853081549251455,0.9280870152047336,0.9947955177843028,1.0425284394028977,1.0343832183686343,1.0061878203670704,1.0892005305925088,0.8207097410193647,1.199604770140063,0.8829153148177216,1.0123347309275632,0.9467839100122837,1.0914344161409573,0.9946266465733786
875,0.5768667936536674,0.5768667936536674,0.9906900716591944,0.753892648981405,0.017436053624257163,0.65,True,1.1804200414612045,1.17641772929762,1.0107044245815606,1.1873906468953905,1.1326847379722293,0.8019177672473631,0.9877065908330257,1.1728885091025227,0.8792657727014507,0.8375653941441688,0.8702045231262822,1.1105794612202644,1.006127217303769,0.9882023488481159,1.0543983353607527,1.143515377760765
876,0.33481601738717603,0.33481601738717603,0.9096728941660527,0.6421514101862092,0.06209236699412443,0.4,True,0.8355815426963248,0.9901120247650042,1.0948260651160222,0.8626569064678249,0.9743739789275654,1.0781698519050291,0.919785561947827,0.8787792402655089,1.1236236555714694,1.1124459184345363,0.9869275307003691,0.8750042932406454,1.0056527193844176,1.08724043009435,0.8792566556110849,1.1201658114237294
877,0.3773413127030794,0.3773413127030794,0.9385846504058367,0.8375820128644171,0.7802784865986683,,True,0.8881183803363228,1.0721717950081076,1.050350519481401,0.8089752873954981,1.1524150022120492,0.9327210596404882,0.8214643812032215,1.0843299326240705,1.071345216400806,0.8102808516051975,0.8958798089484498,1.0658725424868194,0.8180073259056446,0.801507196414441,0.88241825794939,1.036159888551485
878,0.4242973128495604,0.4242973128495604,0.9261865840292555,0.6265922896534227,0.03293563445661163,0.5000000000000001,True,0.8962333429002599,0.8956366850880628,0.9148341979584733,0.8229396096055559,1.0769517205852601,0.8194860901445525,0.9671221409378614,1.1358810404807407,1.0402555548379153,0.8363396758726946,0.9163470808842002,0.8274021931411362,0.9329972393469821,1.0443245325916224,1.1008875725361122,0.9397070448076411
879,0.47958534366358424,0.47958534366358424,0.9822290460015188,0.6351112028332512,0.00573674283151091,0.5500000000000002,True,1.0959177965788562,1.0568490214790753,1.1290817374991442,0.9893776836555046,1.1411591239730443,0.8233715553056997,1.122803137113833,1.1695210640608047,1.1455116874204627,0.8092799597862136,0.8941175735333107,1.0669723767151658,0.9868069425516524,1.1990587694357417,1.08265836749703,1.193155121848275
880,0.3362376911856634,0.3362376911856634,0.8884980822210213,0.6830980787210722,0.07433115709669384,0.4,True,0.8058785214806099,0.8541531261864772,1.1509145077078553,0.9417177040279776,1.1201110625892665,0.822991616222283,0.9280665861158821,1.0851109281344204,0.8893798462029519,0.8731472207432178,0.9718408469015962,0.8961209698091962,0.8291815696054537,1.1999449432177758,1.1554186285167571,0.9076178024606185
881,0.3787551762849277,0.3787551762849277,0.9671543783562666,0.7499370063370201,0.10648354460594617,0.45,True,1.0719423401208885,0.9341322130132843,1.1647975571218927,1.0743398761095442,1.139641842466296,0.9285045640307995,0.8383111986064198,1.1602738177713057,0.9590887154330299,1.1407723474737332,0.9508386525730339,1.1223462347121744,0.981778680818701,0.9788396941522239,1.1797551144942429,0.9599979067694442
882,0.3942612961355432,0.3942612961355432,0.9239045550759507,0.7112067421532071,0.079829541866498,0.5000000000000001,True,0.9025678832241628,0.9024248190056882,0.9777229345376401,0.8392198901642782,1.0359387381886112,0.834020764763822,0.8672669841084575,1.0556400909477577,0.8632854314793966,0.8069111634679136,0.90227499273813,1.0417691928582362,0.8721091694000846,1.1408028014361393,1.0837373461688116,1.1645467227143895
883,0.3469721238255388,0.3469721238255388,0.9046032521955368,0.5154294116905211,0.008193628002838944,0.45000000000000007,True,0.8612685949730916,0.8549161632123625,1.1050433006056934,0.8240046274507272,0.8668326623249404,0.91062006832427,1.1550618822170633,1.1703013601579906,1.1412382193655919,0.9596253443812263,1.0310729497033686,1.1773732834225379,1.0816219610378353,0.8146474104166228,1.1231829840905838,0.9961654316293919
884,0.3866103412848157,0.3866103412848157,0.9811107156610807,0.7397495132782402,0.04026178603183485,0.45,True,1.1390033812200313,1.0959909705209696,1.1956685961709603,1.0966946461624723,0.9539283266364706,1.0563613836270094,0.8849169988215398,1.0566364363509906,1.094743123800908,0.9589652567331177,0.8783128953793569,1.0557405045443542,1.157367815708254,0.8894470933019388,0.877532912443064,1.093949750256651
885,0.41794667664122687,0.41794667664122687,0.9424135543023661,0.5112681516838048,0.009872708771338286,0.5,True,0.824809067401129,1.1556185599959288,1.0165454490138897,0.9115474958670042,0.8839725389177426,1.1149709867313624,1.1755273250405867,0.9238486682722191,1.1699898485443774,0.8114496153197727,0.9802885114145066,0.8173148969055485,0.9616494623802158,1.1769119883213346,0.9061579252440812,1.0748970512528282
886,0.3914595662947531,0.3914595662947531,0.9578053829095377,0.6160839659629893,0.011835351037927547,0.45000000000000007,True,1.0221119898377673,0.8307198569095449,1.1241757736306657,1.0306392346734217,0.8869612182559903,1.1107205633295218,1.0454936756752002,1.1012689358720384,0.8127467789364189,1.0248892674999055,0.967646645076223,0.9750914615117579,1.0574318926053292,0.9634564365216223,1.1310939617461104,1.129914459571286
887,0.47123019388311355,0.47123019388311355,0.9518440191681276,0.7258575065742245,0.11780780887001857,0.5500000000000002,True,1.0285875708862535,0.8172431157383182,0.8676088823320831,0.8856162670866146,1.162274229480523,0.9021220799653155,0.823072076302246,1.1888017760864003,0.8117577572649085,0.8890214512261755,1.0502578665108893,1.0243597444489267,1.0590622609267148,0.9318131673598299,0.9444969478427091,0.9222412143745868
888,0.37310761499830447,0.37310761499830447,0.9579737465605274,0.7126269913926281,0.0396308550887696,0.45000000000000007,True,1.1120899742170316,0.8944262105027451,1.0898504109329388,0.8350698440591621,0.8370364738230847,0.95639879604104,0.8375712922702991,1.1022818754859558,0.9557634367581194,1.025662569916055,1.1635435668194496,0.9304461594386192,1.0073548875704574,1.142039533641614,1.1601867848939182,0.9826458429169229
889,0.4918881110940801,0.4918881110940801,0.9815076655779059,0.7000623659035181,0.013623590403080282,0.55,True,1.1451015659771355,1.0954875838129134,0.9108007045493118,0.8707963039023956,0.9023850985527062,0.8403858135340887,0.9562584267351504,0.9819805479889779,1.1743276158899616,0.8250578196628138,1.056169173574475,1.0551186947519577,1.18860460625905,0.9238496998894244,1.1399281603889666,0.9204750681257675
890,0.34301575164325243,0.34301575164325243,0.9088695647209594,0.6471774551204661,0.03856090601780291,0.40000000000000013,True,0.887446352538949,0.803896121590117,1.0820219919239165,0.9750022041920802,0.9250465136365174,0.8772817203553237,0.9411059009456764,0.9084082591046317,0.8937363211369107,0.9983361282786465,1.0489278515766722,1.0682700809139032,1.1361394899492678,1.0125024114475987,1.1943128314979417,0.8770071226689338
891,0.46917749618882815,0.46917749618882815,0.9681036345143087,0.7078278795789712,0.05221600883890677,0.5500000000000002,True,0.9530318245707159,1.1293728706270674,1.0403638653579057,0.8797880820195606,1.1997200390624203,0.9937035406236994,0.9822091077345957,1.0137868188645354,0.9409073616110364,1.0374245449827564,1.1758266658036007,1.1681035128455122,1.153518263781786,0.8076327714230063,0.9265918170155403,1.057354824794021
892,0.42401343062395275,0.42401343062395275,0.9701560780908035,0.5942573365459881,0.006651803952847044,0.5000000000000001,True,1.0622412245494857,0.830218487629345,1.1572229528971705,1.0542033074923034,1.116454474854564,0.9045815704964018,1.1388441787886125,0.9440441161386669,1.1923469090847831,0.8777901464288728,1.1314367037704707,1.180815702342832,1.1701188885181648,0.801947811351788,1.1993846525386018,0.8077537178590253
893,0.3304484888270374,0.3304484888270374,0.9100450306986013,0.6746272573854942,0.06789323715140735,0.4,True,0.8710908597453748,0.8218127407168935,1.1729383725379987,1.1623137008382605,1.0351297969496587,0.9171306238660045,0.898307122062464,1.0297800808135156,0.910973989629391,1.0061322569183844,1.0916205153784444,1.1090309101981448,1.1163432645646831,1.004012518070203,0.8778371712198452,0.9800324783567913
894,0.47257518466224335,0.47257518466224335,0.9688234127996108,0.630140992881556,0.012359225727556046,0.5500000000000002,True,0.9449626889291465,1.112175248869651,1.0350017168305161,1.0445653803754815,1.1156041208620624,0.8115115076180516,1.10802278808382,0.991394143016853,1.120136109745294,0.868737910686627,0.838349803234749,0.8874198887665339,0.972616551127346,0.8295786752920483,1.1244447100116957,1.0774032520788583
895,0.4568882931979482,0.4568882931979482,0.9391610110119445,0.5962011313730696,0.03840183079808178,0.5500000000000002,True,0.8965922655012444,0.9173427607560618,0.8719707112420999,0.9550037622149249,1.0511774683097235,1.1538253943543693,0.9700101890118651,0.8462148838098045,0.9541526762946951,1.160116833252689,1.0089659357538567,1.0348505922002325,1.1334259030090506,1.1325076684805209,0.912993725472577,0.9708820430678438
896,0.4213208138930841,0.4213208138930841,0.9670842030897957,0.6010079874573354,0.012862268675781833,0.5000000000000001,True,1.0678851290891473,0.8926973846464294,1.116804118940525,0.9709252418887382,1.0671837462589224,1.048337992652963,1.0269237753058413,0.8450276667757638,1.0286762508442036,0.9063270271772829,0.8042216176327791,1.0131793595383987,0.8748269740660451,1.0276902754873314,0.8338520905563757,0.8353980798851411
897,0.42645962772019985,0.42645962772019985,0.9666768757151237,0.554774206335632,0.006755628629162301,0.5000000000000001,True,1.0807401353920156,0.9734549786767164,1.0111997693656989,0.8271167328412392,0.8014634227374535,1.1370264306975304,1.0294090067318702,1.035201080774613,0.8755431328928489,1.1893159440727015,1.1324005424218433,0.8648689096932389,1.1583315943530894,1.1450070795570961,0.8828758554561572,1.1591558731884062
898,0.40071261794184604,0.40071261794184604,0.9736997541677161,0.6308480103729572,0.007990921081411485,0.4500000000000002,True,0.9959778692647027,1.1952283013228537,1.1985540232205265,0.9035767285409573,0.912024645664698,1.0682179599008828,1.1160906887758444,1.1341020331528258,1.0367819482824825,1.0331586495464764,0.9702006343814396,0.9005908028653327,0.8736485245292155,1.1040232057714634,1.0203601417214387,0.9730230066995662
899,0.4532093528586089,0.4532093528586089,0.9566009346493763,0.6378505711588184,0.03083925613064217,0.55,True,0.9362316972242704,1.0081065968195315,0.990817075436454,1.0156734094089641,1.117029534894338,1.0203529214713176,0.9902392039794683,1.179863492285401,0.9581997307062871,1.1489200470131793,1.0952648954083182,0.8388466711697106,1.0700838151184395,1.1787199342537595,0.8498893165070773,0.8473714960114124
900,0.40880515606509876,0.40880515606509876,0.9412038737527476,0.7453027088682963,0.14594073927805012,0.5,True,0.9207449736566216,0.9574181831252605,1.0244819999960861,0.8301652044713097,1.0521691496019123,1.0828928937259312,0.8609954726285156,0.9838136098602404,0.959685179162995,0.874520091620103,1.0434735262977268,1.1946970916464086,0.8941722498869639,1.0426961451757157,1.1707151019758715,0.8881877713597454
901,0.38713756696160173,0.38713756696160173,0.9772757977904132,0.6422788187305122,0.006967765808361872,0.4500000000000002,True,1.1521394055223948,1.0289452740536138,1.1618129908065373,0.8610572613821015,0.8526749509037592,0.9933166542167255,1.0109088349156858,1.1629409524584553,1.0313879079122408,1.108442584891122,0.8150195997588643,1.175941467544125,1.1941556346577031,1.0304261006587072,0.8258782999654973,1.0280413581602494
902,0.4353271730834442,0.4353271730834442,0.934487121448675,0.7194362189355077,0.11879338902807586,0.55,True,0.8661797892081118,1.0572362223386131,0.8409765553657057,1.071499276761335,0.9664375717872757,0.9415473944793582,0.8439245796446924,1.0039184673789314,1.0523539644255742,0.9021816845317333,0.9267850279050605,0.8169830151868063,1.1431804037464404,1.005250596394307,0.8993228532184836,0.8581016558709518
903,0.349726591907115,0.349726591907115,0.9402439093831525,0.4558686259830118,0.005151654638167585,0.40000000000000013,True,0.9078593698980313,0.9659271275410017,1.1286839857577928,1.0293130539946576,0.8906902718993039,0.9293658469767826,1.1559964466338446,0.8812860503543859,1.043098992078244,1.1657366726720446,0.9359526601768314,0.8847274133506046,0.8166990614138707,1.0793905235936512,0.8124836989668429,1.1948992964432101
904,0.45868487740611813,0.45868487740611813,0.9619883417137952,0.5374710239189463,0.008874670675229282,0.55,True,0.993537180920659,1.0356278759378466,0.9009272625006783,0.9740105641101809,0.8880885856357693,0.8803694962680669,1.0279592628458978,0.9627082269351462,1.1033350524327554,1.1444881674149976,0.9585730669210606,0.9311825548731805,1.0069139805342746,1.155070057048414,0.8902362686262382,0.8489910777506452
905,0.48485125137350155,0.48485125137350155,0.975212810069298,0.6388315547642106,0.02190581344797391,0.55,True,1.1254774324664716,0.9870702469496411,0.86092336176229,0.8903921166859549,0.9518549275464023,1.1286733386860615,0.9147334272334549,0.8031457028822643,0.8575134593955346,1.081922554364962,0.9185734339166722,0.8234570310612087,0.9790343294257265,0.9769942155162309,0.8132093408894276,1.0678812648442277
906,0.43918745636412393,0.43918745636412393,0.9393146174500162,0.6632126385916897,0.07679648543578244,0.5500000000000002,True,0.9356252990869751,0.8448339776764473,0.9251516068089627,1.0168618467569241,1.1730251097353999,0.9890138992677515,0.8904818619520316,0.8211608594270049,0.9033383567378415,0.9617989254108275,1.035005826879115,1.0043860834234384,0.8744260111770259,1.1165381916398178,0.9185962391777414,0.9765756224179567
907,0.3952742053393509,0.3952742053393509,0.9782713887408446,0.6149593587267462,0.008444816997485659,0.4500000000000002,True,1.1304023889936492,0.9475616396993444,1.1983868766801364,1.0370967563078217,1.1460065237481165,0.8702459543337208,1.0551614477813664,0.9887184027001041,1.0311241780817133,1.168473357532911,1.0726353941968765,0.9592620176823263,1.0038198345861962,0.9001192962415558,0.950396932188668,0.8368632353865716
908,0.405825310105886,0.405825310105886,0.9227490444350555,0.6772634344618025,0.05715370838982323,0.5000000000000001,True,0.8143454215412853,0.9010213106852055,0.9999920122337539,1.1669740525888435,1.1237309013392593,0.8509178560088531,0.9886360600367045,0.969825650921822,0.8513833114527988,0.9260274074795654,1.0867689349601137,1.1584441870736457,1.16029494106979,0.874699180022444,1.1837248060627095,1.0170921373640047
909,0.47257011821295397,0.47257011821295397,0.9446220293717614,0.6819641139122555,0.06497252114677898,0.55,True,0.8947737529603177,0.9293273801892629,0.8292984901036311,1.1282204229514965,0.9938821383880989,1.0891744724126147,0.9220701532285053,0.8090005535959524,0.9319636376438798,0.9744327944872261,0.8976127549309224,0.9019174288771612,1.0873654174236567,0.9766765686684533,1.1860693114279592,0.9259342249382734
910,0.3860598064542298,0.3860598064542298,0.9425766979375447,0.6676395257847164,0.04337655688825217,0.45000000000000007,True,0.8751282774797852,1.0688006613085426,0.9643152351665725,1.1700124382739316,0.8738117037043583,0.9900451152488622,0.933975198067076,0.9479164254720573,0.8579151519026662,0.9900958236370291,1.103937322633882,1.0117576711642386,1.0683086292956945,1.0497117049508515,0.8515552124989754,0.995809358569487
911,0.522991078315724,0.522991078315724,0.983868378243264,0.6115240145537785,0.00731526047326196,0.6000000000000001,True,1.1996817658991925,1.050824975518264,0.9639412508606238,0.9068632265016039,0.9199793296528845,1.090627323923145,0.9957960816922878,0.9196477456419339,1.1935574165381422,0.9910912527930664,1.1922028014874346,1.089242120784594,0.9748303356344683,0.9182674312992459,0.8033226266361184,0.8351335692845753
912,0.3924850155613357,0.3924850155613357,0.9803810153079755,0.5328949616210072,0.0017110392650096424,0.45000000000000007,True,1.1288180447992822,1.0594998216138451,1.1459016166908111,1.0181825898714125,0.8132840604707472,0.8284415164427789,1.1577687236340315,1.0009654359513673,1.1402295177149213,1.0679229609980874,1.113857149375233,1.0854921331913636,0.897091093179248,1.0404762854048042,1.0946998631912614,0.9118905766256354
913,0.4721831239255884,0.4721831239255884,0.9749735057598429,0.6483060310763787,0.017526049471049274,0.55,True,1.0901494478198488,0.949790323573248,1.0230905563694215,1.0161541598488293,1.1580066683753456,0.8384462956983251,0.9917644013018192,0.8169593659201004,0.9950516557726008,1.0858683393950495,0.8111098174480362,1.1771247412883652,1.0413850883322942,0.9903354889434586,0.9625394854135458,0.8655797091538003
914,0.3954020731620544,0.3954020731620544,0.9405215968246524,0.5158192002023112,0.008097825323405018,0.5,True,0.8853705036532402,0.9621511600289085,1.006692208101323,1.1208525362469952,0.8642490056098566,0.8212469257119311,1.1145031303059583,0.9970920064025941,1.0710802869479707,1.032440703323903,0.9008310899560567,0.836358970972727,1.0964267191758619,0.8192169512291625,0.8706204996366856,1.110570897048546
915,0.33387962267003174,0.33387962267003174,0.9516748557496483,0.6457403767642826,0.027759173837385957,0.4,True,1.0461114265754519,0.9190051191874464,1.1653795108975167,0.8830780079422025,1.0093508458255243,0.8029363388830243,0.8991188268448648,0.8587033234839003,1.0574259017426955,1.1305081365669967,0.8811994152464954,0.9914030076878324,0.9148514351492385,0.953423247153819,0.8436115065874292,0.8427247703215535
916,0.4922202150612761,0.4922202150612761,0.9648694781810268,0.8496432383333744,0.9058883315664344,,True,0.9406312419014597,1.1795528173590937,0.8189035254292236,0.8657347726877725,1.1918610038954678,1.0739801370001678,0.8455206065139056,0.9185784407358853,1.0631523207974296,0.927500970552875,1.0492628071045025,1.002304466345609,0.9640309396759453,0.8877521574785308,0.8264583880163587,0.8684489444963357
917,0.489787641003969,0.489787641003969,0.955097769666449,0.5808930449195534,0.01752694072348157,0.6000000000000001,True,0.8277424006255196,1.1317250362777707,0.9422802340167734,1.1911703499600876,0.9785554600595093,1.1691830871528068,1.1309772533199427,0.8697001431585066,0.8995189979503415,0.8459257475263148,0.8856408226082353,0.8625598526927942,0.89305077432442,1.074808549925392,0.8871158756058323,1.1627865766718875
918,0.48011041651122455,0.48011041651122455,0.9768563629311476,0.5499974199496884,0.005545264210154806,0.55,True,1.0115301063861861,1.1279522683413292,1.0302738805343117,1.0084662939930884,0.9794055425041523,1.101382580331663,1.1488181002216198,0.9031103546565331,1.059693755076203,0.949610872609506,0.8849593637890052,0.8189368068453211,0.9606382463744554,0.8375732117162437,0.8416534325423989,1.0756778742537003
919,0.43132620780686265,0.43132620780686265,0.9795972039426286,0.5651160692878435,0.0024590065860426863,0.5000000000000001,True,1.055981454024993,1.1151017102914582,1.1592019994823477,1.100776138520014,0.8044328781481866,0.943341506763181,1.1878954332115406,1.0199371347714354,1.0733979881495244,1.047147237411856,1.0417238260113921,0.9526281251593477,1.1007128679408469,0.9454615803108367,1.021039037891863,1.1338830576298646
920,0.4397225128384422,0.4397225128384422,0.9772104820572445,0.7030164975972278,0.03254962741682842,0.5000000000000001,True,1.1099313675440408,0.9927184562130725,1.0170428659151691,1.1527894852694294,0.922595596274945,1.184642656461547,0.9138285817778594,0.9707857095737988,1.0625913750570175,1.0795115478987085,1.0761181865146314,0.8727004200632992,1.1796842128390148,0.9207883723059226,1.0482747101399412,0.877548424434312
921,0.41950843065321186,0.41950843065321186,0.9607083141781879,0.5140247756242806,0.004373894478364722,0.5,True,0.9801861330239714,0.9863481903244937,1.1431754261344604,0.8420027338732127,0.9635796245912486,1.1643588150569864,1.1985929931438957,1.1763817315395961,1.1912895549108407,0.8104697051965314,1.1167619880684305,0.8112800393809705,0.9200607233985973,1.0046717958360256,0.9441179470631034,1.1389316324261611
922,0.3679111649909039,0.3679111649909039,0.9166138049310455,0.6725938487051669,0.07455301138789241,0.45000000000000007,True,0.8461460447281818,0.8202424637585619,1.146083321237007,1.1188691065884424,1.0848803129214097,1.1963768652393703,0.9490302028617368,0.868629191835619,1.156451937007976,0.8018081954996966,0.8466012137533316,1.0834793020011926,1.111564849413158,1.1309756444995396,0.8770630880627537,1.1691950475617845
923,0.3746732885654577,0.3746732885654577,0.9607097580364674,0.5587363784109142,0.005902929203910321,0.45000000000000007,True,1.1127898612712588,0.8352677558508702,1.1480083629858837,0.8851166182264599,0.9046416071091379,0.9908666673584332,1.0447446310554003,1.1008804887208519,1.1959348547017907,0.8474113348907091,1.1728746954672706,1.1966879110171194,0.8034880661577591,0.9914608163794273,0.8764398489107608,0.8746141200916795
924,0.37376649721633726,0.37376649721633726,0.9567745615110709,0.6695868747701236,0.0224313863843133,0.45000000000000007,True,0.9097722795205273,1.1406683902311838,1.1441396850771581,1.1936239200361503,0.8313502958910589,0.9780238379491212,1.00511009495882,0.877740175376946,1.0130862549434108,1.1435062973906576,0.8664747398811444,0.9212418212913416,1.0979445585425696,0.8606959741441468,1.0406687686110363,1.0344264049806275
925,0.3660423852686054,0.3660423852686054,0.9538443695771538,0.6947913887963072,0.03961883483969564,0.45000000000000007,True,1.086560319924493,0.8626883596324388,1.0529217676364624,0.9883872887673327,0.9462110888380858,0.806817251168823,0.8390961357561783,0.8720889075306799,1.0481705913991843,0.871242828554037,0.8489650265205234,0.9455163850301782,0.8086503845827481,0.8831075070330037,0.9941401743202176,0.9672261979942116
926,0.44171568498912184,0.44171568498912184,0.9739681283353753,0.5015614447935813,0.002710975773071652,0.5000000000000001,True,1.1072001660786361,0.8071199467317033,1.105763650903247,1.0671547538468313,1.0586435652804984,1.0147287323546448,1.188106939804844,0.8407994733998335,1.1482038104931813,0.8075565022899928,1.1934748524158318,0.8285268985447258,0.9600111703738752,0.9065224178317177,1.1891425224036614,1.0343471063387975
927,0.42857359383243954,0.42857359383243954,0.9771697207627291,0.7112203569092573,0.039365586292177575,0.5,True,1.0794977045802738,1.1965107268178892,1.0775825291358407,0.9295277649472016,1.004447097749432,0.8705620433817337,0.8822767082718785,1.0113851529829043,1.1518137789506513,1.0932291796245441,0.9735501228341852,0.890527432728306,1.1400403722800863,0.9847492852317995,0.8072781118319748,0.9998157199255093
928,0.46236934151501186,0.46236934151501186,0.9535077516150008,0.5918492323353884,0.015219778913807215,0.5500000000000002,True,0.9322226351533238,1.1228131792107696,0.866644693354233,0.872135820568301,0.8136587224455015,0.9260538790183863,1.0016919009551157,0.8889981011427709,0.9714204429762499,1.0566639478585707,0.8967773141017196,1.1411361986568564,1.0310604298208748,0.8067354819304435,0.8433687019235169,1.1752909237070075
929,0.5182046655297278,0.5182046655297278,0.973541026564082,0.5926883866277444,0.007017031409084883,0.6000000000000001,True,1.029503262550262,0.9962116729238194,0.9139049816175977,1.0995508687666726,0.9565968514616016,0.8050617245899617,1.0842758644855508,1.1034273257677936,0.9026699757581187,0.8893113801659004,0.9886631270109548,1.144382148573911,0.9928149981891091,0.8786699058728445,1.1079772125297738,0.9882881160734703
930,0.5148159494920727,0.5148159494920727,0.9694803806446328,0.7046714076304146,0.0911629271655093,0.6000000000000001,True,1.0936277458586965,0.9371084362286994,0.8169873827592677,1.0058160247611116,1.15445182062545,0.9522881276703856,0.8187001233244182,1.1955498184921978,0.9486792359383234,1.1167127932981407,0.9642990972733749,0.9429386589046297,0.999410555693594,0.9687212346045568,0.8279190727267952,1.0420717078772115
931,0.38621517356654883,0.38621517356654883,0.967662297398674,0.7147407509369559,0.04579801333156298,0.45000000000000007,True,1.1194186105688795,0.9302346735820436,1.0222518933927185,0.9857728511964309,1.0002453110135359,0.8651493153494922,0.8405541637229547,0.851197828666352,1.10982490835042,0.8195387274985402,0.8258245094588832,0.8946474569393379,0.8280689423851989,0.8174807669866969,1.0309043528179258,1.1692037117429255
932,0.4214277134529591,0.4214277134529591,0.9525179872688997,0.6218312128727909,0.017073073830212566,0.5000000000000001,True,0.8566027124317924,1.153513628629594,1.011406487500577,1.146110140720619,0.8700724798146495,0.9600603621919851,1.0776088912791044,0.9607972854669338,1.146806804571913,1.0877032974119754,0.9207233290684856,1.005518321377512,1.0903979195314932,1.0398712534616599,1.139446358610528,0.8949946516360069
933,0.37825069600777844,0.37825069600777844,0.9442002300075375,0.47868528829908213,0.005083025825184261,0.45000000000000007,True,0.8794946569245345,0.9728880516883932,1.0789716959339781,1.1594363800523664,0.8411854912987629,0.9347917891693517,1.1956014825867396,0.9903988723877083,1.1795866784794904,1.1592293315224147,1.197732622628317,0.9585812688908993,1.0985751393213325,1.0387049036225937,1.0063135678887223,0.8269379039746095
934,0.368060875558193,0.368060875558193,0.9195666624748343,0.5592196320607786,0.013938597246051898,0.45000000000000007,True,0.8094511965670843,0.9545388794485969,1.086538368375118,1.0977849516544307,0.8117680443113715,1.0916954599792437,1.1266712950175275,1.1408838444462646,0.8954079995582225,0.9814657173268724,1.0077685160527674,0.811687724418079,1.15645255387608,0.9959431978383022,0.9231998360131272,0.869110542187744
935,0.4284841178218897,0.4284841178218897,0.9591346950767615,0.6916550845669724,0.06888765404739525,0.5000000000000001,True,1.0436316102251273,0.8863870278329093,0.9052893217064674,1.1224454505649653,1.0613011666863166,0.9088239638221265,0.8346445854810581,0.9999979819475528,1.017049773066291,1.1015660579133337,1.0863293585047278,1.1275531350825343,1.1472926741186944,1.141781846760476,0.9208138367555809,1.0882434615206207
936,0.32292024064534747,0.32292024064534747,0.9281500925797301,0.7337675560827827,0.16798881667182658,0.4,True,0.8687688930852117,1.0213773873741978,1.1017934108186886,1.1897121417376124,1.0155076553953941,0.8606143007439417,0.8204476920762777,0.8245394379987462,0.8841330240436858,1.0610594087510878,1.0392619806267778,1.1583950919275439,0.8132281463500045,1.1371041913380224,1.1316906083168246,0.8044711235261988
937,0.4260919590991858,0.4260919590991858,0.9374257249805865,0.7993501507075044,0.7158331298140796,,True,0.8457066837224659,1.1272037689935337,0.8848517440018306,0.9714893594292648,1.0729502851966348,1.1161065247822175,0.8467131320306228,0.8086325979298671,1.181626319776402,1.0682421328620875,0.8205530381347349,1.093569484879435,0.9066009691447987,1.0208482816157969,1.002551670633621,0.8622582927836178
938,0.4314488799285044,0.4314488799285044,0.9715150026248333,0.6382780519643568,0.02114096193819282,0.5000000000000001,True,1.1057067084568448,0.9339464693003647,1.0213529008058768,0.9519878487470971,1.0295061950324855,1.0164571257602766,0.9452071520635297,0.8163343880614485,1.1811224414571735,1.0912341206614464,1.179116266349441,0.8608585272637191,1.0920620459206463,1.1736637816716007,1.0583769941298613,1.0012369877143432
939,0.34950829151748797,0.34950829151748797,0.9414627056177143,0.6454745218600048,0.026382365527429508,0.40000000000000013,True,0.9985760381933368,0.8239849963482917,1.1526334696103953,0.9237113355519695,0.88774507771697,1.1241838096135965,0.9479033149236327,0.9666241573318809,0.9654264242539057,0.930825492982355,0.8048685785075215,0.9266753224487746,0.8376424659538879,1.1599162681440025,1.0467738588545865,1.0523507170568565
940,0.37650682368740623,0.37650682368740623,0.9379862457976916,0.6795450361937191,0.0472341629664444,0.45000000000000007,True,0.8560091616568487,0.9959920631167172,1.1453013007004893,1.099660162761899,1.0746552931506688,1.038623419143052,0.9936713169435076,1.0682352550824035,0.9726300108182071,0.9538258906323859,0.8120903265285631,0.9603004408135927,1.0024845618402165,1.0071167956827238,0.907803236682999,0.845994863030276
941,0.3090239329051795,0.3090239329051795,0.8934841792964571,0.6770384099103754,0.05075820693847859,0.4,True,0.8082163147429076,0.9706942880252679,1.166504554558653,1.0334889116751906,0.9132531924674997,0.8027046687302004,0.9229075724991918,1.1975889329957528,1.1368494105883702,0.9270273380752725,0.8507518689159803,0.9288279366590365,0.8397132261737251,1.189750123851875,1.1561633090644978,1.1346240949138553
942,0.4548786361568955,0.4548786361568955,0.9298834793544322,0.5442657297703088,0.02293336155032758,0.55,True,0.8705177223773173,1.0028725226693536,0.8258220961666309,0.8137725238753392,0.9480943188658593,1.0056742441714692,1.0098205215891574,0.8842731091801929,1.0660262951562962,1.0947798827355495,1.1815097812829887,1.1434600233648635,0.9893795622053474,0.8731383712509857,1.0155274306442355,1.1310426696137517
943,0.46090555433493746,0.46090555433493746,0.9626640214400167,0.6070934313646915,0.017506396649145255,0.5500000000000002,True,0.9977432081196161,0.9932280724528508,0.948381326369296,0.9480761469446065,1.0806564400116896,0.8421544686436575,1.0033510221372528,0.8956039161896499,1.1187452474449713,0.9265271944794781,0.9568835294200049,0.8243415668728901,0.9537871882230137,0.8088397368224863,0.967268127559082,0.921479738838285
944,0.6309585773943309,0.6309585773943309,0.9881426799898709,0.5693855175274758,0.003566481746098981,0.7000000000000001,True,1.1556290891562206,1.058947167033348,0.813873968480771,1.1473188958687588,0.8602199707458323,1.1413838436796828,1.0987491046754079,1.05417075855703,1.0002039322469154,0.8934694556098975,0.9312251060836336,1.0901428129706772,0.9362921791631482,0.9890036922025132,1.173275134839074,0.8192125586738351
945,0.4747196732557948,0.4747196732557948,0.9693775023577587,0.4830880887443214,0.0051191796391736434,0.55,True,0.9895865889113975,1.055508458552268,0.9625134239324402,1.0208717280390613,0.9399349166173961,1.151902353556482,1.1383228214678387,0.9291122235003499,1.1862311447285536,1.1298258205796032,1.0779867735326807,1.0955420281383998,0.8964427305208791,1.1470173841887505,0.9303684697257703,0.8607701824664499
946,0.5100074210097536,0.5100074210097536,0.9690416817337396,0.5686156440483776,0.008811893815290815,0.6000000000000001,True,1.075417886722575,0.8489907854537004,0.895997483167222,1.0177634048538238,0.9180069556592008,1.1494766571449324,1.0323872321663587,1.1714428480587609,0.8506343662508917,0.9299313190718752,0.9098122873049101,0.9799265014027654,1.038388641681298,1.1424992228368942,0.9192710744516785,0.9170642232543912
947,0.43001028131978736,0.43001028131978736,0.9660297589047722,0.6944169924915582,0.0396310471596172,0.5000000000000001,True,1.0459283980720642,1.0634288467389863,0.8923632597386533,0.9739800222704653,0.8581768701130784,0.9173512790942394,0.8590555943559888,0.9120889543718483,0.8596861248447514,0.9440019364044117,1.1985573528203757,0.8197703258383279,1.0679778401570048,1.0957181618814258,0.8555068769280822,1.003309055287479
948,0.42252009018733827,0.42252009018733827,0.9674923766121459,0.5714793994737467,0.006251724165602839,0.5000000000000001,True,1.0052828382482566,0.9311791988294932,1.158286715120407,1.0685565488108515,1.039304003722117,0.9784085200925626,1.153607935423555,1.0293406409289552,0.9601064545159478,1.0110781501464023,0.9241730978553968,1.0620814727773127,0.9287378496935332,0.8794599548958222,1.0224548211543327,1.0692509689485408
949,0.47653602209124185,0.47653602209124185,0.962507115997125,0.6781867629023441,0.0259721921446123,0.55,True,0.958081454000385,1.1500905411673525,0.8655663028528859,0.8075739229564991,0.8692861884556206,0.9789210759152918,0.9699441012914669,0.8667587936824859,1.0327884103452365,0.8140622376063616,0.8116052805982537,1.05118424753484,0.977300346340053,0.8216242689600708,1.013393623207374,0.9693206666867497
950,0.39542578943854434,0.39542578943854434,0.9660227883650101,0.8871643787424379,0.899942374615923,,True,0.9504588995743163,1.1892756905180653,1.1326880203464194,0.8795080263484206,1.1120862324786875,1.0046792235657787,0.8676104811757326,1.1917406471813106,0.8092095633342423,1.0148559324211286,1.0278357166497978,0.8848987001346049,1.1889942637131887,1.0270289018573835,1.03812984491109,1.0978815715251258
951,0.4229758898319704,0.4229758898319704,0.9420182763880788,0.5676224334530124,0.017579231311576564,0.5000000000000001,True,0.8828012889006052,0.9358520359453084,0.9981328623084801,1.0415456010668138,0.9904085112481118,1.1245471145129902,1.068940153033962,1.0870764125995214,0.9179355965168363,1.0986042512101442,0.9736509573482616,0.977200511519179,1.171382665906892,1.1494808540503456,0.8639157085674605,1.1197821714027745
952,0.3819412887457531,0.3819412887457531,0.9737085910916063,0.7361369059584115,0.04775117238014351,0.45,True,1.0961965096551873,1.0802825892523855,1.1468612240954854,0.9745765618239632,0.9908445085502137,0.8573738709385976,0.8618195499865215,0.8984381678207928,0.9399824574281282,1.0520180370697545,0.8485167459236933,1.1794558758669123,0.9209986987165101,0.939277366617021,0.9744484221982505,1.1669607075256618
953,0.40900197527555004,0.40900197527555004,0.9464224656133666,0.6781985489345181,0.051544775610729024,0.5000000000000001,True,0.9125262871307027,1.0399704821928029,0.9992452689573283,1.046686924027395,0.8477150472687891,1.1948130797191903,0.914140378008053,0.9450028794329137,0.8271316906717655,1.1876236941043987,1.175170603244169,0.9466794259789352,0.9240749269327109,1.1605080898144944,1.060092793014733,1.1839188513294152
954,0.48346955028635274,0.48346955028635274,0.9809967628870917,0.6100777555400384,0.007961163313730913,0.5500000000000002,True,1.1039822311344514,1.0543091157305975,0.9682601307009918,1.0808726796375256,0.9004236503953291,1.0176116588005601,1.0382556745132416,0.8374745945765825,1.1074485512738932,0.9842764156449113,1.0295647569594664,1.1671789409320137,1.113792311180846,1.0154041707034365,0.9719864308700822,0.9971248554347054
955,0.44130404029412007,0.44130404029412007,0.9806682998668526,0.5831522886627513,0.004877745617201009,0.5000000000000001,True,1.043245009461788,1.1341917848486731,1.1775568871816398,1.1337995629653295,1.0733349150169715,0.935407911459446,1.152328902693832,1.01678687370066,1.108076961658095,1.1553268172472675,0.9228719009391361,1.1094405355458028,0.9327956719455626,1.0261824297153683,0.8128557504259208,0.9431585358112557
956,0.3545275482103886,0.3545275482103886,0.921561016342974,0.689945664298386,0.06290717834356917,0.45000000000000007,True,0.853712893307177,1.0244516031683224,1.079889513798445,0.8989700435233867,0.9765260784766809,0.8735494595907174,0.9108922488896216,0.8569546503656184,0.9958337253043825,0.8950531469581656,0.8107241493129655,0.968901550225644,1.1433960259848077,1.1208975875352445,0.8593547719842874,1.1238418020540644
957,0.4289367410429299,0.4289367410429299,0.9552831652431043,0.5337914940387857,0.007597184200142338,0.5,True,1.0266146824133267,0.8662694027400315,0.973292241805557,0.8008428365188734,1.0064109507269154,0.8743447784476492,1.075025430707101,0.9802071700894082,0.9930713416898448,0.9255196998871327,1.0054411439970563,1.15949006389171,0.9688417171316345,0.9193924556454236,1.0693392633393062,0.99866662779726
958,0.3291643009374958,0.3291643009374958,0.9217080104590941,0.7385015813690898,0.11019923393803664,0.4000000000000001,True,0.9586171884398174,0.8571490364460178,1.141338899624554,0.8178521422884093,0.8230795004223999,1.130069553364123,0.8055646172077694,1.0991647473890187,0.8236941572404249,0.8697844572739829,0.8738850526727688,0.8487409140290207,1.0178702354092115,0.9083078840875265,0.9812530183045888,0.8790588390762567
959,0.5202677063051186,0.5202677063051186,0.9837216871953353,0.6812796859769815,0.01832965102211711,0.6000000000000001,True,1.168746794652147,1.0336199569215128,0.9348994583473551,1.1644722419660458,0.989482259019098,0.960753126090264,0.9266129142618827,0.8472230775951659,0.8962225088612019,1.108352260763441,0.8455453441634995,1.0058025501675636,0.9766843676312926,1.174551356756631,0.9138353552450015,0.8075054191253468
960,0.570926489372793,0.570926489372793,0.9841502340448454,0.5443133893883783,0.003340334774150325,0.6500000000000001,True,1.0649995134746306,1.0652806769153538,0.9755130420903297,1.1127365390324617,1.0125190595565559,1.0942338169751054,1.193058766511604,0.9275222265723106,0.8959819586885454,0.9003454821757784,0.8553104341515411,0.8994206398456627,1.0971820637519907,1.1444246175385189,0.9352236627919989,0.926467267413726
961,0.2843434288916826,0.2843434288916826,0.9196549696216574,0.7181311172716611,0.12150936780654262,0.35000000000000003,True,0.82540764379104,1.1930030798937894,1.1715189616843324,1.053449254488727,0.880186772901246,0.8412161711376537,0.8326724761661176,1.1463182096486486,1.1717692731850777,1.0534902687047771,1.1929923640445332,1.1980266745595989,0.9609012628551956,0.8734426229369691,0.9216544050091555,1.019321877600736
962,0.527213022176186,0.527213022176186,0.9798214091345404,0.6819357132626013,0.02276195707694989,0.6000000000000001,True,1.0617899391949903,1.1179246707896138,0.9261807527622478,0.9936873234017167,1.022743110985948,1.1154836429868873,0.9870779880531615,0.8604022847645485,1.1145029536002167,1.0362950690560675,1.008196349508981,0.9124056580757047,1.0566836960006762,0.9198602971547247,1.06041752034244,0.8447101866440387
963,0.39896510989489714,0.39896510989489714,0.9175676217036787,0.7347869914200545,0.30491309815887785,0.5,True,0.8516557581421358,0.8536160055529921,0.9528254381521631,1.0614177260509028,1.1792125819818948,1.0948144367211319,0.8238376745510999,0.9401640085313888,0.8338032193133561,0.9707877270363756,1.0964563208177556,1.1888286421343746,1.1346203615480817,1.0233137047600283,0.9325384444155269,1.1321674693069983
964,0.36609556455099,0.36609556455099,0.906690097311933,0.5563625172680752,0.019460536285998285,0.45000000000000007,True,0.813237099109255,0.8416159049599482,1.0863884496401117,1.1069391803660724,0.9195295329387168,1.1477210554149464,1.0838269052778682,1.1950973625421142,1.0861114314688716,0.9478127013714083,0.9532668164719909,1.032740508875056,1.0960614707570429,1.1171188868941828,0.841415926578906,1.1997796917882029
965,0.49413245978337017,0.49413245978337017,0.9755078149400352,0.7007660229110035,0.030276134713436525,0.5500000000000002,True,1.194295562551532,0.8620875271007142,0.9165496733283978,0.9774480416280453,0.9186902894352588,1.1288535669981723,0.8724850674279612,1.1828205391839213,1.0556598866753124,1.141094550097681,1.013847092808535,1.1953690371150392,1.0466025207188945,0.9551880030925104,1.1977897300260871,1.059642488974561
966,0.3518620807045094,0.3518620807045094,0.9171122453943784,0.6227964145314738,0.026365147078297103,0.4500000000000002,True,0.885929783874436,0.8194761858114121,1.1546837552275644,0.9553135300269266,1.0006688631430127,0.9133100077674671,1.0149666281596619,1.0170225673433384,0.9087621532653278,0.9257646682044289,0.9536582537749259,0.9875774935363809,1.1107023271388952,0.8643740433352606,0.9699109337699154,1.0951424483869654
967,0.48439683390874855,0.48439683390874855,0.9881104454837397,0.6726097572930466,0.007950814654610904,0.55,True,1.172435809593107,1.1283385948159381,1.1693309539560621,0.8888623731706283,1.196874059272152,0.8524473357658806,1.0759930342187378,1.188474776161749,0.9039747029438896,1.1943832979857647,1.1593276456568407,1.1935593229596324,0.9889237886637385,0.8256475882298349,1.014368190831848,1.1387346463117418
968,0.4053639547377219,0.4053639547377219,0.9384957986003047,0.709357524481402,0.20268091855677553,0.5,True,0.9518427816745963,0.8614641709671336,0.9742532174127013,1.0689039468452375,1.165121138629169,1.0990415930277182,0.802948734580938,1.199058435974865,1.093362803869713,1.10325501490725,1.0369146147030346,1.0987354022422842,0.9393633024242536,0.9873306086491682,0.8702064155559807,1.082946543721956
969,0.42616381268910214,0.42616381268910214,0.9505234833607491,0.5177877704712651,0.009004779052525615,0.5,True,0.9295393055488531,0.8940336456540826,0.9738495084965424,1.1964318248871746,0.8663954256430717,1.1255723241302,1.0891342597841618,1.0820811761649995,0.9077427955834567,0.9947017025621314,1.0914869761208825,1.1303955232238998,0.8626056776274504,0.9537500740653634,0.8022767676438866,1.1964136818173778
970,0.47762138830954337,0.47762138830954337,0.9820628835665652,0.560210629491424,0.004334607619694616,0.55,True,1.1424353285251816,0.9554232535574818,1.0960621683652532,0.9781923867101334,1.1542804483122568,0.9059683626738682,1.124112636148823,0.9898291887430337,1.003131582251006,1.0153583889842634,1.1544177977518428,0.8123202712574823,1.135243362475515,1.0130129694197398,0.8879704879799152,0.9621980618188146
971,0.44028165286100185,0.44028165286100185,0.9508091951298923,0.5650429751247394,0.0135104924837202,0.5000000000000001,True,0.926675510524344,1.0736076680456268,0.8786982591458972,0.8489259254439184,0.8350467567800292,0.9202451527523597,1.0297168380729147,0.8128084331480899,1.1647152467068438,0.8741805410022085,0.8952873994614264,1.0434265461006327,1.079033333456703,1.103230800772694,0.9972922514646541,0.867115034889913
972,0.5222216239735734,0.5222216239735734,0.9783739828110591,0.6874207966453393,0.028976851016657822,0.6000000000000001,True,1.1672623600666336,0.9360382307054251,0.8475497826026509,1.0820167272412804,1.0339265641547526,0.8597331763731973,0.8779460566680173,0.9577186049719398,1.0372281407810902,0.9810492287041379,1.1627276995665228,1.1023934548745584,0.9707875455371779,0.8737965767041648,1.0418448457425487,1.1111676042770373
973,0.4871280704566002,0.4871280704566002,0.9557965214027824,0.8737662434800404,0.8583632359245759,,True,0.8439667713547708,1.1879861907928762,0.8413776155183377,1.0659348057478137,1.1656789830998802,1.136372197759905,0.8959527909094005,1.0788646058220484,0.8142405872648433,0.939877038620506,1.0265733732579478,1.0572282998807117,1.0148292325727448,1.0844703162425646,1.1633981839424656,1.0326058484813854
974,0.5215281560269794,0.5215281560269794,0.9710138772809364,0.4105999398110063,0.0020701991739351714,0.6000000000000001,True,1.0713266280517015,0.9328489512348719,0.856688684547951,0.8965295749953069,1.0388110246401976,0.8035605084551503,1.1617491028749416,1.0051169117684617,1.0110193848263183,0.8178925382292929,0.930269397907522,0.8799733790420128,1.0484793238919627,1.0999431568081353,0.8946363859998433,1.0042823640375136
975,0.6218827654477519,0.6218827654477519,0.9893833475376852,0.5826384228611984,0.0028607081783852536,0.7000000000000002,True,1.17149743343472,1.1481133868696898,0.8900887216947884,1.1316908957808398,0.9616063777426266,0.8461037842388371,1.0969749679285665,1.0852664907864986,1.193713766800512,0.8669832199663574,0.9850515002566816,0.9725403184725563,1.0460605948588837,1.054391652869481,0.8861193060620824,1.091787755855262
976,0.41581417565464335,0.41581417565464335,0.9574005528411781,0.717468506687766,0.04060066164608949,0.5000000000000001,True,0.848297490927196,1.1871903020887973,1.196157599491945,1.1378876600701384,1.038207528178711,1.0927259044710107,1.0560492435732352,1.170584374661054,0.9262765490936813,0.8320992635602115,1.1204575544791897,1.1573612346861322,0.9730555498564712,0.8573309679526534,0.9735321164036228,0.9807827201250485
977,0.47347834297223884,0.47347834297223884,0.9706476662601263,0.7440771411350068,0.09819848349212904,0.55,True,1.1066367331254896,0.9038966450062554,0.8614545994893803,1.1627094600074261,1.0029738988869632,1.0412768826576062,0.8073408800479711,1.1868357137293142,0.9213214449773532,0.8627444805872748,0.921466327138365,0.8732972546483072,0.9114090910626292,1.0266194481950293,1.008919456527608,0.9121224113444144
978,0.46982478564222807,0.46982478564222807,0.9750702935870492,0.6968093277933067,0.021537074927433057,0.5500000000000002,True,1.0297538396545487,1.1742247689826482,1.00385227359252,1.0634867678089641,0.8496576013332917,0.9895524269300222,0.9572378461520825,0.9540993012447965,0.9908258856854133,0.8439662934780553,1.0718672338640398,0.8765525319290317,0.9886123071466907,0.8185015093110417,0.8648331144339927,1.0718705984681527
979,0.36413355396802144,0.36413355396802144,0.9325196991307614,0.6162620897340088,0.019007495344229387,0.40000000000000013,True,0.847379105943952,0.9828129814053208,1.1671628887580277,0.9800219642204019,0.9128221659569622,1.1004798880303734,1.094220591478363,1.1659618391591466,0.9092328619549798,0.9552180251416716,1.008750260460124,0.9181415798899769,1.1613386021180023,1.0746051053151702,0.9754225479699705,1.0489813249203297
980,0.4445488769086041,0.4445488769086041,0.9401466635809825,0.5933111499004732,0.021667001357811605,0.5500000000000002,True,0.8511201457885702,1.0263004261216906,0.9309203214743889,1.0227745134227975,1.0645620637244093,0.8789096259004674,1.0508886669640458,1.197102931426195,0.8933070310094042,1.0787552151190387,0.809497968862693,0.9175482531067287,0.8877383838816417,1.0534655297441686,0.9477414612230941,1.1740638213080443
981,0.542308302791895,0.542308302791895,0.9803132834059729,0.6864112745033321,0.023260127301553205,0.6000000000000001,True,1.1917868160262843,0.9075524101698966,0.8109811083712061,1.1251949435180342,0.9208046505937921,0.9833532850588562,0.8801476511346323,1.0694168230504268,0.9223893314876824,0.8953706352705066,1.0531333857936298,1.1117810812076834,1.19039480452895,0.9220117669822092,0.8791260179996574,1.10837713143144
982,0.5822201543701174,0.5822201543701174,0.9854655094528691,0.6905481845269535,0.030310585881217673,0.6500000000000001,True,1.1517429823272851,1.0007042586138861,0.80574557128492,1.180232485420421,1.1851874237603575,0.9576109883696848,0.9291807679847688,0.8726006289557957,0.8988062522128636,1.1229748366794077,0.8889317978180673,0.8837909188629491,1.0906468186398932,1.1542010828877949,1.0514023862330961,1.0561308490142067
983,0.4428545051883602,0.4428545051883602,0.9469240341875512,0.5895937037650805,0.02392305227768089,0.5000000000000001,True,0.9594530992131134,0.8468018398413459,0.965444389057366,0.8470384594699248,1.1712660972266684,0.9612026039293688,1.0216629482750896,0.8291972412577411,1.0908931975292981,0.9545819870275745,0.8946628328406017,1.1424382542065974,1.1228013671399086,0.8880147858235516,0.9908763461393805,0.977918486002443
984,0.43195638941065223,0.43195638941065223,0.9678765559821968,0.6031477573917889,0.007669350999563316,0.5000000000000001,True,1.0203836992954827,1.0305762617611856,1.0255880326380984,0.9197518293360795,0.9392169728794755,0.8141616150541758,1.074137876960884,1.161587201315507,0.8730177628960339,1.017748983326992,0.846321464693977,1.0590350107370838,1.0126109458007075,0.9117255947438141,0.9994387727300457,0.9064014006350375
985,0.4139207487762196,0.4139207487762196,0.9441605953817391,0.6508189927324395,0.028886632949562258,0.5000000000000001,True,0.8007554832423023,1.1847635640629584,1.047837445170697,1.1486878442342765,1.0797576282567924,0.8823300042167944,1.0763096573727102,1.1328928289048203,1.0181234540664539,0.8812663004770273,0.8021351285802282,0.9285957455662809,0.8754120955330709,0.8741357796556646,0.8249489147713787,0.8267666833851234
986,0.44384361855395427,0.44384361855395427,0.9405195715755276,0.5508814120794747,0.014412940880507579,0.55,True,0.8782415087971561,1.0319609808865309,0.9715014153507696,0.8238871837554458,1.09227672042608,0.8998863433978566,1.0982317628795724,1.1248073331342292,1.1604481473452484,0.9549878332780342,0.9838557283762739,1.0086773133437323,0.9832411195754326,0.9108802352424438,0.934660134756345,1.1302306558057351
987,0.4066921181200798,0.4066921181200798,0.9736842230596664,0.731156664844478,0.0406346940617939,0.5,True,1.118362914352905,0.9890527012811318,1.1847227397905808,1.0187645706827924,0.9887446101477375,0.9771301173834944,0.8855440944929264,0.8863003117607636,1.1010645452932466,0.9890591559862751,0.9220005507818585,0.8969578081845275,1.095521665388996,0.9471344547730829,1.0703301300106327,1.0685069393112974
988,0.4928629949490969,0.4928629949490969,0.9789185391630294,0.878232943708216,0.8253234854890498,,True,1.1587600788909864,0.9321436675000312,0.9040415771150757,1.1686952404599082,1.1018463604231759,0.9608172253019036,0.8087882215589935,0.8190920623888903,0.8891287316352535,0.8246105545229983,0.8576235256758481,0.9403729828934475,1.1828523132948006,1.0590168555329509,1.1315976084964456,1.1034394155860465
989,0.3177185437749428,0.3177185437749428,0.9146990270553781,0.5979932275679285,0.015982557607402515,0.40000000000000013,True,0.9354979923418734,0.8235652428163586,1.193433313361794,0.8433167921523338,0.850818850434911,0.8858870455902593,1.0010013759255274,1.075761440978293,1.014641513022684,0.9317931530181908,0.8143678356095145,1.155108452087049,0.9075590765253428,1.1063113835176792,1.0190603933174107,1.1276776417665026
990,0.3629280276404875,0.3629280276404875,0.9562041572366712,0.693643311944613,0.03200894607285854,0.45000000000000007,True,0.9431223609874968,1.1814217930204718,1.1476757352766231,0.9872491111987909,0.8076133658806836,0.9631188317808462,0.9247653925690501,1.1288205778664255,1.0022917922975125,1.1742159381448722,1.0704918717320198,1.1136396154406756,1.1625711397406082,0.9402017966544941,0.8522193208653751,0.8133355671744024
991,0.5544320495261859,0.5544320495261859,0.9623879299001871,0.6533082854014495,0.03915821845076188,0.6500000000000001,True,0.9031862986800816,1.18408831930219,0.8025808216045273,0.9643337436232129,1.1244512105934166,0.9882886632655252,0.9814726925749067,0.9190840123320934,1.1890968413063643,1.1357508717845959,0.9072648601242491,1.1245105712101875,1.1258992052686743,0.8616544170244611,0.8453599061150645,1.0484366444399478
992,0.3328295809668451,0.3328295809668451,0.9558217197270245,0.6573518424984345,0.022788787823628642,0.4,True,1.0783660799737504,0.8702053075405525,1.177973390412016,1.0459666532531315,0.9049654853421337,0.8603975212748769,0.8960667200373953,0.9138798881383983,0.8780008945868053,1.185518048384928,0.8084464877087125,1.0596249120392942,1.1319500254608383,1.0555738772314878,0.8473333069628111,0.9165832044913653
993,0.5217473728191303,0.5217473728191303,0.983776225599221,0.6656106002432274,0.008256322100822396,0.6000000000000001,True,1.056668485663748,1.1755260509019725,1.137509999822251,0.9208901777628555,1.1438535877401277,0.9700691317037328,1.1379643834661424,1.0025198401261437,0.8609007227620006,1.0511084691965766,0.8189406532491628,1.0107270216125364,1.052472499310174,1.0695307430990295,1.0571328903135764,1.0159853026432155
994,0.39350913701155565,0.39350913701155565,0.9335041194376071,0.5583408654604612,0.013796154572839591,0.5000000000000001,True,0.9394952833427788,0.8686964188619166,1.0188966431871371,0.8250714231971733,0.9916458026241536,0.8067278488942065,1.030395850894106,1.0731957100371576,0.8536522985906376,0.9977534075459713,1.072267081734473,0.8602213304953752,1.0044103523706813,1.1831907125810577,0.9920885152034051,1.0449368464779885
995,0.4190135110105226,0.4190135110105226,0.9510288068051118,0.4983217558943578,0.007469816381338324,0.5,True,0.973889800693196,0.8027343122142877,0.977504444028032,1.1761261072734759,0.950408834768464,0.9100014536407581,1.0771364538942945,0.9922638883625308,0.9169329246785004,1.0454613274501443,1.0540832480363354,0.9554810050460136,0.9312155147525423,1.037166589626633,0.8683239835344084,1.1790265083701246
996,0.4709223108953278,0.4709223108953278,0.9669208032596761,0.5598091554499893,0.012768265988898561,0.55,True,1.0315698245026934,0.8526688088630591,0.9560219486305253,1.1294053803476953,1.1652769453247651,0.9086751251114775,1.0407501639093546,0.8875046590517142,1.0736759049508888,1.0183377245646708,0.9644004229878683,0.8718219953066871,1.0916340616976088,0.909207941833774,0.8628407487549985,0.8484630330176371
997,0.5757431157867645,0.5757431157867645,0.988684171021829,0.7129333883737112,0.015360841989625557,0.6500000000000001,True,1.1578829184359867,1.1659590618141806,0.9355040258119821,1.1041303822381834,1.0143127524897482,0.9773712251152217,0.9924909960970012,0.885466210239249,1.1043426562601155,0.8229711941752179,1.16082468988329,0.9543442995993675,1.1039313046873118,0.806257605744077,1.1057876313130057,1.043302709242667
998,0.5301019350779229,0.5301019350779229,0.9742663311112184,0.5716564613649863,0.00929129993930412,0.6000000000000001,True,1.006330101768902,1.004541153173443,0.8563216989607099,1.159770024236207,0.9449369545612087,1.069902664928069,1.0800673152964562,0.9317823943337468,0.9456083114760516,0.9807543089469262,0.9652599754577504,1.0806847891691915,1.0100629560152456,0.8991018731911703,1.0691006832037757,0.9419041339746059
999,0.42362048028369426,0.42362048028369426,0.9739078796183618,0.6941332879402757,0.013924291222066846,0.5000000000000001,True,1.1494863296565707,0.9316863684611738,1.0828588502467658,1.0432007630330025,0.8110721063890235,0.9653661634154103,0.9397159788381041,1.1663178492611777,0.9932876626218389,0.8817832150781658,0.927151203463915,0.9551283331781386,1.1554922462975346,1.186464370232019,1.104776598528249,1.0817304992167236
