regime,alpha,root_index,G,M,L,C,dominant_real_eigenvalue,stable
"fast-subsystem monostable, no memory",0.0,0,0.0020368807367356825,0.0,0.0020368807367356825,0.005413304870606792,-0.0007525461009209195,True
"fast-subsystem monostable, no memory",0.0025,0,0.0020677791161813593,0.00015942784241953424,0.002090992989482497,0.005495139751120517,-0.0007525847238952267,True
"fast-subsystem monostable, no memory",0.005,0,0.002099147980959215,0.00030116900731122167,0.0021462774400668122,0.005578212128014766,-0.000752623934976199,True
"fast-subsystem monostable, no memory",0.0075,0,0.0021309945494521814,0.00042877153912518736,0.0022027571908507905,0.005662540726166631,-0.0007526637431868151,True
"fast-subsystem monostable, no memory",0.01,0,0.0021633261524596466,0.0005449184263122536,0.002260455774681107,0.005748144554155518,-0.0007527041576905746,True
"fast-subsystem monostable, no memory",0.0125,0,0.002196150234999453,0.0006516766275962769,0.002319397162583091,0.005835042908573715,-0.0007527451877937494,True
"fast-subsystem monostable, no memory",0.015,0,0.0022294743581403285,0.0007506647670506156,0.0023796057715864097,0.005923255378402766,-0.0007527868429476754,True
"fast-subsystem monostable, no memory",0.0175,0,0.0022633062008653474,0.000843168888028602,0.0024411064726844365,0.0060128018494568424,-0.0007528291327510816,True
"fast-subsystem monostable, no memory",0.02,0,0.0022976535619669827,0.0009302241141566732,0.0025039245989293846,0.0061037025088940405,-0.0007528720669524588,True
"fast-subsystem monostable, no memory",0.0225,0,0.0023325243619743245,0.0010126733843593306,0.002568085953665355,0.006195977849796692,-0.0007529156554524679,True
"fast-subsystem monostable, no memory",0.025,0,0.0023679266451130743,0.001091210435535979,0.0026336168189014645,0.006289648675821735,-0.0007529599083063912,True
"fast-subsystem monostable, no memory",0.0275,0,0.002403868581298948,0.001166411750961113,0.002700543963827294,0.0063847361059223414,-0.0007530048357266237,True
"fast-subsystem monostable, no memory",0.03,0,0.0024403584681650615,0.00123876064373861,0.0027688946534728115,0.006481261579141744,-0.0007530504480852063,True
"fast-subsystem monostable, no memory",0.0325,0,0.0024774047331239685,0.0013086656452910034,0.0028386966575150714,0.00657924685948047,-0.0007530967559164049,True
"fast-subsystem monostable, no memory",0.035,0,0.0025150159354650264,0.001376474710575073,0.0029099782592339894,0.0066787140408382,-0.0007531437699193313,True
"fast-subsystem monostable, no memory",0.0375,0,0.0025532007684876765,0.0014424863098800435,0.002982768264619428,0.006779685552031218,-0.0007531915009606096,True
"fast-subsystem monostable, no memory",0.04,0,0.002591968061671412,0.0015069581753903557,0.0030570960116320153,0.006882184161886846,-0.0007532399600770893,True
"fast-subsystem monostable, no memory",0.0425,0,0.002631326782883062,0.0015701142614605844,0.0031329913796200176,0.006986232984415907,-0.0007532891584786039,True
"fast-subsystem monostable, no memory",0.045,0,0.0026712860406221256,0.0016321503303190178,0.0032104847988946557,0.007091855484064517,-0.0007533391075507776,True
"fast-subsystem monostable, no memory",0.0475,0,0.0027118550863048842,0.00169323846992418,0.003289607260466313,0.00719907548104641,-0.0007533898188578811,True
"fast-subsystem monostable, no memory",0.05,0,0.002753043316588,0.0017535307748968154,0.0033703903259440448,0.007307917156757019,-0.000753441304145735,True
"fast-subsystem monostable, no memory",0.0525,0,0.0027948602757324288,0.0018131623660914736,0.0034528661376009386,0.00741840505927073,-0.0007534935753446655,True
"fast-subsystem monostable, no memory",0.055,0,0.0028373156580083205,0.0018722538835087897,0.003537067428607721,0.007530564108922385,-0.0007535466445725105,True
"fast-subsystem monostable, no memory",0.0575,0,0.002880419310141792,0.0019309135567840635,0.0036230275334372597,0.007644419603974588,-0.0007536005241376772,True
"fast-subsystem monostable, no memory",0.06,0,0.0029241812338043254,0.0019892389345607655,0.0037107803984424413,0.007759997226371984,-0.0007536552265422554,True
"fast-subsystem monostable, no memory",0.0625,0,0.002968611588145614,0.002047318336652148,0.0038003605926100314,0.007877323047583932,-0.0007537107644851819,True
"fast-subsystem monostable, no memory",0.065,0,0.003013720692370764,0.0021052320795711945,0.0038918033184931755,0.007996423534537047,-0.0007537671508654634,True
"fast-subsystem monostable, no memory",0.0675,0,0.003059519028362611,0.0021630535157316183,0.003985144423325096,0.008117325555638811,-0.0007538243987854532,True
"fast-subsystem monostable, no memory",0.07,0,0.00310601724335013,0.002220849918636457,0.004080420410316733,0.008240056386893896,-0.0007538825215541876,True
"fast-subsystem monostable, no memory",0.0725,0,0.0031532261526237932,0.002278683240121854,0.004177668450140996,0.00836464371811455,-0.0007539415326907797,True
"fast-subsystem monostable, no memory",0.075,0,0.0032011567422988163,0.0023366107608020557,0.004276926392606339,0.008491115659226556,-0.0007540014459278735,True
"fast-subsystem monostable, no memory",0.0775,0,0.003249820172127194,0.002394685650961327,0.004378232778522387,0.008619500746672183,-0.000754062275215159,True
"fast-subsystem monostable, no memory",0.08,0,0.0032992277783595843,0.0024529574560294303,0.004481626851760469,0.008749827949911864,-0.0007541240347229496,True
"fast-subsystem monostable, no memory",0.0825,0,0.0033493910766579094,0.002511472518284731,0.004587148571511735,0.008882126678025883,-0.0007541867388458224,True
"fast-subsystem monostable, no memory",0.085,0,0.0034003217650597807,0.0025702743444204657,0.004694838624745766,0.009016426786417875,-0.0007542504022063247,True
"fast-subsystem monostable, no memory",0.08750000000000001,0,0.003452031726995746,0.002629403926982614,0.004804738438872526,0.009152758583621664,-0.0007543150396587448,True
"fast-subsystem monostable, no memory",0.09,0,0.003504533034360379,0.002688900026363462,0.004916890194610432,0.009291152838212994,-0.0007543806662929505,True
"fast-subsystem monostable, no memory",0.0925,0,0.0035578379506383886,0.00274879941895219,0.0050313368390635695,0.009431640785828024,-0.0007544472974382979,True
"fast-subsystem monostable, no memory",0.095,0,0.003611958934086729,0.0028091371161542305,0.005148122099010833,0.009574254136289963,-0.0007545149486676083,True
"fast-subsystem monostable, no memory",0.0975,0,0.0036669086409739466,0.002869946558257755,0.005267290494410024,0.009719025080845864,-0.0007545836358012174,True
"fast-subsystem monostable, no memory",0.1,0,0.003722699928877916,0.002931259786518044,0.0053888873521198664,0.00986598629951525,-0.0007546533749110974,True
"fast-subsystem monostable, no memory",0.10250000000000001,0,0.0037793458600430506,0.002993107596325383,0.005512958819842806,0.0100151709685521,-0.0007547241823250538,True
"fast-subsystem monostable, no memory",0.105,0,0.0038368597047983358,0.003055519673900836,0.005639551880291715,0.010166612768022373,-0.0007547960746309978,True
"fast-subsystem monostable, no memory",0.1075,0,0.0038952549450373608,0.0031185247186111807,0.005768714365583495,0.010320345889498686,-0.0007548690686812967,True
"fast-subsystem monostable, no memory",0.11,0,0.003954545277761609,0.0031821505526977104,0.005900494971862525,0.010476405043874008,-0.0007549431815972019,True
"fast-subsystem monostable, no memory",0.1125,0,0.0040147446186883495,0.003246424219963625,0.006034943274157108,0.010634825469296354,-0.0007550184307733604,True
"fast-subsystem monostable, no memory",0.115,0,0.0040758671059244675,0.003311372074753188,0.006172109741471954,0.010795642939226415,-0.0007550948338824056,True
"fast-subsystem monostable, no memory",0.11750000000000001,0,0.004137927103707544,0.0033770198623763593,0.006312045752119709,0.010958893770619952,-0.0007551724088796344,True
"fast-subsystem monostable, no memory",0.12,0,0.004200939206215681,0.003443392791980066,0.006454803609294765,0.011124614832237159,-0.0007552511740077696,True
"fast-subsystem monostable, no memory",0.1225,0,0.004264918241447398,0.0035105156027368132,0.006600436556892281,0.011292843553080818,-0.0007553311478018092,True
"fast-subsystem monostable, no memory",0.125,0,0.004329879275173179,0.0035784126241100657,0.006748998795575706,0.011463617930965493,-0.0007554123490939664,True
"fast-subsystem monostable, no memory",0.1275,0,0.004395837614960098,0.003647107830860013,0.0069005454990958065,0.011636976541219757,-0.0007554947970187002,True
"fast-subsystem monostable, no memory",0.13,0,0.00446280881427109,0.003716624893371183,0.007055132830864368,0.011812958545523604,-0.0007555785110178389,True
"fast-subsystem monostable, no memory",0.1325,0,0.004530808676640479,0.0037869872238124173,0.007212817960785759,0.011991603700883284,-0.0007556635108458005,True
"fast-subsystem monostable, no memory",0.135,0,0.004599853259927332,0.0038582180185783776,0.007373659082349405,0.012172952368745694,-0.0007557498165749091,True
"fast-subsystem monostable, no memory",0.1375,0,0.00466995888064836,0.003930340297408719,0.007537715429986443,0.012357045524254678,-0.0007558374486008103,True
"fast-subsystem monostable, no memory",0.14,0,0.00474114211839201,0.00400337693953487,0.007705047296693567,0.012543924765651408,-0.00075592642764799,True
"fast-subsystem monostable, no memory",0.14250000000000002,0,0.0048134198203155405,0.004077350717164301,0.007875716051927346,0.012733632323821287,-0.0007560167747753944,True
"fast-subsystem monostable, no memory",0.145,0,0.004886809105726855,0.004152284326577169,0.008049784159772078,0.0129262110719897,-0.0007561085113821586,True
"fast-subsystem monostable, no memory",0.1475,0,0.00496132737075294,0.0042282004170796405,0.008227315197384363,0.013121704535569087,-0.0007562016592134411,True
"fast-subsystem monostable, no memory",0.15,0,0.005036992293096737,0.004305121618031399,0.008408373873717446,0.013320156902159602,-0.000756296240366371,True
"fast-subsystem monostable, no memory",0.1525,0,0.0051138218368844916,0.004383070564141548,0.008593026048528617,0.013521613031706242,-0.0007563922772961056,True
"fast-subsystem monostable, no memory",0.155,0,0.005191834257605436,0.004462069919206225,0.008781338751672625,0.013726118466814567,-0.0007564897928220068,True
"fast-subsystem monostable, no memory",0.1575,0,0.0052710481071459436,0.004542142398443366,0.008973380202684284,0.013933719443227967,-0.0007565888101339325,True
"fast-subsystem monostable, no memory",0.16,0,0.005351482238920104,0.004623310789563804,0.00916921983065326,0.014144462900468738,-0.00075668935279865,True
"fast-subsystem monostable, no memory",0.1625,0,0.005433155813099092,0.004705597972704077,0.009368928294394377,0.014358396492646239,-0.0007567914447663739,True
"fast-subsystem monostable, no memory",0.165,0,0.005516088301941224,0.004789026939333345,0.00957257750291601,0.014575568599434131,-0.0007568951103774265,True
"fast-subsystem monostable, no memory",0.1675,0,0.005600299495225192,0.004873620810236236,0.009780240636190037,0.014796028337220062,-0.0007570003743690314,True
"fast-subsystem monostable, no memory",0.17,0,0.005685809505788704,0.004959402852663313,0.009991992166226083,0.015019825570430476,-0.0007571072618822359,True
"fast-subsystem monostable, no memory",0.17250000000000001,0,0.005772638775174888,0.005046396496732133,0.010207907878453111,0.015247010923033337,-0.0007572157984689686,True
"fast-subsystem monostable, no memory",0.17500000000000002,0,0.005860808079388904,0.005134625351154234,0.010428064893411157,0.015477635790221793,-0.0007573260100992361,True
"fast-subsystem monostable, no memory",0.1775,0,0.005950338534767273,0.00522411321835633,0.010652541688756206,0.015711752350281726,-0.0007574379231684591,True
"fast-subsystem monostable, no memory",0.18,0,0.006041251603962539,0.005314884109057952,0.010881418121581079,0.015949413576646476,-0.0007575515645049532,True
"fast-subsystem monostable, no memory",0.1825,0,0.006133569102045782,0.00540696225636206,0.011114775451054906,0.016190673250141438,-0.0007576669613775573,True
"fast-subsystem monostable, no memory",0.185,0,0.006227313202729835,0.005500372129410453,0.011352696361384178,0.01643558597142216,-0.0007577841415034122,True
"fast-subsystem monostable, no memory",0.1875,0,0.006322506444715829,0.005595138446651176,0.01159526498509779,0.016684207173608686,-0.0007579031330558947,True
"fast-subsystem monostable, no memory",0.19,0,0.006419171738166132,0.005691286188761386,0.01184256692665905,0.016936593135120047,-0.0007580239646727077,True
"fast-subsystem monostable, no memory",0.1925,0,0.006517332371306389,0.005788840611265336,0.012094689286406817,0.017192800992711657,-0.0007581466654641329,True
"fast-subsystem monostable, no memory",0.195,0,0.006617012017159829,0.0058878272568841745,0.01235172068482847,0.017452888754719325,-0.0007582712650214498,True
"fast-subsystem monostable, no memory",0.1975,0,0.006718234740416948,0.005988271967651347,0.012613751287167206,0.017716915314513547,-0.0007583977934255211,True
"fast-subsystem monostable, no memory",0.2,0,0.006821025004443619,0.00609020089682466,0.012880872828365668,0.017984940464167126,-0.0007585262812555545,True
"fast-subsystem monostable, no memory",0.2025,0,0.006925407678431063,0.006193640520624005,0.013153178638348554,0.018257024908340292,-0.0007586567595980388,True
"fast-subsystem monostable, no memory",0.20500000000000002,0,0.007031408044690967,0.006298617649821492,0.013430763667646027,0.01853323027838665,-0.0007587892600558637,True
"fast-subsystem monostable, no memory",0.20750000000000002,0,0.007139051806099209,0.006405159441208889,0.013713724513360195,0.018813619146683898,-0.000758923814757624,True
"fast-subsystem monostable, no memory",0.21,0,0.007248365093691754,0.006513293408965632,0.014002159445476413,0.019098255041193002,-0.0007590604563671147,True
"fast-subsystem monostable, no memory",0.2125,0,0.0073593744744164784,0.0066230474359491864,0.014296168433521625,0.019387202460250094,-0.0007591992180930206,True
"fast-subsystem monostable, no memory",0.215,0,0.007472106959044475,0.006734449784927949,0.014595853173570894,0.019680526887594505,-0.0007593401336988057,True
"fast-subsystem monostable, no memory",0.2175,0,0.0075865900102449375,0.006847529109776009,0.014901317115604272,0.019978294807637582,-0.0007594832375128061,True
"fast-subsystem monostable, no memory",0.22,0,0.007702851550827493,0.006962314466647693,0.015212665491215199,0.020280573720976164,-0.0007596285644385343,True
"fast-subsystem monostable, no memory",0.2225,0,0.007820919972156112,0.007078835325148926,0.015530005341671869,0.020587432160155024,-0.0007597761499651951,True
"fast-subsystem monostable, no memory",0.225,0,0.00794082414273875,0.007197121579521527,0.015853445546332577,0.02089893970568246,-0.0007599260301784234,True
"fast-subsystem monostable, no memory",0.2275,0,0.008062593416997207,0.007317203559855849,0.016183096851416393,0.02121516700230377,-0.0007600782417712464,True
"fast-subsystem monostable, no memory",0.23,0,0.00818625764422154,0.0074391120433463225,0.016519071899129798,0.021536185775536832,-0.0007602328220552769,True
"fast-subsystem monostable, no memory",0.2325,0,0.008311847177713674,0.007562878265603872,0.016861485257149995,0.021862068848474508,-0.000760389808972142,True
"fast-subsystem monostable, no memory",0.23500000000000001,0,0.008439392884124975,0.007688533932038648,0.01721045344846557,0.022192890158858537,-0.0007605492411051561,True
"fast-subsystem monostable, no memory",0.23750000000000002,0,0.008568926152992633,0.007816111229325974,0.017566094981574756,0.02252872477642982,-0.0007607111576912407,True
"fast-subsystem monostable, no memory",0.24,0,0.008700478906479861,0.007945642836967911,0.017928530381041318,0.022869648920559746,-0.0007608755986330997,True
"fast-subsystem monostable, no memory",0.2425,0,0.008834083609325173,0.008077161938962596,0.018297882218408335,0.023215739978167983,-0.0007610426045116564,True
"fast-subsystem monostable, no memory",0.245,0,0.008969773279005933,0.008210702235592952,0.018674275143469147,0.023567076521931313,-0.0007612122165987573,True
"fast-subsystem monostable, no memory",0.2475,0,0.009107581496121776,0.008346297955346253,0.019057835915895324,0.02392373832878917,-0.0007613844768701521,True
"fast-subsystem monostable, no memory",0.25,0,0.009247542415003543,0.008483983866975726,0.01944869343722079,0.024285806398751088,-0.0007615594280187544,True
"fast-subsystem monostable, no memory",0.2525,0,0.009389690774553493,0.00862379529171504,0.019846978783180994,0.024653362974011328,-0.0007617371134681918,True
"fast-subsystem monostable, no memory",0.255,0,0.009534061909322884,0.00876576811565652,0.020252825236406022,0.025026491558376513,-0.0007619175773866534,True
"fast-subsystem monostable, no memory",0.2575,0,0.009680691760833065,0.008909938802303688,0.020666368319466024,0.025405276937011823,-0.0007621008647010413,True
"fast-subsystem monostable, no memory",0.26,0,0.009829616889146513,0.009056344405308623,0.02108774582826728,0.02578980519651165,-0.0007622870211114331,True
"fast-subsystem monostable, no memory",0.2625,0,0.009980874484694324,0.009205022581404515,0.021517097865796538,0.026180163745300543,-0.000762476093105868,True
"fast-subsystem monostable, no memory",0.265,0,0.010134502380367026,0.00935601160354385,0.021954566876211435,0.02657644133437063,-0.0007626681279754588,True
"fast-subsystem monostable, no memory",0.2675,0,0.010290539063875684,0.009509350374252509,0.02240029767927415,0.02697872807836172,-0.0007628631738298446,True
"fast-subsystem monostable, no memory",0.27,0,0.010449023690390542,0.009665078439210164,0.0228544375051253,0.02738711547699055,-0.0007630612796129881,True
"fast-subsystem monostable, no memory",0.2725,0,0.010609996095464588,0.009823236001067189,0.02331713602939437,0.027801696436835378,-0.0007632624951193306,True
"fast-subsystem monostable, no memory",0.275,0,0.010773496808249832,0.009983863933508691,0.023788545408643256,0.02822256529348295,-0.0007634668710103122,True
"fast-subsystem monostable, no memory",0.2775,0,0.010939567065014213,0.010147003795575982,0.02426882031613854,0.02864981783404462,-0.0007636744588312677,True
"fast-subsystem monostable, no memory",0.28,0,0.011108248822967248,0.010312697846256066,0.02475811797794783,0.02908355132004827,-0.000763885311028709,True
"fast-subsystem monostable, no memory",0.28250000000000003,0,0.011279584774402933,0.010480989059349818,0.025256598209355267,0.029523864510713524,-0.0007640994809680037,True
"fast-subsystem monostable, no memory",0.28500000000000003,0,0.011453618361168722,0.010651921138629747,0.02576442345159095,0.029970857686617565,-0.0007643170229514609,True
"fast-subsystem monostable, no memory",0.28750000000000003,0,0.011630393789469416,0.010825538533298122,0.02628175880886805,0.030424632673758823,-0.0007645379922368368,True
"fast-subsystem monostable, no memory",0.29,0,0.011809956045015457,0.011001886453756769,0.02680877208572169,0.030885292868026517,-0.0007647624450562693,True
"fast-subsystem monostable, no memory",0.2925,0,0.01199235090852508,0.011181010887699693,0.027345633824642314,0.03135294326008355,-0.0007649904386356562,True
"fast-subsystem monostable, no memory",0.295,0,0.01217762497159039,0.01136295861654014,0.027892517343996677,0.031827690460671174,-0.0007652220312144881,True
"fast-subsystem monostable, no memory",0.2975,0,0.012365825652917672,0.011547777232183967,0.028449598776228668,0.03230964272634374,-0.0007654572820661471,True
"fast-subsystem monostable, no memory",0.3,0,0.012557001214952283,0.011735515154161012,0.029017057106330846,0.0327989099856414,-0.0007656962515186904,True
"fast-subsystem monostable, no memory",0.3025,0,0.012751200780899492,0.011926221647127144,0.02959507421057898,0.033295603865710365,-0.0007659390009761243,True
"fast-subsystem monostable, no memory",0.305,0,0.012948474352152167,0.012119946838749151,0.030183834895518943,0.03379983771937864,-0.0007661855929401903,True
"fast-subsystem monostable, no memory",0.3075,0,0.013148872826137553,0.012316741737985828,0.03078352693719694,0.03431172665269761,-0.000766436091032672,True
"fast-subsystem monostable, no memory",0.31,0,0.01335244801459462,0.01251665825377784,0.03139434112062118,0.03483138755295722,-0.0007666905600182434,True
"fast-subsystem monostable, no memory",0.3125,0,0.0135592526622953,0.012719749214160693,0.03201647127944524,0.03535893911718639,-0.000766949065827869,True
"fast-subsystem monostable, no memory",0.315,0,0.013769340466221736,0.012926068385813878,0.03265011433585928,0.03589450188114639,-0.0007672116755827773,True
"fast-subsystem monostable, no memory",0.3175,0,0.013982766095213737,0.013135670494061278,0.033295470340678146,0.03643819824882929,-0.0007674784576190172,True
"fast-subsystem monostable, no memory",0.32,0,0.014199585210099824,0.013348611243337086,0.033952742513611966,0.03699015252247051,-0.0007677494815126248,True
"fast-subsystem monostable, no memory",0.3225,0,0.014419854484326419,0.013564947338132488,0.03462213728370544,0.0375504909330869,-0.0007680248181054079,True
"fast-subsystem monostable, no memory",0.325,0,0.014643631625100104,0.013784736504438911,0.035303864329931094,0.03811934167155107,-0.0007683045395313751,True
"fast-subsystem monostable, no memory",0.3275,0,0.014870975395058269,0.014008037511703698,0.035998136621920876,0.0386968349202135,-0.0007685887192438229,True
"fast-subsystem monostable, no memory",0.33,0,0.015101945634484117,0.014234910195314934,0.03670517046081943,0.03928310288508368,-0.0007688774320431051,True
"fast-subsystem monostable, no memory",0.3325,0,0.015336603284082602,0.01446541547963255,0.03742518552024231,0.0398782798285826,-0.0007691707541051031,True
"fast-subsystem monostable, no memory",0.335,0,0.015575010408334398,0.014699615401583386,0.03815840488732067,0.040482502102878806,-0.0007694687630104179,True
"fast-subsystem monostable, no memory",0.3375,0,0.015817230219445547,0.014937573134838398,0.03890505510381367,0.04109590818382032,-0.0007697715377743069,True
"fast-subsystem monostable, no memory",0.34,0,0.016063327101911336,0.015179353014591036,0.039665366207268855,0.041718638705476034,-0.000770079158877389,True
"fast-subsystem monostable, no memory",0.3425,0,0.016313366637713322,0.01542502056295621,0.04043957177220978,0.04235083649529941,-0.0007703917082971417,True
"fast-subsystem monostable, no memory",0.34500000000000003,0,0.016567415632169208,0.015674642515009947,0.041227908951328864,0.042992646609928464,-0.0007707092695402115,True
"fast-subsystem monostable, no memory",0.34750000000000003,0,0.01682554214045625,0.01592828684549083,0.04203061851666347,0.0436442163716364,-0.0007710319276755703,True
"fast-subsystem monostable, no memory",0.35000000000000003,0,0.017087815494829246,0.01618602279618467,0.042847944900731134,0.04430569540544735,-0.0007713597693685365,True
"fast-subsystem monostable, no memory",0.3525,0,0.01735430633255511,0.016447920904014722,0.04368013623759917,0.04497723567693195,-0.0007716928829156938,True
"fast-subsystem monostable, no memory",0.355,0,0.01762508662458704,0.016714053029860825,0.044527444403863484,0.045658991530699015,-0.0007720313582807338,True
"fast-subsystem monostable, no memory",0.3575,0,0.017900229705001942,0.016984492388131364,0.04539012505950953,0.046351119729598746,-0.0007723752871312523,True
"fast-subsystem monostable, no memory",0.36,0,0.018179810301225487,0.017259313577112804,0.046268437688627206,0.047053779494653794,-0.0007727247628765318,True
"fast-subsystem monostable, no memory",0.3625,0,0.018463904565070743,0.01753859261012288,0.04716264563995156,0.04776713254573606,-0.0007730798807063385,True
"fast-subsystem monostable, no memory",0.365,0,0.018752590104616502,0.017822406947493877,0.048073016167198154,0.04849134314300553,-0.0007734407376307706,True
"fast-subsystem monostable, no memory",0.3675,0,0.01904594601695323,0.018110835529414095,0.04899982046916299,0.04922657812913069,-0.0007738074325211917,True
"fast-subsystem monostable, no memory",0.37,0,0.01934405292182475,0.01840395880965584,0.049943333729552834,0.0499730069723076,-0.0007741800661522809,True
"fast-subsystem monostable, no memory",0.3725,0,0.0196469929961959,0.018701858790220335,0.050903835156514046,0.05073080181009839,-0.0007745587412452448,True
"fast-subsystem monostable, no memory",0.375,0,0.019954850009776703,0.019004619056930194,0.051881608021823594,0.0515001374941082,-0.0007749435625122209,True
"fast-subsystem monostable, no memory",0.3775,0,0.020267709361535248,0.01931232481600191,0.05287693969970661,0.05228119163552153,-0.0007753346367019191,True
"fast-subsystem monostable, no memory",0.38,0,0.020585658117232536,0.01962506293163162,0.05389012170524266,0.05307414465151891,-0.0007757320726465406,True
"fast-subsystem monostable, no memory",0.3825,0,0.020908785048014238,0.01994292196462925,0.054921449732322096,0.05387917981259648,-0.0007761359813100179,True
"fast-subsystem monostable, no memory",0.385,0,0.021237180670095127,0.020265992212136878,0.05597122369111209,0.0546964832908107,-0.0007765464758376189,True
"fast-subsystem monostable, no memory",0.3875,0,0.02157093728557386,0.02059436574846904,0.05703974774499072,0.055526244208971655,-0.0007769636716069672,True
"fast-subsystem monostable, no memory",0.39,0,0.021910149024417166,0.02092813646711412,0.0581273303469064,0.05636865469080985,-0.0007773876862805214,True
"fast-subsystem monostable, no memory",0.3925,0,0.022254911887654015,0.021267400123937432,0.059234284275118024,0.05722390991214112,-0.0007778186398595675,True
"fast-subsystem monostable, no memory",0.395,0,0.022605323791822063,0.021612254381628258,0.06036092666827005,0.0580922081530559,-0.0007782566547397777,True
"fast-subsystem monostable, no memory",0.3975,0,0.022961484614710377,0.02196279885543494,0.0615075790597555,0.05897375085115989,-0.0007787018557683879,True
"fast-subsystem monostable, no memory",0.4,0,0.023323496242444355,0.022319135160233834,0.06267456741131773,0.05986874265589393,-0.0007791543703030555,True
"fast-subsystem monostable, no memory",0.4025,0,0.02369146261796047,0.022681366958979814,0.06386222214584131,0.06077739148396219,-0.0007796143282724505,True
"fast-subsystem monostable, no memory",0.405,0,0.024065489790920838,0.023049600012588246,0.0650708781792801,0.06169990857589882,-0.0007800818622386511,True
"fast-subsystem monostable, no memory",0.40750000000000003,0,0.0244456859691191,0.023423942231299826,0.06630087495166939,0.06263650855380372,-0.0007805571074613988,True
"fast-subsystem monostable, no memory",0.41000000000000003,0,0.024832161571431914,0.023804503727582617,0.06755255645716718,0.06358740948027991,-0.0007810402019642899,True
"fast-subsystem monostable, no memory",0.41250000000000003,0,0.025225029282372392,0.0241913968706274,0.06882627127306912,0.06455283291860647,-0.0007815312866029654,True
"fast-subsystem monostable, no memory",0.41500000000000004,0,0.025624404108304112,0.024584736342494987,0.07012237258773878,0.06553300399418095,-0.0007820305051353802,True
"fast-subsystem monostable, no memory",0.4175,0,0.02603040343537707,0.02498463919597661,0.07144121822739428,0.06652815145726794,-0.0007825380042942212,True
"fast-subsystem monostable, no memory",0.42,0,0.02644314708924951,0.02539122491423135,0.07278317068169067,0.06753850774709079,-0.0007830539338615619,True
"fast-subsystem monostable, no memory",0.4225,0,0.02686275739666239,0.025804615472267062,0.07414859712803559,0.06856430905730605,-0.000783578446745828,True
"fast-subsystem monostable, no memory",0.425,0,0.02728935924893608,0.026224935400334277,0.07553786945457501,0.06960579540290007,-0.00078411169906117,True
"fast-subsystem monostable, no memory",0.4275,0,0.02772308016746205,0.02665231184930573,0.07695136428178297,0.07066321068855055,-0.0007846538502093276,True
"fast-subsystem monostable, no memory",0.43,0,0.028164050371265598,0.027086874658117214,0.07838946298258949,0.0717368027784964,-0.000785205062964082,True
"fast-subsystem monostable, no memory",0.4325,0,0.028612402846718822,0.027528756423348847,0.07985255170097806,0.07282682356796116,-0.0007857655035583984,True
"fast-subsystem monostable, no memory",0.435,0,0.029068273419487,0.02797809257102964,0.0813410213689833,0.07393352905617774,-0.0007863353417743586,True
"fast-subsystem monostable, no memory",0.4375,0,0.029531800828794655,0.02843502143075139,0.08285526772201746,0.07505717942106255,-0.0007869147510359933,True
"fast-subsystem monostable, no memory",0.44,0,0.03000312680410249,0.028899684312182785,0.08439569131245388,0.07619803909559164,-0.0007875039085051282,True
"fast-subsystem monostable, no memory",0.4425,0,0.0304823961442895,0.029372225584077746,0.0859626975213937,0.07735637684593098,-0.0007881029951803619,True
"fast-subsystem monostable, no memory",0.445,0,0.03096975679943953,0.02985279275587694,0.08755669656853997,0.0785324658513764,-0.0007887121959992993,True
"fast-subsystem monostable, no memory",0.4475,0,0.03146535995533621,0.030341536562006045,0.08917810352010419,0.0797265837861618,-0.0007893316999441703,True
"fast-subsystem monostable, no memory",0.45,0,0.031969360120774656,0.030838611048978767,0.0908273382946672,0.08093901290319529,-0.0007899617001509684,True
"fast-subsystem monostable, no memory",0.4525,0,0.032481915217803595,0.03134417366541798,0.09250482566691531,0.0821700401197856,-0.0007906023940222543,True
"fast-subsystem monostable, no memory",0.455,0,0.03300318667501714,0.031858385355113615,0.09421099526917327,0.08341995710542525,-0.0007912539833437714,True
"fast-subsystem monostable, no memory",0.4575,0,0.03353333952402089,0.03238141065324164,0.09594628159065258,0.08468906037169828,-0.0007919166744050261,True
"fast-subsystem monostable, no memory",0.46,0,0.034072542499202954,0.03291341778587434,0.09771112397433407,0.08597765136438353,-0.0007925906781240037,True
"fast-subsystem monostable, no memory",0.4625,0,0.03462096814094688,0.03345457877291811,0.09950596661140179,0.0872860365578282,-0.0007932762101761835,True
"fast-subsystem monostable, no memory",0.465,0,0.03517879290243045,0.03400506953462251,0.10133125853314637,0.08861452755166968,-0.0007939734911280381,True
"fast-subsystem monostable, no memory",0.4675,0,0.035746197260160525,0.0345650700018099,0.10318745360025293,0.08996344116998613,-0.0007946827465752006,True
"fast-subsystem monostable, no memory",0.47000000000000003,0,0.036323365828402274,0.03513476422998368,0.10507501048939008,0.09133309956296055,-0.0007954042072855028,True
"fast-subsystem monostable, no memory",0.47250000000000003,0,0.036910487477668785,0.03571434051748017,0.1069943926770159,0.09272383031114821,-0.0007961381093470859,True
"fast-subsystem monostable, no memory",0.47500000000000003,0,0.037507755457444766,0.036303991527837524,0.10894606842031511,0.0941359665324379,-0.0007968846943218059,True
"fast-subsystem monostable, no memory",0.47750000000000004,0,0.03811536752332777,0.03690391441656412,0.11093051073518381,0.09556984699180592,-0.0007976442094041596,True
"fast-subsystem monostable, no memory",0.48,0,0.038733526068778515,0.037514310962497355,0.11294819737117644,0.09702581621396265,-0.0007984169075859731,True
"fast-subsystem monostable, no memory",0.4825,0,0.03936243826168255,0.03813538770395428,0.11499961078333058,0.09850422459899849,-0.0007992030478271031,True
"fast-subsystem monostable, no memory",0.485,0,0.04000231618593521,0.03876735607988526,0.11708523810078608,0.10000542854113954,-0.000800002895232419,True
"fast-subsystem monostable, no memory",0.4875,0,0.04065337698827319,0.03941043257625291,0.11920557109211465,0.10152979055072979,-0.0008008167212353414,True
"fast-subsystem monostable, no memory",0.49,0,0.04131584303058718,0.04006483887787001,0.12136110612727741,0.10307767937956061,-0.0008016448037882339,True
"fast-subsystem monostable, no memory",0.4925,0,0.04198994204796283,0.04073080202594258,0.12355234413612991,0.10464947014967603,-0.0008024874275599535,True
"fast-subsystem monostable, no memory",0.495,0,0.04267590731270951,0.04140855458157642,0.12577979056339297,0.10624554448578578,-0.0008033448841408868,True
"fast-subsystem monostable, no memory",0.4975,0,0.0433739778046512,0.042098334795520595,0.12804395532001242,0.10786629065142805,-0.000804217472255814,True
"fast-subsystem monostable, no memory",0.5,0,0.04408439838796707,0.04280038678443405,0.13034535273082953,0.1095121036890265,-0.0008051054979849589,True
"fast-subsystem monostable, no memory",0.5025000000000001,0,0.044807419994886036,0.043514960713978326,0.1326845014784887,0.11118338556399715,-0.0008060092749936075,True
"fast-subsystem monostable, no memory",0.505,0,0.04554329981655532,0.04424231298905537,0.13506192454350976,0.11288054531306553,-0.000806929124770694,True
"fast-subsystem monostable, no memory",0.5075000000000001,0,0.046292301501420566,0.044982706451526376,0.1374781491404555,0.11460399919696415,-0.0008078653768767756,True
"fast-subsystem monostable, no memory",0.51,0,0.04705469536147347,0.04573641058576609,0.13993370665012708,0.1163541708576871,-0.0008088183692018418,True
"fast-subsystem monostable, no memory",0.5125,0,0.04783075858674328,0.04650370173242766,0.1424291325477266,0.11813149148049,-0.0008097884482334291,True
"fast-subsystem monostable, no memory",0.515,0,0.04862077546842819,0.047284863310812046,0.1449649663269253,0.11993639996082998,-0.0008107759693355351,True
"fast-subsystem monostable, no memory",0.5175,0,0.04942503763108558,0.04808018605025948,0.14754175141978212,0.12176934307645126,-0.0008117812970388569,True
"fast-subsystem monostable, no memory",0.52,0,0.050243844274324684,0.04888996823100456,0.15016003511246656,0.12363077566483585,-0.0008128048053429058,True
"fast-subsystem monostable, no memory",0.5225,0,0.0510775024244674,0.04971451593495872,0.15282036845673255,0.1255211608062418,-0.0008138468780305841,True
"fast-subsystem monostable, no memory",0.525,0,0.05192632719667392,0.05055414330691481,0.1555233061771115,0.12744097001257315,-0.0008149079089958424,True
"fast-subsystem monostable, no memory",0.5275,0,0.05279064206805417,0.051409172826692336,0.1582694065737838,0.1293906834223293,-0.0008159883025850677,True
"fast-subsystem monostable, no memory",0.53,0,0.05367077916231984,0.05227993559277617,0.16105923142110523,0.13137079000190044,-0.0008170884739528997,True
"fast-subsystem monostable, no memory",0.5325,0,0.05456707954656166,0.05316677161803045,0.16389334586176452,0.13338178775348597,-0.000818208849433202,True
"fast-subsystem monostable, no memory",0.535,0,0.05547989354077311,0.05407003013810659,0.16677231829656086,0.1354241839299306,-0.0008193498669259663,True
"fast-subsystem monostable, no memory",0.5375,0,0.05640958104077616,0.05499006993319825,0.16969672026979254,0.13749849525678265,-0.0008205119763009702,True
"fast-subsystem monostable, no memory",0.54,0,0.057356511855247275,0.055927259663838075,0.17266712635026366,0.1396052481619044,-0.0008216956398190591,True
"fast-subsystem monostable, no memory",0.5425,0,0.05832106605757975,0.05688197822146976,0.17568411400791525,0.1417449790129699,-0.0008229013325719746,True
"fast-subsystem monostable, no memory",0.545,0,0.0593036343533678,0.05785461509457702,0.17874826348610945,0.14391823436321666,-0.0008241295429417098,True
"fast-subsystem monostable, no memory",0.5475,0,0.060304618464340376,0.05884557075119432,0.18186015766958794,0.14612557120582276,-0.0008253807730804254,True
"fast-subsystem monostable, no memory",0.55,0,0.06132443152963041,0.05985525703868097,0.18502038194815984,0.14836755723731712,-0.0008266555394120381,True
"fast-subsystem monostable, no memory",0.5525,0,0.062363498525312644,0.06088409760168792,0.1882295240761597,0.15064477113043545,-0.0008279543731566408,True
"fast-subsystem monostable, no memory",0.555,0,0.06342225670320836,0.06193252831931142,0.19148817402775153,0.15295780281687169,-0.0008292778208790104,True
"fast-subsystem monostable, no memory",0.5575,0,0.06450115605001297,0.06300099776248473,0.19479692384815003,0.15530725378038826,-0.0008306264450625162,True
"fast-subsystem monostable, no memory",0.56,0,0.06560065976787363,0.0640899676727307,0.19815636750085644,0.15769373736078127,-0.000832000824709842,True
"fast-subsystem monostable, no memory",0.5625,0,0.0667212447776114,0.0651999134634639,0.20156710071100725,0.16011787906921526,-0.0008334015559720142,True
"fast-subsystem monostable, no memory",0.5650000000000001,0,0.06786340224586512,0.06633132474511512,0.20502972080496346,0.1625803169154811,-0.0008348292528073314,True
"fast-subsystem monostable, no memory",0.5675,0,0.06902763813751117,0.06748470587542546,0.20854482654626794,0.16508170174774947,-0.0008362845476718888,True
"fast-subsystem monostable, no memory",0.5700000000000001,0,0.07021447379480666,0.06866057653635238,0.21211301796812684,0.1676226976054321,-0.0008377680922435083,True
"fast-subsystem monostable, no memory",0.5725,0,0.07142444654479466,0.0698594723391192,0.21573489620257558,0.17020398208578966,-0.0008392805581809933,True
"fast-subsystem monostable, no memory",0.5750000000000001,0,0.07265811033661651,0.07108194545904635,0.21941106330651838,0.17282624672496738,-0.0008408226379207705,True
"fast-subsystem monostable, no memory",0.5775,0,0.07391603641048117,0.07232856530190686,0.2231421220848348,0.17549019739416688,-0.0008423950455131013,True
"fast-subsystem monostable, no memory",0.58,0,0.07519881400016465,0.0735999192036711,0.22692867591077617,0.17819655471171206,-0.0008439985175002058,True
"fast-subsystem monostable, no memory",0.5825,0,0.07650705107103373,0.0748966131656269,0.230771328543879,0.1809460544717969,-0.0008456338138387921,True
"fast-subsystem monostable, no memory",0.585,0,0.07784137509573003,0.07621927262700154,0.23467068394565554,0.18373944809075524,-0.0008473017188696624,True
"fast-subsystem monostable, no memory",0.5875,0,0.07920243386979242,0.07756854327735452,0.23862734609332328,0.18657750307173027,-0.0008490030423372405,True
"fast-subsystem monostable, no memory",0.59,0,0.08059089636965605,0.07894509191116897,0.24264191879186395,0.1894610034886718,-0.0008507386204620701,True
"fast-subsystem monostable, no memory",0.5925,0,0.08200745365563622,0.08034960732723875,0.24671500548471623,0.19239075049063958,-0.0008525093170695453,True
"fast-subsystem monostable, no memory",0.595,0,0.08345281982268604,0.08178280127562908,0.25084720906341873,0.19536756282743714,-0.0008543160247783575,True
"fast-subsystem monostable, no memory",0.5975,0,0.08492773300191658,0.08324540945518626,0.2550391316765423,0.19839227739765983,-0.0008561596662523957,True
"fast-subsystem monostable, no memory",0.6,0,0.08643295641607865,0.08473819256478299,0.2592913745382588,0.20146574982029306,-0.0008580411955200983,True
"fast-subsystem monostable, no memory",0.6025,0,0.08796927949243455,0.08626193741171309,0.26360453773691045,0.20458885503105242,-0.0008599615993655431,True
"fast-subsystem monostable, no memory",0.605,0,0.08953751903669502,0.08781745808089565,0.26797922004395,0.20776248790472004,-0.0008619218987958688,True
"fast-subsystem monostable, no memory",0.6075,0,0.09113852047196314,0.08940559716881451,0.2724160187236359,0.21098756390479098,-0.000863923150589954,True
"fast-subsystem monostable, no memory",0.61,0,0.09277315914691234,0.09102722708640265,0.27691552934386493,0.2142650197618028,-0.0008659664489336405,True
"fast-subsystem monostable, no memory",0.6125,0,0.09444234171773638,0.0926832514353912,0.28147834558852963,0.2175958141817879,-0.0008680529271471705,True
"fast-subsystem monostable, no memory",0.615,0,0.09614700760874292,0.09437460646297487,0.2861050590717831,0.2209809285863497,-0.0008701837595109286,True
"fast-subsystem monostable, no memory",0.6175,0,0.0978881305568213,0.09610226260000342,0.2907962591545817,0.2244213678859268,-0.0008723601631960265,True
"fast-subsystem monostable, no memory",0.62,0,0.09966672024540507,0.09786722608829768,0.2955525327638622,0.2279181612878712,-0.0008745834003067563,True
"fast-subsystem monostable, no memory",0.6225,0,0.10148382403396725,0.09967054070310355,0.30037446421468184,0.2314723631410282,-0.0008768547800424591,True
"fast-subsystem monostable, no memory",0.625,0,0.10334052878953903,0.10151328957715033,0.30526263503561296,0.23508505381855888,-0.0008791756609869238,True
"fast-subsystem monostable, no memory",0.6275000000000001,0,0.10523796282722972,0.10339659713326284,0.31021762379764245,0.23875734064080398,-0.0008815474535340371,True
"fast-subsystem monostable, no memory",0.63,0,0.10717729796724917,0.10532163113300105,0.3152400059467539,0.24249035884002662,-0.0008839716224590614,True
"fast-subsystem monostable, no memory",0.6325000000000001,0,0.10915975171650075,0.10728960484936362,0.32033035364029916,0.2462852725689132,-0.000886449689645626,True
"fast-subsystem monostable, no memory",0.635,0,0.11118658958342026,0.10930177937219888,0.3254892355871647,0.2501432759547351,-0.0008889832369792753,True
"fast-subsystem monostable, no memory",0.6375000000000001,0,0.11325912753538925,0.11135946605561697,0.33071721689160777,0.2540655942010803,-0.0008915739094192364,True
"fast-subsystem monostable, no memory",0.64,0,0.11537873460875642,0.11346402911740029,0.3360148589004984,0.2580534847390621,-0.0008942234182609455,True
"fast-subsystem monostable, no memory",0.6425,0,0.11754683568225052,0.11561688840115726,0.3413827190535024,0.2621082384298683,-0.0008969335446028131,True
"fast-subsystem monostable, no memory",0.645,0,0.1197649144253786,0.11781952231277235,0.34682135073552944,0.2662311808204598,-0.0008997061430317232,True
"fast-subsystem monostable, no memory",0.6475,0,0.12203451643426086,0.12007347094356101,0.35233130313048233,0.2704236734541136,-0.0009025431455428261,True
"fast-subsystem monostable, no memory",0.65,0,0.1243572525682807,0.12238033939346321,0.3579131210750384,0.2746871152373715,-0.0009054465657103508,True
"fast-subsystem monostable, no memory",0.6525,0,0.12673480250189428,0.1247418013085734,0.3635673449107717,0.27902294386472887,-0.0009084185031273678,True
"fast-subsystem monostable, no memory",0.655,0,0.12916891850699103,0.12715960264834916,0.3692945103324855,0.28343263730213997,-0.0009114611481337387,True
"fast-subsystem monostable, no memory",0.6575,0,0.13166142948227577,0.12963556569892,0.37509514823003476,0.28791771533003074,-0.0009145767868528448,True
"fast-subsystem monostable, no memory",0.66,0,0.13421424524729808,0.13217159335006973,0.3809697845202731,0.2924797411460564,-0.0009177678065591227,True
"fast-subsystem monostable, no memory",0.6625,0,0.1368293611199356,0.1347696736546476,0.386918939964939,0.29712032302722213,-0.0009210367013999195,True
"fast-subsystem monostable, no memory",0.665,0,0.13950886279737745,0.13743188469040218,0.3929431299693688,0.3018411160502396,-0.0009243860784967218,True
"fast-subsystem monostable, no memory",0.6675,0,0.14225493156189978,0.1401603997454786,0.39904286435577396,0.3066438238680243,-0.0009278186644523748,True
"fast-subsystem monostable, no memory",0.67,0,0.14506984983399956,0.14295749285009518,0.40521864710350414,0.31153020053906816,-0.0009313373122924995,True
"fast-subsystem monostable, no memory",0.6725,0,0.14795600709668444,0.1458255446781523,0.4114709760470964,0.3165020524049274,-0.0009349450088708555,True
"fast-subsystem monostable, no memory",0.675,0,0.15091590621592715,0.14876704884373979,0.41780034252105375,0.32156124000927694,-0.0009386448827699089,True
"fast-subsystem monostable, no memory",0.6775,0,0.15395217018337237,0.15178461861859757,0.42420723093801377,0.32670968004971224,-0.0009424402127292154,True
"fast-subsystem monostable, no memory",0.68,0,0.1570675493083445,0.15488099409755549,0.4306921182843369,0.3319493473507691,-0.0009463344366354307,True
"fast-subsystem monostable, no memory",0.6825,0,0.1602649288868942,0.15805904983968105,0.4372554735139394,0.3372822768432336,-0.0009503311611086178,True
"fast-subsystem monostable, no memory",0.685,0,0.1635473373760119,0.16132180301327403,0.4438977568174649,0.3427105655307338,-0.0009544341717200149,True
"fast-subsystem monostable, no memory",0.6875,0,0.16691795510102814,0.16467242207276317,0.450619418739384,0.34823637441956007,-0.0009586474438762851,True
"fast-subsystem monostable, no memory",0.6900000000000001,0,0.17038012352350385,0.16811423599487724,0.4574208991103133,0.35386193038155284,-0.0009629751544043797,True
"fast-subsystem monostable, no memory",0.6925,0,0.17393735509532537,0.17165074409991493,0.4643026257555037,0.3595895279124272,-0.0009674216938691567,True
"fast-subsystem monostable, no memory",0.6950000000000001,0,0.1775933437220188,0.17528562648129384,0.47126501293293926,0.36542153073883615,-0.0009719916796525235,True
"fast-subsystem monostable, no memory",0.6975,0,0.18135197585409568,0.1790227550624233,0.4783084594455127,0.37136037321640586,-0.0009766899698176194,True
"fast-subsystem monostable, no memory",0.7000000000000001,0,0.18521734221913305,0.18286620529392542,0.4854333463611268,0.3774085614475771,-0.0009815216777739164,True
"fast-subsystem monostable, no memory",0.7025,0,0.1891937501986426,0.18682026849569022,0.4926400342618607,0.3835686740317382,-0.000986492187748303,True
"fast-subsystem monostable, no memory",0.705,0,0.1932857368419394,0.19088946483654445,0.49992885992830083,0.3898433623403491,-0.0009916071710524242,True
"fast-subsystem monostable, no memory",0.7075,0,0.19749808249319833,0.19507855692846718,0.5073001323471892,0.3962353501857008,-0.000996872603116498,True
"fast-subsystem monostable, no memory",0.71,0,0.20183582498657304,0.19939256399118807,0.5147541279092495,0.4027474327228078,-0.0010022947812332163,True
"fast-subsystem monostable, no memory",0.7125,0,0.20630427433616677,0.20383677651519336,0.5222910846387666,0.4093824743886276,-0.0010078803429202086,True
"fast-subsystem monostable, no memory",0.715,0,0.21090902781096355,0.2084167713148213,0.5299111952665132,0.4161434056400812,-0.0010136362847637044,True
"fast-subsystem monostable, no memory",0.7175,0,0.2156559852372607,0.2131384268159848,0.5376145989221505,0.42303321820074424,-0.0010195699815465757,True
"fast-subsystem monostable, no memory",0.72,0,0.22055136430983635,0.21800793836227647,0.5454013711803753,0.43005495846386954,-0.0010256892053872953,True
"fast-subsystem monostable, no memory",0.7225,0,0.22560171561451242,0.22303183324528475,0.55327151214586,0.4372117186245766,-0.0010320021445181405,True
"fast-subsystem monostable, no memory",0.725,0,0.23081393696457841,0.22821698506555657,0.5612249322044189,0.44450662502435917,-0.001038517421205723,True
"fast-subsystem monostable, no memory",0.7275,0,0.23619528652641908,0.2335706269045025,0.5692614350007892,0.45194282308398376,-0.0010452441081580238,True
"fast-subsystem monostable, no memory",0.73,0,0.24175339404924184,0.2391003626282977,0.5773806971260168,0.45952345807370654,-0.0010521917425615522,True
"fast-subsystem monostable, no memory",0.7325,0,0.24749626931238455,0.2448141754448826,0.5855822439090252,0.4672516508197786,-0.0010593703366404805,True
"fast-subsystem monostable, no memory",0.735,0,0.25343230665243255,0.2507204325856894,0.5938654206073535,0.4751304672709466,-0.0010667903833155407,True
"fast-subsystem monostable, no memory",0.7375,0,0.2595702841211348,0.2568278846746093,0.6022293581819927,0.48316288064617163,-0.0010744628551514186,True
"fast-subsystem monostable, no memory",0.74,0,0.26591935544290246,0.2631456579670337,0.6106729327229281,0.4913517246545702,-0.001082399194303628,True
"fast-subsystem monostable, no memory",0.7425,0,0.27248903247614986,0.2696832371802343,0.6191947174697779,0.49969963602236755,-0.0010906112905951875,True
"fast-subsystem monostable, no memory",0.745,0,0.2792891553256137,0.2764504360826177,0.6277929262536749,0.5082089842851549,-0.001099111444157017,True
"fast-subsystem monostable, no memory",0.7475,0,0.28632984659585037,0.2834573523562535,0.6364653470849504,0.5168817865187588,-0.0011079123082448129,True
"fast-subsystem monostable, no memory",0.75,0,0.2936214455188546,0.29071430249391544,0.6452092645461108,0.5257196044096674,-0.0011170268068985683,True
"fast-subsystem monostable, no memory",0.7525000000000001,0,0.30117441684270163,0.2982317316500088,0.6540213696504128,0.534723420840778,-0.001126468021053377,True
"fast-subsystem monostable, no memory",0.755,0,0.3089992284649582,0.30602009246546,0.6628976559353663,0.5438934930438086,-0.0011362490355811977,True
"fast-subsystem monostable, no memory",0.7575000000000001,0,0.31710619089751746,0.3140896859924415,0.6718333008362581,0.5532291794252255,-0.001146382738621897,True
"fast-subsystem monostable, no memory",0.76,0,0.32550525086813076,0.3224504570643631,0.6808225319051162,0.5627287375198434,-0.0011568815635851634,True
"fast-subsystem monostable, no memory",0.7625000000000001,0,0.3342057308733849,0.3311117359635614,0.6898584783042809,0.5723890913166415,-0.0011677571635917313,True
"fast-subsystem monostable, no memory",0.765,0,0.34321600655903806,0.3400819182924216,0.6989330093280495,0.5822055676279372,-0.0011790200081987976,True
"fast-subsystem monostable, no memory",0.7675000000000001,0,0.3525431147815048,0.34936807591569125,0.7080365636170992,0.5921716034657333,-0.001190678893476881,True
"fast-subsystem monostable, no memory",0.77,0,0.3621922875740452,0.35897549418459884,0.717157975341883,0.6022784297924197,-0.0012027403594675565,True
"fast-subsystem monostable, no memory",0.7725,0,0.3721664115682318,0.3689071349391578,0.726284307003916,0.6125147417391286,-0.0012152080144602897,True
"fast-subsystem monostable, no memory",0.775,0,0.38246541929088373,0.37916303159633497,0.735400702582928,0.6228663715279655,-0.0012280817741136046,True
"fast-subsystem monostable, no memory",0.7775,0,0.393085628629006,0.38973963242777715,0.744490279286386,0.6333159877408376,-0.0012413570357862574,True
"fast-subsystem monostable, no memory",0.78,0,0.4040190597206996,0.40062912100450765,0.7535340805764037,0.643842852677463,-0.0012550238246508744,True
"fast-subsystem monostable, no memory",0.7825,0,0.41525277397058935,0.4118187581280519,0.7625111165133264,0.6544226771767382,-0.0012690659674632367,True
"fast-subsystem monostable, no memory",0.785,0,0.42676829610084255,0.4232903056910246,0.7713985184264924,0.6650276175787618,-0.001283460370126053,True
"fast-subsystem monostable, no memory",0.7875,0,0.43854119407678716,0.4350196067837756,0.7801718319111549,0.6756264600044166,-0.0012981764925959838,True
"fast-subsystem monostable, no memory",0.79,0,0.4505408990573956,0.44697640368622693,0.7888054636861129,0.6861850301484064,-0.0013131761238217444,True
"fast-subsystem monostable, no memory",0.7925,0,0.46273084330147296,0.45912447127161077,0.7972732831882888,0.6966668502650492,-0.0013284135541268413,True
"fast-subsystem monostable, no memory",0.795,0,0.47506897416450833,0.47142212377305637,0.80554935964123,0.7070340386801084,-0.0013438362177056354,True
"fast-subsystem monostable, no memory",0.7975,0,0.48750866575978946,0.48382311662686384,0.8136087924161925,0.7172484135293812,-0.001359385832199737,True
"fast-subsystem monostable, no memory",0.8,0,0.5,0.49627791563275436,0.8214285714285714,0.7272727272727273,-0.001375,True
"fast-subsystem monostable, no memory",0.8025,0,0.5124913342402102,0.5087352515419101,0.8289883906413466,0.737071929952925,-0.0013906141678002627,True
"fast-subsystem monostable, no memory",0.805,0,0.5249310258354918,0.5211438315318134,0.836271336197589,0.7466143452777443,-0.0014061637822943645,True
"fast-subsystem monostable, no memory",0.8075,0,0.5372691566985266,0.533454051869368,0.8432643832040065,0.7558726495433464,-0.0014215864458731581,True
"fast-subsystem monostable, no memory",0.81,0,0.549459100942604,0.545619555919467,0.8499586597478925,0.7648245690405511,-0.001436823876178255,True
"fast-subsystem monostable, no memory",0.8125,0,0.5614588059232126,0.5575985085562845,0.8563494678472366,0.7734532511147293,-0.0014518235074040158,True
"fast-subsystem monostable, no memory",0.8150000000000001,0,0.573231703899157,0.5693545045125988,0.8624360815602515,0.7817473080470769,-0.0014665396298739462,True
"fast-subsystem monostable, no memory",0.8175,0,0.5847472260294106,0.580857082267436,0.868221366078948,0.7897005716423019,-0.0014809340325367634,True
"fast-subsystem monostable, no memory",0.8200000000000001,0,0.5959809402793004,0.5920818645856873,0.8737112746610441,0.7973116228960899,-0.0014949761753491255,True
"fast-subsystem monostable, no memory",0.8225,0,0.6069143713709935,0.6030103831759637,0.8789142823574269,0.8045831727817702,-0.0015086429642137415,True
"fast-subsystem monostable, no memory",0.8250000000000001,0,0.6175345807091159,0.6136296646612716,0.8838408089153735,0.8115213685011909,-0.0015219182258863948,True
"fast-subsystem monostable, no memory",0.8275,0,0.6278335884317681,0.6239316593236114,0.8885026714920007,0.8181350884641089,-0.00153479198553971,True
"fast-subsystem monostable, no memory",0.8300000000000001,0,0.6378077124259547,0.6339125868920398,0.8929125943735818,0.8244352734573651,-0.001547259640532443,True
"fast-subsystem monostable, no memory",0.8325,0,0.6474568852184956,0.6435722598661505,0.8970837903808817,0.8304343249251029,-0.0015593211065231193,True
"fast-subsystem monostable, no memory",0.835,0,0.6567839934409616,0.6529134288031465,0.9010296185392783,0.8361455866639371,-0.0015709799918012018,True
"fast-subsystem monostable, no memory",0.8375,0,0.665794269126615,0.6619411786835319,0.9047633154055028,0.8415829148425595,-0.0015822428364082688,True
"fast-subsystem monostable, no memory",0.84,0,0.6744947491318691,0.6706623926027108,0.9082977929971595,0.8467603333368688,-0.0015931184364148363,True
"fast-subsystem monostable, no memory",0.8425,0,0.6828938091024823,0.6790852892311267,0.9116454940463854,0.8516917665448711,-0.0016036172613781026,True
"fast-subsystem monostable, no memory",0.845,0,0.6910007715350415,0.6872190336575178,0.9148182946753377,0.8563908394426991,-0.001613750964418802,True
"fast-subsystem monostable, no memory",0.8475,0,0.6988255831572983,0.6950734169243439,0.9178274449983208,0.8608707339546328,-0.0016235319789466229,True
"fast-subsystem monostable, no memory",0.85,0,0.7063785544811452,0.7026585972018413,0.9206835391391858,0.865144091115853,-0.0016329731931014313,True
"fast-subsystem monostable, no memory",0.8525,0,0.7136701534041496,0.7099848945672463,0.9233965073881184,0.8692229495263134,-0.001642087691755187,True
"fast-subsystem monostable, no memory",0.855,0,0.7207108446743862,0.7170626312871359,0.9259756244979682,0.8731187118883069,-0.0016508885558429826,True
"fast-subsystem monostable, no memory",0.8575,0,0.7275109675238498,0.723902009981377,0.9284295293137453,0.8768421327692324,-0.0016593887094048124,True
"fast-subsystem monostable, no memory",0.86,0,0.7340806445570975,0.730513022817755,0.9307662519787729,0.8804033220055365,-0.001667600805696372,True
"fast-subsystem monostable, no memory",0.8625,0,0.7404297158788649,0.7369053857729939,0.932993245846209,0.8838117592979746,-0.001675537144848581,True
"fast-subsystem monostable, no memory",0.865,0,0.7465676933475673,0.7430884928895296,0.9351174219480601,0.8870763165174118,-0.0016832096166844589,True
"fast-subsystem monostable, no memory",0.8675,0,0.7525037306876154,0.7490713862950817,0.9371451844506378,0.8902052850442533,-0.0016906296633595194,True
"fast-subsystem monostable, no memory",0.87,0,0.7582466059507584,0.7548627385022998,0.9390824659761764,0.8932064061165019,-0.0016978082574384478,True
"fast-subsystem monostable, no memory",0.8725,0,0.7638047134735806,0.7604708441567901,0.9409347620164812,0.896086902680589,-0.0017047558918419756,True
"fast-subsystem monostable, no memory",0.875,0,0.7691860630354217,0.7659036189541895,0.942707163926063,0.898853511646383,-0.001711482578794277,True
"fast-subsystem monostable, no memory",0.8775000000000001,0,0.7743982843854875,0.7711686039075839,0.9444043901768212,0.9015125157630496,-0.0017179978554818592,True
"fast-subsystem monostable, no memory",0.88,0,0.7794486356901638,0.7762729735257402,0.9460308156987935,0.9040697745735968,-0.0017243107946127048,True
"fast-subsystem monostable, no memory",0.8825000000000001,0,0.7843440147627392,0.7812235467713861,0.9475904992338368,0.906530754088222,-0.001730430018453424,True
"fast-subsystem monostable, no memory",0.885,0,0.7890909721890367,0.7860267999181693,0.9490872087010667,0.9089005549527416,-0.0017363637152362956,True
"fast-subsystem monostable, no memory",0.8875000000000001,0,0.7936957256638333,0.7906888806248374,0.9505244446220258,0.9111839389887337,-0.0017421196570797915,True
"fast-subsystem monostable, no memory",0.89,0,0.798164175013427,0.7952156227045225,0.9519054616857829,0.9133853540548764,-0.0017477052187667838,True
"fast-subsystem monostable, no memory",0.8925000000000001,0,0.8025019175068016,0.7996125611932461,0.9532332885540208,0.9155089572308237,-0.001753127396883502,True
"fast-subsystem monostable, no memory",0.895,0,0.8067142631580606,0.8038849474213263,0.9545107460170746,0.9175586363610128,-0.0017583928289475756,True
"fast-subsystem monostable, no memory",0.8975,0,0.8108062498013573,0.8080377638694369,0.9557404636164292,0.9195380300199486,-0.0017635078122516968,True
"fast-subsystem monostable, no memory",0.9,0,0.814782657780867,0.8120757386520269,0.956924894849305,0.9214505459758806,-0.0017684783222260835,True
"fast-subsystem monostable, no memory",0.9025,0,0.8186480241459042,0.8160033595181032,0.9580663310680897,0.923299378238681,-0.0017733100301823804,True
"fast-subsystem monostable, no memory",0.905,0,0.8224066562779815,0.8198248872958894,0.9591669141825527,0.9250875227819612,-0.0017780083203474766,True
"fast-subsystem monostable, no memory",0.9075,0,0.8260626449046746,0.8235443687358132,0.96022864826677,0.9268177920303274,-0.001782578306130843,True
"fast-subsystem monostable, no memory",0.91,0,0.8296198764764962,0.8271656487275243,0.9612534101660472,0.9284928282012572,-0.00178702484559562,True
"fast-subsystem monostable, no memory",0.9125,0,0.8330820448989718,0.8306923818825971,0.9622429591922201,0.930115115588042,-0.0017913525561237147,True
"fast-subsystem monostable, no memory",0.915,0,0.8364526626239881,0.8341280434864029,0.9631989459888236,0.9316869918662306,-0.0017955658282799852,True
"fast-subsystem monostable, no memory",0.9175,0,0.8397350711131057,0.8374759398312721,0.9641229206409118,0.9332106585013638,-0.001799668838891382,True
"fast-subsystem monostable, no memory",0.92,0,0.8429324506916556,0.8407392179491795,0.9650163400979177,0.9346881903308548,-0.0018036655633645695,True
"fast-subsystem monostable, no memory",0.9225,0,0.8460478298166274,0.8439208747664031,0.965880574971901,0.9361215443878249,-0.001807559787270784,True
"fast-subsystem monostable, no memory",0.925,0,0.8490840937840731,0.8470237657053304,0.9667169157679181,0.9375125680297137,-0.0018113551172300913,True
"fast-subsystem monostable, no memory",0.9275,0,0.8520439929033155,0.850050612760185,0.9675265785980426,0.9388630064296394,-0.0018150549911291442,True
"fast-subsystem monostable, no memory",0.93,0,0.8549301501660005,0.8530040120742199,0.968310710425789,0.9401745094838617,-0.0018186626877075007,True
"fast-subsystem monostable, no memory",0.9325,0,0.8577450684381001,0.8558864410460161,0.969070393883303,0.9414486381843217,-0.0018221813355476248,True
"fast-subsystem monostable, no memory",0.935,0,0.8604911372026227,0.8587002649922111,0.9698066516997066,0.9426868705011433,-0.0018256139215032782,True
"fast-subsystem monostable, no memory",0.9375,0,0.8631706388800642,0.8614477433932777,0.970520450775346,0.9438906068161671,-0.0018289632986000803,True
"fast-subsystem monostable, no memory",0.9400000000000001,0,0.8657857547527019,0.8641310357480779,0.9712127059334063,0.945061174945062,-0.0018322321934408775,True
"fast-subsystem monostable, no memory",0.9425,0,0.8683385705177242,0.8667522070618285,0.9718842833773735,0.9461998347823065,-0.0018354232131471554,True
"fast-subsystem monostable, no memory",0.9450000000000001,0,0.8708310814930089,0.8693132329909612,0.9725360038801361,0.9473077826003482,-0.0018385388518662611,True
"fast-subsystem monostable, no memory",0.9475,0,0.8732651974981054,0.8718160046671284,0.9731686457280735,0.9483861550315116,-0.0018415814968726317,True
"fast-subsystem monostable, no memory",0.9500000000000001,0,0.8756427474317192,0.8742623332213698,0.9737829474412966,0.949436032758721,-0.0018445534342896488,True
"fast-subsystem monostable, no memory",0.9525,0,0.8779654835657391,0.8766539540282166,0.9743796102892072,0.9504584439388231,-0.0018474568544571738,True
"fast-subsystem monostable, no memory",0.9550000000000001,0,0.8802350855746215,0.8789925306883082,0.9749593006187683,0.9514543673802113,-0.001850293856968277,True
"fast-subsystem monostable, no memory",0.9575,0,0.8824531643177496,0.8812796587669111,0.9755226520112572,0.9524247354945554,-0.0018530664553971868,True
"fast-subsystem monostable, no memory",0.96,0,0.8846212653912435,0.8835168693046128,0.9760702672818174,0.9533704370407153,-0.0018557765817390542,True
"fast-subsystem monostable, no memory",0.9625,0,0.8867408724646109,0.885705632115385,0.9766027203348219,0.9542923196773477,-0.0018584260905807636,True
"fast-subsystem monostable, no memory",0.965,0,0.8888134104165797,0.8878473588861854,0.977120557886862,0.9551911923392833,-0.0018610167630207244,True
"fast-subsystem monostable, no memory",0.9675,0,0.8908402482834992,0.8899434060913142,0.9776243010681237,0.9560678274514589,-0.0018635503103543738,True
"fast-subsystem monostable, no memory",0.97,0,0.8928227020327508,0.8919950777338226,0.9781144469119324,0.9569229629930033,-0.0018660283775409384,True
"fast-subsystem monostable, no memory",0.9725,0,0.8947620371727703,0.89400362792543,0.978591469741388,0.9577573044230052,-0.0018684525464659626,True
"fast-subsystem monostable, no memory",0.975,0,0.8966594712104607,0.8959702633156026,0.9790558224612133,0.9585715264785142,-0.0018708243390130757,True
"fast-subsystem monostable, no memory",0.9775,0,0.8985161759660327,0.8978961453797092,0.979507937762235,0.9593662748544394,-0.001873145219957541,True
"fast-subsystem monostable, no memory",0.98,0,0.9003332797545949,0.899782392575467,0.979948229245266,0.9601421677741999,-0.0018754165996932436,True
"fast-subsystem monostable, no memory",0.9825,0,0.9021118694431787,0.9016300823762601,0.9803770924705724,0.9608997974592501,-0.0018776398368039733,True
"fast-subsystem monostable, no memory",0.985,0,0.903852992391257,0.9034402531892924,0.9807949059385848,0.9616397315049282,-0.0018798162404890714,True
"fast-subsystem monostable, no memory",0.9875,0,0.9055576582822635,0.905213906165998,0.9812020320070307,0.9623625141694718,-0.0018819470728528294,True
"fast-subsystem monostable, no memory",0.99,0,0.9072268408530877,0.9069520069115993,0.9815988177492248,0.9630686675824843,-0.0018840335510663594,True
"fast-subsystem monostable, no memory",0.9925,0,0.9088614795280368,0.9086554871002306,0.9819855957578668,0.9637586928786316,-0.001886076849410046,True
"fast-subsystem monostable, no memory",0.995,0,0.9104624809633048,0.910325246001596,0.9823626848983308,0.9644330712618858,-0.0018880781012041309,True
"fast-subsystem monostable, no memory",0.9975,0,0.9120307205075655,0.911962151924714,0.982730391015105,0.9650922650052092,-0.0018900384006344567,True
"fast-subsystem monostable, no memory",1.0,0,0.9135670435839212,0.9135670435839212,0.9830890075947453,0.9657367183901874,-0.0018919588044799015,True
fast-subsystem monostable + slow memory,0.0,0,0.002057979983893235,0.0,0.002057979983893235,0.00546918749306714,-0.0007475542419820401,True
fast-subsystem monostable + slow memory,0.0025,0,0.0020896219219255973,0.0001611119446357438,0.0021130804937298823,0.005552985723966691,-0.0007475145611293162,True
fast-subsystem monostable + slow memory,0.005,0,0.0021217663891812026,0.00030441411609486406,0.0021694025662151637,0.005638105798845478,-0.0007474741372480096,True
fast-subsystem monostable + slow memory,0.0075,0,0.002154420859226399,0.00043348508233931565,0.002226970636395562,0.0057245670800582,-0.0007474329707174136,True
fast-subsystem monostable + slow memory,0.01,0,0.00218759314086785,0.0005510310178508439,0.002285809813222811,0.0058123898022086635,-0.0007473910533057793,True
fast-subsystem monostable + slow memory,0.0125,0,0.0022212913277369567,0.0006591368925035481,0.002345945844531922,0.005901594937873029,-0.0007473483731530766,True
fast-subsystem monostable + slow memory,0.015,0,0.0022555237654543593,0.0007594356112640941,0.002407405097362342,0.005992204109916011,-0.0007473049164892154,True
fast-subsystem monostable + slow memory,0.0175,0,0.002290299030052417,0.0008532247584016456,0.0024702145481828265,0.006084239533635625,-0.0007472606683382162,True
fast-subsystem monostable + slow memory,0.02,0,0.0023256259138178925,0.0009415489529627096,0.002534401779720558,0.0061777239785594604,-0.0007472156128424712,True
fast-subsystem monostable + slow memory,0.0225,0,0.0023615134161551667,0.0010252590808198987,0.002599994982333815,0.0062726807435286094,-0.0007471697334239816,True
fast-subsystem monostable + slow memory,0.025,0,0.0023979707379295796,0.0011050556395988847,0.0026670229586077928,0.006369133640983809,-0.0007471230128679487,True
fast-subsystem monostable + slow memory,0.0275,0,0.0024350072782790694,0.0011815209554949166,0.002735515130308652,0.006467106987769804,-0.0007470754333661569,True
fast-subsystem monostable + slow memory,0.03,0,0.0024726326332155137,0.0012551434686373165,0.0028055015471180863,0.006566625600657546,-0.0007470269765379566,True
fast-subsystem monostable + slow memory,0.0325,0,0.0025108565955523337,0.0013263362755863608,0.0028770128967562938,0.006667714795354261,-0.0007469776234380227,True
fast-subsystem monostable + slow memory,0.035,0,0.002549689155836565,0.0013954514535462045,0.002950080516223407,0.006770400388146956,-0.0007469273545557993,True
fast-subsystem monostable + slow memory,0.0375,0,0.0025891405040589094,0.0014627912452310225,0.0030247364039718764,0.006874708699577621,-0.0007468761498094532,True
fast-subsystem monostable + slow memory,0.04,0,0.0026292210319801184,0.0015286168790582084,0.00310101323287832,0.006980666559720222,-0.0007468239885359923,True
fast-subsystem monostable + slow memory,0.0425,0,0.002669941335957369,0.0015931555883213504,0.0031789443639227435,0.0070883013147496985,-0.00074677084947856,True
fast-subsystem monostable + slow memory,0.045,0,0.0027113122201859853,0.001656606244512822,0.003258563860510558,0.00719764083457713,-0.0007467167107715365,True
fast-subsystem monostable + slow memory,0.0475,0,0.002753344700294677,0.0017191439140847471,0.0033399065033928236,0.007308713521385673,-0.0007466615499238595,True
fast-subsystem monostable + slow memory,0.05,0,0.0027960500072488313,0.001780923571496071,0.0034230078061545455,0.007421548318945242,-0.000746605343800815,True
fast-subsystem monostable + slow memory,0.0525,0,0.0028394395915286126,0.001842083145569999,0.0035079040312516996,0.0075361747226161775,-0.000746548068604463,True
fast-subsystem monostable + slow memory,0.055,0,0.0028835251275574555,0.0019027460349809247,0.0035946322065856517,0.0076526227899755255,-0.0007464896998528198,True
fast-subsystem monostable + slow memory,0.0575,0,0.002928318518363309,0.0019630231979701576,0.0036832301426097678,0.0077709231520174385,-0.0007464302123578371,True
fast-subsystem monostable + slow memory,0.06,0,0.0029738319004602087,0.002023014898272251,0.0037737364499679767,0.007891107024892936,-0.0007463695802022292,True
fast-subsystem monostable + slow memory,0.0625,0,0.003020077648941551,0.0020828121716838285,0.003866190557668617,0.008013206222164273,-0.0007463077767151543,True
fast-subsystem monostable + slow memory,0.065,0,0.0030670683827796587,0.0021424980642738077,0.003960632731800163,0.008137253167557607,-0.0007462447744467415,True
fast-subsystem monostable + slow memory,0.0675,0,0.0031148169703285704,0.0022021486828717306,0.0040571040947978455,0.008263280908203746,-0.0007461805451414632,True
fast-subsystem monostable + slow memory,0.07,0,0.0031633365350289934,0.0022618340904190966,0.004155646645272333,0.008391323128362013,-0.0007461150597103119,True
fast-subsystem monostable + slow memory,0.0725,0,0.003212640461315956,0.002321619072468545,0.004256303278413571,0.00852141416362639,-0.0007460482882017574,True
fast-subsystem monostable + slow memory,0.075,0,0.0032627424007309388,0.00238156379615397,0.004359117806984343,0.008653589015616253,-0.0007459801997714516,True
fast-subsystem monostable + slow memory,0.0775,0,0.003313656278241506,0.0024417243790227404,0.004464134982919798,0.00878788336715729,-0.0007459107626506186,True
fast-subsystem monostable + slow memory,0.08,0,0.003365396298772287,0.0025021533819868306,0.004571400519550378,0.008924333597960125,-0.000745839944113109,True
fast-subsystem monostable + slow memory,0.0825,0,0.0034179769539520862,0.0025629002381372156,0.004680961114466995,0.00906297680080663,-0.0007457677104410295,True
fast-subsystem monostable + slow memory,0.085,0,0.0034714130290826022,0.00262401162714114,0.004792864473048473,0.009203850798255612,-0.0007456940268889267,True
fast-subsystem monostable + slow memory,0.08750000000000001,0,0.0035257196103349138,0.0026855318033018934,0.004907159332672504,0.009346994159881137,-0.00074561885764643,True
fast-subsystem monostable + slow memory,0.09,0,0.0035809120921806064,0.0027475028840260405,0.005023895487632637,0.009492446220058647,-0.0007455421657993086,True
fast-subsystem monostable + slow memory,0.0925,0,0.0036370061850648687,0.002809965104351642,0.005143123814784869,0.0096402470963149,-0.0007454639132888616,True
fast-subsystem monostable + slow memory,0.095,0,0.003694017923329649,0.0028729570422948558,0.005264896299948828,0.009790437708259807,-0.0007453840608695664,True
fast-subsystem monostable + slow memory,0.0975,0,0.0037519636733953365,0.0029365158190330747,0.005389266065089579,0.009943059797118918,-0.0007453025680649086,True
fast-subsystem monostable + slow memory,0.1,0,0.0038108601422101396,0.003000677277330819,0.005516287396307498,0.010098155945887035,-0.0007452193931213044,True
fast-subsystem monostable + slow memory,0.10250000000000001,0,0.0038707243859768675,0.003065476141105883,0.005646015772664993,0.01025576960012471,-0.0007451344929600286,True
fast-subsystem monostable + slow memory,0.105,0,0.00393157381916725,0.003130946158608732,0.005778507895879955,0.010415945089420254,-0.0007450478231270539,True
fast-subsystem monostable + slow memory,0.1075,0,0.003993426223834777,0.003197120231332999,0.005913821720917732,0.010578727649541927,-0.0007449593377406966,True
fast-subsystem monostable + slow memory,0.11,0,0.0040562997592372835,0.003264030530476234,0.006052016487514242,0.010744163445305424,-0.0007448689894369717,True
fast-subsystem monostable + slow memory,0.1125,0,0.004120212971781509,0.0033317086025187407,0.006193152752665096,0.010912299594184152,-0.0007447767293125353,True
fast-subsystem monostable + slow memory,0.115,0,0.004185184805302089,0.003400185465275452,0.006337292424116532,0.011083184190690168,-0.0007446825068651063,True
fast-subsystem monostable + slow memory,0.11750000000000001,0,0.004251234611688403,0.0034694916955956743,0.0064844987948961446,0.011256866331555974,-0.000744586269931237,True
fast-subsystem monostable + slow memory,0.12,0,0.00431838216187329,0.0035396575097322047,0.00663483657892301,0.01143339614174851,-0.000744487964621301,True
fast-subsystem monostable + slow memory,0.1225,0,0.004386647657198232,0.003610712837270509,0.006788371947738476,0.011612824801348138,-0.0007443875352515666,True
fast-subsystem monostable + slow memory,0.125,0,0.00445605174117061,0.0036826873893971985,0.006945172568401241,0.01179520457332756,-0.0007442849242732022,True
fast-subsystem monostable + slow memory,0.1275,0,0.004526615511629115,0.003755610722191067,0.007105307642591893,0.01198058883226666,-0.0007441800721980584,True
fast-subsystem monostable + slow memory,0.13,0,0.004598360533334601,0.0038295122955381046,0.007268847946974868,0.012169032094042062,-0.0007440729175210762,True
fast-subsystem monostable + slow memory,0.1325,0,0.004671308851004134,0.0039044215282009005,0.0074358658748674466,0.012360590046531034,-0.0007439633966391288,True
fast-subsystem monostable + slow memory,0.135,0,0.00474548300280722,0.003980367849512114,0.007606435479268223,0.012555319581372227,-0.0007438514437661312,True
fast-subsystem monostable + slow memory,0.1375,0,0.004820906034344015,0.004057380748108964,0.00778063251729992,0.0127532788268275,-0.0007437369908442215,True
fast-subsystem monostable + slow memory,0.14,0,0.004897601513126404,0.0041354898180801965,0.007958534496124032,0.012954527181791443,-0.0007436199674508015,True
fast-subsystem monostable + slow memory,0.14250000000000002,0,0.00497559354358389,0.004214724802857508,0.00814022072038777,0.013159125350997648,-0.0007435003007012353,True
fast-subsystem monostable + slow memory,0.145,0,0.005054906782617332,0.004295115637149212,0.008325772341266488,0.013367135381472934,-0.00074337791514696,True
fast-subsystem monostable + slow memory,0.1475,0,0.005135566455724964,0.004376692487184355,0.008515272407168395,0.013578620700294168,-0.0007432527326687922,True
fast-subsystem monostable + slow memory,0.15,0,0.005217598373726144,0.0044594857895095255,0.008708805916171207,0.013793646153704181,-0.0007431246723651504,True
fast-subsystem monostable + slow memory,0.1525,0,0.005301028950109858,0.0045435262885584,0.008906459870264274,0.014012278047647011,-0.0007429936504349311,True
fast-subsystem monostable + slow memory,0.155,0,0.005385885219036386,0.004628845073194565,0.009108323331473437,0.014234584189785538,-0.0007428595800547671,True
fast-subsystem monostable + slow memory,0.1575,0,0.0054721948540219605,0.004715473612411209,0.009314487479949594,0.014460633933067846,-0.0007427223712503455,True
fast-subsystem monostable + slow memory,0.16,0,0.005559986187338136,0.004803443790356921,0.009525045674106699,0.014690498220912711,-0.0007425819307614637,True
fast-subsystem monostable + slow memory,0.1625,0,0.005649288230158912,0.004892787940843827,0.009740093512898626,0.014924249634087425,-0.0007424381619005096,True
fast-subsystem monostable + slow memory,0.165,0,0.005740130693490905,0.0049835388814838165,0.009959728900329874,0.015161962439356238,-0.0007422909644039706,True
fast-subsystem monostable + slow memory,0.1675,0,0.0058325440099235275,0.00507572994758899,0.010184052112299589,0.01540371263998123,-0.0007421402342766076,True
fast-subsystem monostable + slow memory,0.17,0,0.00592655935623836,0.0051693950259647055,0.010413165865883959,0.01564957802816231,-0.000741985863627898,True
fast-subsystem monostable + slow memory,0.17250000000000001,0,0.006022208676918944,0.005264568588716674,0.010647175391167584,0.01589963823950746,-0.000741827740500281,True
fast-subsystem monostable + slow memory,0.17500000000000002,0,0.006119524708604872,0.005361285727188249,0.010886188505740775,0.01615397480963014,-0.0007416657486887888,True
fast-subsystem monostable + slow memory,0.1775,0,0.006218541005536064,0.005459582186138996,0.011130315691985524,0.016412671232975108,-0.000741499767551556,True
fast-subsystem monostable + slow memory,0.18,0,0.006319291966036448,0.005559494398272535,0.011379670177280747,0.016675813023981242,-0.0007413296718106958,True
fast-subsystem monostable + slow memory,0.1825,0,0.006421812860088456,0.005661059519218178,0.011634368017263553,0.016943487780694523,-0.0007411553313429815,True
fast-subsystem monostable + slow memory,0.185,0,0.006526139858053179,0.005764315463069172,0.011894528182291845,0.01721578525095194,-0.0007409766109597926,True
fast-subsystem monostable + slow memory,0.1875,0,0.0066323100605942525,0.005869300938578984,0.012160272647261713,0.017492797401264106,-0.0007407933701756499,True
fast-subsystem monostable + slow memory,0.19,0,0.006740361529866741,0.005976055486116103,0.012431726484941476,0.01777461848853106,-0.0007406054629647179,True
fast-subsystem monostable + slow memory,0.1925,0,0.006850333322036351,0.006084619515478129,0.012709017962994233,0.018061345134734813,-0.0007404127375045766,True
fast-subsystem monostable + slow memory,0.195,0,0.006962265521197998,0.006195034344666255,0.01299227864487051,0.01835307640476004,-0.000740215035906487,True
fast-subsystem monostable + slow memory,0.1975,0,0.007076199274767117,0.006307342239722467,0.013281643494763304,0.018649913887503606,-0.0007400121939313842,True
fast-subsystem monostable + slow memory,0.2,0,0.007192176830421592,0.0064215864557335646,0.01357725098682956,0.018951961780443678,-0.0007398040406907453,True
fast-subsystem monostable + slow memory,0.2025,0,0.00731024157467716,0.006537811279108424,0.013879243218894244,0.019259326977849465,-0.0007395903983314272,True
fast-subsystem monostable + slow memory,0.20500000000000002,0,0.007430438073184173,0.006656062071237735,0.014187766030866307,0.01957211916282389,-0.0007393710817035087,True
fast-subsystem monostable + slow memory,0.20750000000000002,0,0.00755281211283939,0.006776385313649004,0.014502969128110063,0.01989045090338352,-0.0007391458980101419,True
fast-subsystem monostable + slow memory,0.21,0,0.007677410745812373,0.006898828654773635,0.014825006210030543,0.020214437752793246,-0.0007389146464382806,True
fast-subsystem monostable + slow memory,0.2125,0,0.00780428233559261,0.007023440958447558,0.01515403510414763,0.020544198354386874,-0.0007386771177691548,True
fast-subsystem monostable + slow memory,0.215,0,0.007933476605170218,0.0071502723542720475,0.015490217905950942,0.020879854551119476,-0.0007384330939672418,True
fast-subsystem monostable + slow memory,0.2175,0,0.008065044687470956,0.007279374289967561,0.01583372112484668,0.021221531500114226,-0.0007381823477463895,True
fast-subsystem monostable + slow memory,0.22,0,0.008199039178173887,0.007410799585859717,0.01618471583652705,0.02156935779248267,-0.0007379246421117071,True
fast-subsystem monostable + slow memory,0.2225,0,0.00833551419104886,0.007544602491643938,0.01654337784211474,0.021923465578716356,-0.0007376597298756817,True
fast-subsystem monostable + slow memory,0.225,0,0.008474525415960582,0.007680838745583609,0.01690988783445858,0.022283990699968365,-0.000737387353146918,True
fast-subsystem monostable + slow memory,0.2275,0,0.008616130179695564,0.00781956563630494,0.017284431571980646,0.02265107282556347,-0.0007371072427897736,True
fast-subsystem monostable + slow memory,0.23,0,0.008760387509779716,0.007960842067362051,0.017667200060502913,0.02302485559710038,-0.0007368191178530285,True
fast-subsystem monostable + slow memory,0.2325,0,0.008907358201465695,0.008104728624755989,0.018058389743510154,0.02340548677953356,-0.0007365226849656315,True
fast-subsystem monostable + slow memory,0.23500000000000001,0,0.009057104888081986,0.008251287647603283,0.01845820270133729,0.023793118419649758,-0.0007362176376973745,True
fast-subsystem monostable + slow memory,0.23750000000000002,0,0.009209692114949462,0.008400583302162255,0.01886684685980335,0.024187907012383436,-0.0007359036558822577,True
fast-subsystem monostable + slow memory,0.24,0,0.009365186417086072,0.008552681659439334,0.019284536208851056,0.02459001367544742,-0.0007355804049020859,True
fast-subsystem monostable + slow memory,0.2425,0,0.009523656400936435,0.008707650776612633,0.019711491031790415,0.024999604332789086,-0.0007352475349277187,True
fast-subsystem monostable + slow memory,0.245,0,0.009685172830380576,0.008865560782526588,0.02014793814578782,0.025416849907419534,-0.0007349046801151548,True
fast-subsystem monostable + slow memory,0.2475,0,0.009849808717295235,0.009026483967529652,0.020594111154288972,0.02584192652420428,-0.0007345514577534656,True
fast-subsystem monostable + slow memory,0.25,0,0.01001763941696181,0.009190494877946615,0.021050250712114416,0.026275015723247336,-0.000734187467361361,True
fast-subsystem monostable + slow memory,0.2525,0,0.010188742728637325,0.009357670415498499,0.021516604804020963,0.026716304684548282,-0.000733812289728919,True
fast-subsystem monostable + slow memory,0.255,0,0.010363199001629578,0.009528089942006645,0.02199342903758274,0.027165986464664064,-0.0007334254859007839,True
fast-subsystem monostable + slow memory,0.2575,0,0.0105410912472442,0.00970183538974312,0.022480986951309935,0.02762426024616381,-0.0007330265960968201,True
fast-subsystem monostable + slow memory,0.26,0,0.010722505257000393,0.009878991377817514,0.022979550338994206,0.028091331600726164,-0.0007326151385659386,True
fast-subsystem monostable + slow memory,0.2625,0,0.010907529727544177,0.01005964533502098,0.023489399591347083,0.02856741276679638,-0.0007321906083684686,True
fast-subsystem monostable + slow memory,0.265,0,0.011096256392722478,0.010243887629581803,0.024010824056081292,0.029052722942793333,-0.0007317524760821067,True
fast-subsystem monostable + slow memory,0.2675,0,0.01128878016331954,0.010431811706323436,0.024544122417677193,0.02954748859693709,-0.0007313001864260441,True
fast-subsystem monostable + slow memory,0.27,0,0.011485199274999094,0.010623514231756614,0.025089603098177454,0.030051943794855932,-0.0007308331567975398,True
fast-subsystem monostable + slow memory,0.2725,0,0.011685615445040768,0.010819095247680658,0.02564758468046168,0.030566330546226705,-0.0007303507757146368,True
fast-subsystem monostable + slow memory,0.275,0,0.01189013403851022,0.011018658333918485,0.02621839635557518,0.03109089917180955,-0.0007298524011583286,True
fast-subsystem monostable + slow memory,0.2775,0,0.012098864244556962,0.011222310780862561,0.026802378395816732,0.03162590869235268,-0.0007293373588068538,True
fast-subsystem monostable + slow memory,0.28,0,0.012311919263594887,0.011430163772568197,0.027399882655436452,0.032171627240970856,-0.000728804940154258,True
fast-subsystem monostable + slow memory,0.28250000000000003,0,0.012529416506187382,0.011642332581195411,0.02801127310095462,0.03272833250074171,-0.0007282544005046746,True
fast-subsystem monostable + slow memory,0.28500000000000003,0,0.01275147780453232,0.011858936773671763,0.0286369263732875,0.033296312169417676,-0.0007276849568331026,True
fast-subsystem monostable + slow memory,0.28750000000000003,0,0.012978229637524208,0.012080100431527997,0.029277232384061633,0.03387586445332311,-0.0007270957855026297,True
fast-subsystem monostable + slow memory,0.29,0,0.01320980337046044,0.012305952384945478,0.02993259494871097,0.03446729859269378,-0.0007264860198272378,True
fast-subsystem monostable + slow memory,0.2925,0,0.013446335510558533,0.012536626462151156,0.03060343245918885,0.03507093542092461,-0.0007258547474683569,True
fast-subsystem monostable + slow memory,0.2925,1,0.7193497267788334,0.6706822697674995,0.8558434769322465,0.872368818884875,0.0009523232192289488,False
fast-subsystem monostable + slow memory,0.2925,2,0.8038128374213458,0.7494310461255674,0.9046718246016627,0.9161481542201756,-0.0006533530895459602,True
fast-subsystem monostable + slow memory,0.295,0,0.013687967979561878,0.012772261755403302,0.031290178599388666,0.03568710796042262,-0.0007252010076522973,True
fast-subsystem monostable + slow memory,0.295,1,0.692531626685094,0.646202213734312,0.8398047992332595,0.8572715590239948,0.0016516791417357387,False
fast-subsystem monostable + slow memory,0.295,2,0.8243375657850955,0.7691905168641567,0.9161238823186951,0.9260024708603065,-0.0009249319473384586,True
fast-subsystem monostable + slow memory,0.2975,0,0.01393484840483425,0.013013002904930357,0.031993283106657625,0.0363161620580182,-0.0007245237881945423,True
fast-subsystem monostable + slow memory,0.2975,1,0.6722579227924437,0.627785394430674,0.8275028347752647,0.8454360214217235,0.0022382746734592495,False
fast-subsystem monostable + slow memory,0.2975,2,0.8383501994191436,0.7828900080897597,0.9238342116152245,0.9325686606866105,-0.001089254541629681,True
fast-subsystem monostable + slow memory,0.3,0,0.014187130430480168,0.013259000402317913,0.032713212583110954,0.036958457063172884,-0.000723822022315637,True
fast-subsystem monostable + slow memory,0.3,1,0.6550097020063523,0.6121586000059367,0.8169096988561813,0.8350656744204669,0.0027703016568126184,False
fast-subsystem monostable + slow memory,0.3,2,0.8493693082843965,0.7938030918545762,0.9298298314458723,0.937642935784019,-0.0012074925077005948,True
fast-subsystem monostable + slow memory,0.3025,0,0.01444497405018021,0.013510410914986516,0.03345045136081238,0.03761436655253826,-0.0007230945852319394,True
fast-subsystem monostable + slow memory,0.3025,1,0.6396147410303787,0.5982328489191918,0.8073502078736332,0.825565840559431,0.003264578968807164,False
fast-subsystem monostable + slow memory,0.3025,2,0.8585667660146814,0.8030190823821323,0.9347850471901075,0.9418196394100913,-0.001299164964499027,True
fast-subsystem monostable + slow memory,0.305,0,0.014708545963599873,0.013767397633567475,0.034205502425285556,0.03828427910477325,-0.000722340290503019,True
fast-subsystem monostable + slow memory,0.305,1,0.6255088587311464,0.5854847381095585,0.7984993579891108,0.8166519293920453,0.0037277108380044865,False
fast-subsystem monostable + slow memory,0.305,2,0.8665063972434042,0.8110616883818883,0.9390239709337731,0.945383012440645,-0.0013733028558194243,True
fast-subsystem monostable + slow memory,0.3075,0,0.014978019958420928,0.014030130644168564,0.03497888840226826,0.03896859912992299,-0.0007215578861156818,True
fast-subsystem monostable + slow memory,0.3075,1,0.6123687736147572,0.573614798222642,0.7901707754384905,0.80816172364973,0.004162528049661263,False
fast-subsystem monostable + slow memory,0.3075,2,0.8735111197913399,0.8182306582464002,0.9427320700437947,0.948494906413775,-0.001434896323688708,True
fast-subsystem monostable + slow memory,0.31,0,0.015253577320255413,0.014298787327726575,0.03577115261311645,0.039667747758100155,-0.0007207460502826889,True
fast-subsystem monostable + slow memory,0.31,1,0.5999886824958691,0.5624326929958253,0.7822456421381959,0.7999924549260866,0.004570208493119855,False
fast-subsystem monostable + slow memory,0.31,2,0.8797863656321321,0.824716581028004,0.9460272403812972,0.9512577069934623,-0.0014870212628571662,True
fast-subsystem monostable + slow memory,0.3125,0,0.015535407272941181,0.014573552788875404,0.03658286020482423,0.040382163792705976,-0.000719903386932073,True
fast-subsystem monostable + slow memory,0.3125,1,0.5882279025037878,0.5518085389341348,0.7746425600194672,0.7920741820848296,0.004951156247246751,False
fast-subsystem monostable + slow memory,0.3125,2,0.8854724384887185,0.8306495670625876,0.9489899407146302,0.9537409546442482,-0.0015317243318028573,True
fast-subsystem monostable + slow memory,0.315,0,0.015823707451984227,0.01485462031701693,0.037414599361248344,0.04111230473397909,-0.0007190284208605028,True
fast-subsystem monostable + slow memory,0.315,1,0.5769851697057975,0.5416490193930151,0.767302764846758,0.7843567576641902,0.00530542097962428,False
fast-subsystem monostable + slow memory,0.315,2,0.8906702147777554,0.8361231341230605,0.9516779775696254,0.955994377238478,-0.001570448449785267,True
fast-subsystem monostable + slow memory,0.3175,0,0.016118684414214116,0.015142191882574098,0.03826698260282795,0.04185864787928448,-0.0007181195925214341,True
fast-subsystem monostable + slow memory,0.3175,1,0.5661846731884896,0.5318844107917611,0.7601820946461116,0.7768027636864373,0.005632916994978635,False
fast-subsystem monostable + slow memory,0.3175,2,0.8954551090582943,0.8412071813773457,0.9541345353838829,0.9580549531810932,-0.0016042584519559788,True
fast-subsystem monostable + slow memory,0.32,0,0.016420554187056575,0.015436478671733561,0.039140648182877075,0.042621691507252785,-0.0007171752524157003,True
fast-subsystem monostable + slow memory,0.32,1,0.5557678718681422,0.5224609841298635,0.7532462851311654,0.7693833827996187,0.005933544110730619,False
fast-subsystem monostable + slow memory,0.32,2,0.8998852567102886,0.8459555879767697,0.956392879569284,0.959951039117768,-0.0016339694463675975,True
fast-subsystem monostable + slow memory,0.3225,0,0.016729542861210284,0.015737701663356862,0.04003626158941783,0.04340195615367205,-0.0007161936550487376,True
fast-subsystem monostable + slow memory,0.3225,1,0.5456884114108609,0.5133362872602717,0.7464680480043222,0.7620758397845663,0.0062072559075229935,False
fast-subsystem monostable + slow memory,0.3225,2,0.9040065964585118,0.8504109308185519,0.9584792765961692,0.9617049271854827,-0.0016602237607115898,True
fast-subsystem monostable + slow memory,0.325,0,0.017045887230946855,0.016046092252158518,0.040954517162524365,0.04419998598792559,-0.0007151729524146583,True
fast-subsystem monostable + slow memory,0.325,1,0.5359088160413861,0.504476075925997,0.7398251695870534,0.7548617402710404,0.006454097696729727,False
fast-subsystem monostable + slow memory,0.325,2,0.9078561779588044,0.8546075534731684,0.9604148936351776,0.9633345049528803,-0.001683539073211412,True
fast-subsystem monostable + slow memory,0.3275,0,0.01736983548674293,0.0163618929227247,0.041896139838283164,0.04501635029977987,-0.0007141111869629911,True
fast-subsystem monostable + slow memory,0.3275,1,0.5263982516582049,0.4958522396435237,0.7332992250580281,0.7477259498700792,0.006674226064384372,False
fast-subsystem monostable + slow memory,0.3275,2,0.9114643980243617,0.8585736401897706,0.9622170824668892,0.9648543748335601,-0.001704339700936826,True
fast-subsystem monostable + slow memory,0.33,0,0.017701647965510506,0.016685357979487194,0.04286188703176358,0.045851645107474616,-0.0007130062839987322,True
fast-subsystem monostable + slow memory,0.33,1,0.5171309643100552,0.48744135453389953,0.726874680606388,0.7406558132663523,0.006867916732934951,False
fast-subsystem monostable + slow memory,0.33,2,0.9148565614317536,0.862332662874832,0.9639002753394948,0.9662766334175796,-0.0017229777395424465,True
fast-subsystem monostable + slow memory,0.3325,0,0.018041597964325036,0.017016754338381887,0.043852550672855165,0.046706494899371336,-0.0007118560434606311,True
fast-subsystem monostable + slow memory,0.3325,1,0.5080851602233318,0.47922364590953215,0.7205382490801173,0.7336405950906207,0.007035564814616792,False
fast-subsystem monostable + slow memory,0.3325,2,0.9180540001113187,0.8659044182313693,0.9654766271806283,0.9676114288888252,-0.001739747931238431,True
fast-subsystem monostable + slow memory,0.335,0,0.01838997262427383,0.017356362386622717,0.04486895941049437,0.0475815545229026,-0.0007106581310158779,True
fast-subsystem monostable + slow memory,0.335,1,0.49924218360209627,0.471182227093118,0.714278416488386,0.7266710700146303,0.0071776800565948005,False
fast-subsystem monostable + slow memory,0.335,2,0.9210748944936553,0.8693057885769109,0.9669564867889043,0.9688673690722043,-0.001754898552815032,True
fast-subsystem monostable + slow memory,0.3375,0,0.018747073891874244,0.017704476917824577,0.04591198100270605,0.048477511236263975,-0.0007094100684018385,True
fast-subsystem monostable + slow memory,0.3375,1,0.4905859006717994,0.46330252949068157,0.7080850867575366,0.7197392159492972,0.007294878818314377,False
fast-subsystem monostable + slow memory,0.3375,2,0.9239348885336853,0.8725513113119798,0.9683487495880022,0.9700518262143717,-0.0017686396944530769,True
fast-subsystem monostable + slow memory,0.34,0,0.01911321956645897,0.018061408150628268,0.046982524912061965,0.0493950869402355,-0.0007081092229364659,True
fast-subsystem monostable + slow memory,0.34,1,0.4821022299284632,0.4555718681925444,0.7019493102405366,0.712837980138471,0.007387873992568413,False
fast-subsystem monostable + slow memory,0.34,2,0.9266475584422087,0.8756536127580626,0.9696611264238314,0.9711711686883487,-0.0017811497574233798,True
fast-subsystem monostable + slow memory,0.3425,0,0.019488744443014773,0.018427482840037437,0.04808154512865551,0.050335040609752336,-0.0007067527961091026,True
fast-subsystem monostable + slow memory,0.3425,1,0.4737787781666457,0.44797910558927784,0.6958630727483757,0.7059610978351705,0.007457463738914936,False
fast-subsystem monostable + slow memory,0.3425,2,0.9292247755421523,0.8786237438696588,0.9709003516141234,0.9722309399155179,-0.0017925806789771295,True
fast-subsystem monostable + slow memory,0.34500000000000003,0,0.019874001561215562,0.01880304549189461,0.049210043245562794,0.051298170947414144,-0.0007053378111513233,True
fast-subsystem monostable + slow memory,0.34500000000000003,1,0.465604554428782,0.4405143871600982,0.6898191290914251,0.6991029495790692,0.007504519664381671,False
fast-subsystem monostable + slow memory,0.34500000000000003,2,0.9316769910962457,0.8814714436533793,0.9720723462374333,0.9732359984640674,-0.0018030622052912656,True
fast-subsystem monostable + slow memory,0.34750000000000003,0,0.02026936357284114,0.01918845969233071,0.05036907181507482,0.05228531928409085,-0.000703861099473889,True
fast-subsystem monostable + slow memory,0.34750000000000003,1,0.45756974228089453,0.4331689312609435,0.6838108698623541,0.692258447249505,0.007529974919638021,False
fast-subsystem monostable + slow memory,0.34750000000000003,2,0.9340134626889536,0.8842053484557961,0.9731823479015991,0.9741906291244486,-0.001812705423865715,True
fast-subsystem monostable + slow memory,0.35000000000000003,0,0.02067522424145088,0.01958410956565036,0.05155973801781178,0.053297372755212,-0.000702319285839789,True
fast-subsystem monostable + slow memory,0.35000000000000003,1,0.44966551637491214,0.4259348598950453,0.6778322133796592,0.685422941857305,0.007534812555078121,False
fast-subsystem monostable + slow memory,0.35000000000000003,2,0.9362424361886066,0.8868331601245258,0.9742350150404545,0.9750986319700001,-0.0018216057024208684,True
fast-subsystem monostable + slow memory,0.3525,0,0.021092000090133796,0.019990401376009045,0.052783207681275986,0.054335267785314625,-0.0007007087721246506,True
fast-subsystem monostable + slow memory,0.3525,1,0.441883893068882,0.4188050609848246,0.6718775168957035,0.6785921479481672,0.007520054386575778,False
fast-subsystem monostable + slow memory,0.3525,2,0.9383712935026522,0.8893617825090676,0.9752345115982853,0.9759633944974254,-0.0018298451425832155,True
fast-subsystem monostable + slow memory,0.355,0,0.021520132215428624,0.020407765290442532,0.05404070968956367,0.055399993918058714,-0.0006990257194937466,True
fast-subsystem monostable + slow memory,0.355,1,0.4342176075387477,0.41177307513357936,0.6659415026976447,0.6717620808210492,0.007486750546613436,False
fast-subsystem monostable + slow memory,0.355,2,0.9404066736742926,0.8917974332960436,0.9761845764318829,0.9767879506064873,-0.0018374946321743045,True
fast-subsystem monostable + slow memory,0.3575,0,0.0219600882881658,0.020836657323387364,0.05533354083198767,0.056492598034338884,-0.0006972660287989281,True
fast-subsystem monostable + slow memory,0.3575,1,0.42666001170590595,0.4048330016186355,0.6600191958101622,0.6649290037070239,0.007435969837765919,False
fast-subsystem monostable + slow memory,0.3575,2,0.9423545729755833,0.894145736417679,0.9770885806734889,0.9775750292308449,-0.0018446155634013306,True
fast-subsystem monostable + slow memory,0.36,0,0.022412364765099176,0.021277561485853646,0.05666307114542032,0.057614189007463415,-0.0006954253189682308,True
fast-subsystem monostable + slow memory,0.36,1,0.41920498866714373,0.39797941962070604,0.654105870785396,0.6580893827301303,0.007368790958670664,False
fast-subsystem monostable + slow memory,0.36,2,0.9442204282865383,0.8964117990062073,0.9779495755143531,0.9783270947495413,-0.0018512612722499711,True
fast-subsystem monostable + slow memory,0.3625,0,0.022877489338862772,0.021730992165968566,0.05803074981345817,0.05876594285183236,-0.0006934989031245332,True
fast-subsystem monostable + slow memory,0.3625,1,0.41184688030850947,0.3912073216163372,0.6481970056301493,0.6512398479626695,0.007286294635246513,False
fast-subsystem monostable + slow memory,0.3625,2,0.9460091870512026,0.8986002759412014,0.9787703322957193,0.9790463808102807,-0.0018574782450869022,True
fast-subsystem monostable + slow memory,0.365,0,0.02335602365811918,0.022197496771809662,0.05943811169528614,0.059949108430347245,-0.0006914817621265629,True
fast-subsystem monostable + slow memory,0.365,1,0.40458042551988127,0.3845120565414833,0.6422882413348342,0.6443771592471657,0.007189556660287027,False
fast-subsystem monostable + slow memory,0.365,2,0.9477253663620686,0.9007154243513996,0.9795533763698216,0.9797349188270514,-0.001863307130947498,True
fast-subsystem monostable + slow memory,0.3675,0,0.02384856635489973,0.02267765867242551,0.060886784568685355,0.06116501379620407,-0.0006893685151739601,True
fast-subsystem monostable + slow memory,0.3675,1,0.39740070697604923,0.3778892808427403,0.6363753457749278,0.6374981757226159,0.007079641821320884,False
fast-subsystem monostable + slow memory,0.3675,2,0.9493731031700658,0.9027611499191388,0.9803010158756525,0.9803945621388355,-0.0018687835917178199,True
fast-subsystem monostable + slow memory,0.37,0,0.024355756422246216,0.023172100478866288,0.062378497185370786,0.06241507325711179,-0.0006871533870564105,True
fast-subsystem monostable + slow memory,0.37,1,0.3903031048637301,0.37133491591560847,0.6304541809826277,0.6305998281888654,0.00695759867872849,False
fast-subsystem monostable + slow memory,0.37,2,0.9509561971976075,0.9047410464466823,0.9810153663335724,0.9810270066075333,-0.001873939017144502,True
fast-subsystem monostable + slow memory,0.3725,0,0.02487827699256332,0.02368148771412467,0.06391508825323408,0.06370079526476327,-0.0006848301715525974,True
fast-subsystem monostable + slow memory,0.3725,1,0.38328325624776793,0.36484511071946224,0.6245206729541367,0.6236790935875562,0.006824455142653229,False
fast-subsystem monostable + slow memory,0.3725,2,0.9524781478110642,0.9066584298463463,0.9816983717787208,0.9816338082738466,-0.0018788011271511232,True
fast-subsystem monostable + slow memory,0.375,0,0.02541685957585082,0.02420653292938173,0.06549851647970155,0.06502379125011291,-0.0006823921903951684,True
fast-subsystem monostable + slow memory,0.375,1,0.37633701900897587,0.358416208579977,0.6185707832805205,0.6167329709832765,0.006681214787503578,False
fast-subsystem monostable + slow memory,0.375,2,0.9539421858610626,0.9085163674867264,0.9823518230110344,0.9822163985669456,-0.001883394480183316,True
fast-subsystem monostable + slow memory,0.3775,0,0.025972288827542482,0.024748000334188898,0.06713087183403961,0.06638578554635778,-0.0006798322471091842,True
fast-subsystem monostable + slow memory,0.3775,1,0.36946043946865825,0.35204471735828485,0.6126004819771631,0.609758458502797,0.006528853836182021,False
fast-subsystem monostable + slow memory,0.3775,2,0.9553513013058605,0.9103177036485451,0.9829773734289715,0.9827760974681464,-0.0018877409031490607,True
fast-subsystem monostable + slow memory,0.38,0,0.02654540792846559,0.02530671102061446,0.06881438821500109,0.06778862656734078,-0.0006771425748993619,True
fast-subsystem monostable + slow memory,0.38,1,0.3626497229537503,0.34572728229409205,0.6066057209452257,0.602752530739447,0.00636831874206138,False
fast-subsystem monostable + slow memory,0.38,2,0.9567082672813825,0.9120650817032748,0.9835765528271119,0.983314124953847,-0.0018918598558800958,True
fast-subsystem monostable + slow memory,0.3825,0,0.02713712467499871,0.025883548876471558,0.07055145774490769,0.06923429944049186,-0.0006743147775994332,True
fast-subsystem monostable + slow memory,0.3825,1,0.3559012066609505,0.33946066092591126,0.6005824075325737,0.5957121161575191,0.006200524294711723,False
fast-subsystem monostable + slow memory,0.3825,2,0.9580156611614692,0.9137609635166435,0.9841507794690281,0.983831610983718,-0.0018957687408394596,True
fast-subsystem monostable + slow memory,0.385,0,0.027748418396544114,0.026479467301200852,0.07234464695363939,0.07072494033178914,-0.00067133976249827,True
fast-subsystem monostable + slow memory,0.385,1,0.34921133425482453,0.3332416995615502,0.5945263776740718,0.5886340740403768,0.006026352175085348,False
fast-subsystem monostable + slow memory,0.385,2,0.9592758830562753,0.9154076464906827,0.9847013706920233,0.9843296042530063,-0.001899483166971912,True
fast-subsystem monostable + slow memory,0.3875,0,0.028380347840858793,0.027095496860690564,0.07419671516805584,0.07226285274738424,-0.0006682076636114146,True
fast-subsystem monostable + slow memory,0.3875,1,0.3425766316881712,0.32706731082024354,0.5884333680830547,0.5815151705165624,0.005846649886991079,False
fast-subsystem monostable + slow memory,0.3875,2,0.960491172120002,0.9170072785870054,0.9852295522563692,0.9848090798900233,-0.0019030171750789397,True
fast-subsystem monostable + slow memory,0.39,0,0.029034060196772363,0.027732754045410778,0.07611063548666112,0.07385052615482227,-0.0006649077536614271,True
fast-subsystem monostable + slow memory,0.39,1,0.335993683765896,0.3209344517969617,0.5822989869369856,0.5743520531703628,0.005662229993988594,False
fast-subsystem monostable + slow memory,0.39,2,0.9616636209772005,0.9185618716167234,0.9857364666161812,0.9852709462494321,-0.0019063834308469215,True
fast-subsystem monostable + slow memory,0.3925,0,0.029710801459913457,0.0283924513312217,0.07808961879923905,0.07549065733929242,-0.0006614283426486108,True
fast-subsystem monostable + slow memory,0.3925,1,0.32945911098786695,0.31484010241095084,0.5761186824492216,0.5671412236954965,0.005473869594121685,False
fast-subsystem monostable + slow memory,0.3925,2,0.9627951885265804,0.9200733130359311,0.9862231802602536,0.9857160509272505,-0.0019095933906219389,True
fast-subsystem monostable + slow memory,0.395,0,0.030411928392300294,0.029075908786054983,0.08013714141116471,0.07718617500111817,-0.0006577566604135767,True
fast-subsystem monostable + slow memory,0.395,1,0.3229695462020933,0.3087812434946795,0.5698877086423757,0.5598790079799679,0.005282309969041278,False
fast-subsystem monostable + slow memory,0.395,2,0.9638877113401345,0.9215433764476658,0.9866906902476263,0.9861451861033219,-0.0019126574441698041,True
fast-subsystem monostable + slow memory,0.3975,0,0.0311389223837367,0.029784567520989805,0.08225697695805058,0.07894026821512751,-0.0006538787199848354,True
fast-subsystem monostable + slow memory,0.3975,1,0.31652161057622286,0.3027548341552032,0.5636010875321323,0.552561522912218,0.005088256348934072,False
fast-subsystem monostable + slow memory,0.3975,2,0.9649429138416659,0.922973730980117,0.9871399300433329,0.986559093300493,-0.0019155850379542396,True
fast-subsystem monostable + slow memory,0.4,0,0.03189340559553655,0.03052000535458043,0.08445323345624796,0.08075641951788544,-0.0006497791577287652,True
fast-subsystem monostable + slow memory,0.4,1,0.3101118883506392,0.29675778789534846,0.5572535667864786,0.5451846390669931,0.004892377740172762,False
fast-subsystem monostable + slow memory,0.4,2,0.9659624174209247,0.9243659496850953,0.9875717747438146,0.9869584676361005,-0.0019183847818830743,True
fast-subsystem monostable + slow memory,0.4025,0,0.03267715986011313,0.0312839551494215,0.08673039653922988,0.0826384435748258,-0.0006454410453216119,True
fast-subsystem monostable + slow memory,0.4025,1,0.3037368997665142,0.29078694691329476,0.5508395717340309,0.537743938254572,0.004695306768638762,False
fast-subsystem monostable + slow memory,0.4025,2,0.966947748616487,0.9257215170794697,0.9879870457682705,0.987343961630107,-0.001921064541990453,True
fast-subsystem monostable + slow memory,0.405,0,0.03349214893017481,0.03207832639640724,0.08909338019370763,0.08459053261950725,-0.0006408456672695322,True
fast-subsystem monostable + slow memory,0.405,1,0.2973930714612226,0.2848390539004261,0.5443531503423341,0.5302346646861953,0.004497639498116557,False
fast-subsystem monostable + slow memory,0.405,2,0.9679003464812306,0.9270418359344884,0.9883865150811738,0.9877161886248157,-0.0019236315211240702,True
fast-subsystem monostable + slow memory,0.40750000000000003,0,0.03434054482802974,0.0329052307740218,0.09154758665278977,0.08661731017011247,-0.0006359722560100618,True
fast-subsystem monostable + slow memory,0.40750000000000003,1,0.2910767034828593,0.27891072052028726,0.5377879094527804,0.5226516682034809,0.0042999351898326075,False
fast-subsystem monostable + slow memory,0.40750000000000003,2,0.968821569228189,0.9283282334030616,0.9887709090019767,0.9880757258632733,-0.0019260923293759492,True
fast-subsystem monostable + slow memory,0.41000000000000003,0,0.03522475925192986,0.03376701260998654,0.0940989775549723,0.08872389493989415,-0.0006307976743918969,True
fast-subsystem monostable + slow memory,0.41000000000000003,1,0.2847839318827139,0.2729983915639764,0.531136940115066,0.514989337614625,0.004102715975856194,False
fast-subsystem monostable + slow memory,0.41000000000000003,2,0.9697127002410091,0.929581966562576,0.9891409116502661,0.9884231172668703,-0.001928453045720755,True
fast-subsystem monostable + slow memory,0.41250000000000003,0,0.036147481271070064,0.03466628543868969,0.09675415907745814,0.09091597740535186,-0.000625296032343862,True
fast-subsystem monostable + slow memory,0.41250000000000003,1,0.27851068558127756,0.26709830352171343,0.5243927292709263,0.507241521638631,0.003906466425300455,False
fast-subsystem monostable + slow memory,0.41250000000000003,2,0.9705749535218366,0.9308042274402968,0.989497168068102,0.9887588759471118,-0.0019307192720974696,True
fast-subsystem monostable + slow memory,0.41500000000000004,0,0.03711172291053255,0.03560597620592072,0.09952048455798254,0.09319991223139122,-0.0006194382205111348,True
fast-subsystem monostable + slow memory,0.41500000000000004,1,0.272252635843353,0.2612064359611409,0.517547054236757,0.4994014342280469,0.0037116329875185395,False
fast-subsystem monostable + slow memory,0.41500000000000004,2,0.971409478639778,0.9319961475794888,0.9898402870557288,0.9890834864818417,-0.001932896180980015,True
fast-subsystem monostable + slow memory,0.4175,0,0.038120874731093365,0.036589379160253996,0.10240617921500236,0.09558283075358136,-0.0006131913381234207,True
fast-subsystem monostable + slow memory,0.4175,1,0.2660051362024284,0.2553184536226538,0.5105908553437427,0.4914615400437991,0.0035186233000201574,False
fast-subsystem monostable + slow memory,0.4175,2,0.9722173652348778,0.9331588021968192,0.9901708437521507,0.989397406982219,-0.001934988557323688,True
fast-subsystem monostable + slow memory,0.42,0,0.039178774204136346,0.03762022214388949,0.10542049308619122,0.09807277909794598,-0.0006065179847199209,True
fast-subsystem monostable + slow memory,0.42,1,0.25976314998614847,0.24942963647503966,0.503514080588056,0.48341341447878244,0.0033278053495984315,False
fast-subsystem monostable + slow memory,0.42,2,0.9729996471255444,0.9342932139751454,0.9904893819880457,0.9897010709733616,-0.0019370008356413804,True
fast-subsystem monostable + slow memory,0.4225,0,0.040289790655946164,0.03870274893909454,0.10857389041679047,0.1006788894501565,-0.0005993753746140781,True
fast-subsystem monostable + slow memory,0.4225,1,0.2535211616266897,0.24353479403689285,0.4963054940355028,0.47524757069833296,0.003139506471740657,False
fast-subsystem monostable + slow memory,0.4225,2,0.9737573060613547,0.9354003565302618,0.99079641643506,0.9899948891086684,-0.0019389371328521687,True
fast-subsystem monostable + slow memory,0.425,0,0.04145893194200406,0.03984182266896942,0.11187828672955875,0.10341159473199751,-0.0005917142176340194,True
fast-subsystem monostable + slow memory,0.425,1,0.24727306655863407,0.23762815893141773,0.4889524367277558,0.4669532434221844,0.002954012163833474,False
fast-subsystem monostable + slow memory,0.425,2,0.9744912751580348,0.9364811575854489,0.9910924345725808,0.9902792507353572,-0.001940801277451233,True
fast-subsystem monostable + slow memory,0.4275,0,0.04269198002000908,0.041043057195825905,0.11534734914607994,0.10628290091606231,-0.0005834772873581788,True
fast-subsystem monostable + slow memory,0.4275,1,0.2410120325032702,0.231703252701744,0.4814405245018298,0.4585181152015597,0.0027715646691700447,False
fast-subsystem monostable + slow memory,0.4275,2,0.9752024420469734,0.9375365018835804,0.9913778984905429,0.9905545253266105,-0.0019425968354711968,True
fast-subsystem monostable + slow memory,0.43,0,0.043995665556019276,0.04231298633211427,0.11899688192445955,0.1093067370707444,-0.000574597564977195,True
fast-subsystem monostable + slow memory,0.43,1,0.23473032197640675,0.22575271404575017,0.47375326074138563,0.4499279650857898,0.002592361257163492,False
fast-subsystem monostable + slow memory,0.43,2,0.975891651767798,0.9385672338630131,0.991653246544636,0.990821063793888,-0.001944327133638397,True
fast-subsystem monostable + slow memory,0.4325,0,0.04537789617353606,0.04365928501207796,0.12284532881226057,0.11249941206250266,-0.0005649957967788602,True
fast-subsystem monostable + slow memory,0.4325,1,0.22841906138465917,0.21976807529918269,0.46587153244651236,0.4411662107395137,0.0024165520739703435,False
fast-subsystem monostable + slow memory,0.4325,2,0.976559709429244,0.9395741601204561,0.9919188948783816,0.9910791996913677,-0.0019459952800712746,True
fast-subsystem monostable + slow memory,0.435,0,0.046848059874409376,0.04509106327108768,0.12691443868100225,0.11588022048579455,-0.000554577225427296,True
fast-subsystem monostable + slow memory,0.435,1,0.2220679351590047,0.213739466299739,0.457772943142832,0.4322133014295024,0.002244237356232965,False
fast-subsystem monostable + slow memory,0.435,2,0.9772073826606511,0.9405580516813434,0.9921752388248983,0.9913292503230998,-0.0019476041828202738,True
fast-subsystem monostable + slow memory,0.4375,0,0.04841743615306342,0.046619264521519106,0.13123016448704247,0.11947226204234064,-0.0005432271310475198,True
fast-subsystem monostable + slow memory,0.4375,1,0.21566477238427106,0.20765521412515783,0.4494309125736919,0.4230458976500574,0.0020754636703708145,False
fast-subsystem monostable + slow memory,0.4375,2,0.9778354038739301,0.9415196460959436,0.9924226541997414,0.9915715177622516,-0.0019491565665080356,True
fast-subsystem monostable + slow memory,0.44,0,0.05009976534023493,0.04825721705276569,0.1358239041749192,0.12330357403286203,-0.0005308046137931224,True
fast-subsystem monostable + slow memory,0.44,1,0.20919497537072562,0.20150128976164464,0.44081343454921745,0.4136357377155186,0.0019102186273110603,False
fast-subsystem monostable + slow memory,0.44,2,0.9784444723536523,0.9424596493774234,0.9926614984949477,0.9918062897907814,-0.0019506549872940506,True
fast-subsystem monostable + slow memory,0.4425,0,0.05191205730519449,0.05002141729554916,0.14073425752376925,0.12740873674227313,-0.0005171337010830339,True
fast-subsystem monostable + slow memory,0.4425,1,0.2026407090230647,0.19526052314814335,0.4318813189425577,0.40394803153148634,0.001748423164317873,False
fast-subsystem monostable + slow memory,0.4425,2,0.9790352561910027,0.943378737796328,0.9928921119833234,0.9920338407669621,-0.0019521018463584262,True
fast-subsystem monostable + slow memory,0.445,0,0.053875774791829215,0.051932675798470704,0.14600958845329054,0.13183121777889714,-0.0005019902432045902,True
fast-subsystem monostable + slow memory,0.445,1,0.1959797157173661,0.18891145563571518,0.4225856283087497,0.3939391154775687,0.0015899198555136714,False
fast-subsystem monostable + slow memory,0.445,2,0.9796083940756555,0.944277559544388,0.9931148187410483,0.9922544324273699,-0.001953499402074077,True
fast-subsystem monostable + slow memory,0.4475,0,0.056018627276092844,0.05401785423918881,0.15171189656203943,0.13662691868050697,-0.0004850819047710437,True
fast-subsystem monostable + slow memory,0.4475,1,0.1891835197859265,0.18242660152820583,0.4128638053461782,0.38355290508295325,0.0014344545458354022,False
fast-subsystem monostable + slow memory,0.4475,2,0.9801644969581644,0.9451567362792191,0.9933299275958257,0.9924683146292608,-0.0019548497810150103,True
fast-subsystem monostable + slow memory,0.45,0,0.05837740938296705,0.056312613552701334,0.1579229228671548,0.14186977511923687,-0.00046601627213935205,True
fast-subsystem monostable + slow memory,0.45,1,0.1822145875605493,0.17576969861146235,0.40263356622501867,0.3727152941574504,0.0012816463058496024,False
fast-subsystem monostable + slow memory,0.45,2,0.9807041495941535,0.9460168645602767,0.9935377330070636,0.9926757260386263,-0.0019561549879297297,True
fast-subsystem monostable + slow memory,0.4525,0,0.06100273684813444,0.058865998664564344,0.16475430360151092,0.1476610814388197,-0.0004442472384173595,True
fast-subsystem monostable + slow memory,0.4525,1,0.17502158997895706,0.1688911221740749,0.39178274592083173,0.3613248296398228,0.0011309358378299302,False
fast-subsystem monostable + slow memory,0.4525,2,0.9812279119804537,0.946858517185382,0.9937385158839147,0.992876894768686,-0.0019574169147926752,True
fast-subsystem monostable + slow memory,0.455,0,0.06396750105184426,0.061748621997643235,0.1723656359987891,0.15414610130889408,-0.00041897854840748086,True
fast-subsystem monostable + slow memory,0.455,1,0.16753094671771745,0.16171970034276323,0.3801512316175406,0.34923610037437514,0.0009814911776065932,False
fast-subsystem monostable + slow memory,0.455,2,0.9817363206923106,0.9476822444361968,0.9939325443464205,0.9930720389730842,-0.0019586373490328326,True
fast-subsystem monostable + slow memory,0.4575,0,0.06738337271374428,0.06506863599079311,0.1809996245154799,0.16154642256608098,-0.00038897400305471695,True
fast-subsystem monostable + slow memory,0.4575,1,0.15963032125469473,0.15414674048656607,0.36749581572604656,0.33622738174227806,0.0008320201495802093,False
fast-subsystem monostable + slow memory,0.4575,2,0.9822298901298963,0.9484885752402037,0.9941200744344901,0.9932613673976372,-0.001959817981026591,True
fast-subsystem monostable + slow memory,0.46,0,0.07143729396339255,0.06900704582772064,0.19105952698812345,0.17023134009541596,-0.00035213428747861035,True
fast-subsystem monostable + slow memory,0.46,1,0.1511321276388849,0.1459907154848531,0.3534127490158791,0.3219292522905761,0.0006803494948703307,False
fast-subsystem monostable + slow memory,0.46,2,0.9827091136815516,0.9492780182560137,0.9943013507689855,0.9934450798940958,-0.0019609604109315703,True
fast-subsystem monostable + slow memory,0.4625,0,0.07648894388515884,0.07391201158921068,0.2033152690985141,0.18090807148066243,-0.0003043567460112884,True
fast-subsystem monostable + slow memory,0.4625,1,0.14167606386220732,0.1369029606398974,0.3371316254832691,0.3056343776272196,0.0005222869523018255,False
fast-subsystem monostable + slow memory,0.4625,2,0.9831744648104854,0.9500510628881682,0.9944766071687805,0.9936233678990539,-0.001962066154929117,True
fast-subsystem monostable + slow memory,0.465,0,0.08343455811868244,0.08065080454253683,0.2196699027746065,0.19533003036511604,-0.00023523773980596395,True
fast-subsystem monostable + slow memory,0.465,1,0.1303652912460136,0.12601571651469975,0.31674892332440546,0.28558923663770175,0.00034732588653503554,False
fast-subsystem monostable + slow memory,0.465,2,0.9836263980710136,0.9508081802370258,0.9946460672272907,0.993796414880834,-0.001963136650935287,True
fast-subsystem monostable + slow memory,0.4675,0,0.09750108199876051,0.09427944740559602,0.25111151609194005,0.22365804903266664,-8.264094616812644e-05,True
fast-subsystem monostable + slow memory,0.4675,1,0.11197228035291049,0.10827248785353048,0.28127609444584617,0.2516328985109545,9.321578537949943e-05,False
fast-subsystem monostable + slow memory,0.4675,2,0.9840653500598642,0.951549823988803,0.9948099448516571,0.993964396756914,-0.001964173263833319,True
fast-subsystem monostable + slow memory,0.47000000000000003,0,0.9844917403075628,0.9522764312503694,0.9949684447674666,0.9941274822842205,-0.001965177290274608,True
fast-subsystem monostable + slow memory,0.47250000000000003,0,0.9849059721144664,0.9529884233329963,0.9951217629916376,0.9942858334244034,-0.001966149963089952,True
fast-subsystem monostable + slow memory,0.47500000000000003,0,0.9853084333355999,0.9536862064888639,0.9952700872758657,0.9944396056860098,-0.001967092455348267,True
fast-subsystem monostable + slow memory,0.47750000000000004,0,0.9856994971180935,0.9543701726038214,0.9954135975228136,0.9945889484453151,-0.0019680058840959177,True
fast-subsystem monostable + slow memory,0.48,0,0.9860795225946797,0.9550406998495687,0.9955524661770383,0.9947340052473986,-0.0019688913138063025,True
fast-subsystem monostable + slow memory,0.4825,0,0.9864488555364228,0.9556981532981759,0.995686858592485,0.9948749140889278,-0.001969749759566155,True
fast-subsystem monostable + slow memory,0.485,0,0.9868078289675815,0.9563428855016026,0.9958169333782151,0.9950118076839833,-0.0019705821900223197,True
fast-subsystem monostable + slow memory,0.4875,0,0.9871567637452616,0.9569752370386579,0.9959428427239052,0.9951448137141419,-0.0019713895301102804,True
fast-subsystem monostable + slow memory,0.49,0,0.9874959691063043,0.9575955370316429,0.9960647327065202,0.9952740550639376,-0.0019721726635835908,True
fast-subsystem monostable + slow memory,0.4925,0,0.9878257431836484,0.958204103634737,0.996182743579457,0.9953996500427276,-0.001972932435361405,True
fast-subsystem monostable + slow memory,0.495,0,0.9881463734942322,0.9588012444960206,0.9962970100453465,0.9955217125939012,-0.00197366965370965,True
fast-subsystem monostable + slow memory,0.4975,0,0.9884581374003347,0.9593872571948817,0.9964076615136104,0.9956403524923025,-0.001974385092269818,True
fast-subsystem monostable + slow memory,0.5,0,0.988761302546106,0.9599624296564135,0.9965148223437816,0.9957556755306602,-0.001975079491948057,True
fast-subsystem monostable + slow memory,0.5025000000000001,0,0.9890561272709033,0.9605270405442894,0.9966186120755244,0.9958677836957621,-0.001975753562675989,True
fast-subsystem monostable + slow memory,0.505,0,0.9893428610009265,0.9610813596334863,0.9967191456462086,0.9959767753350481,-0.0019764079850536345,True
fast-subsystem monostable + slow memory,0.5075000000000001,0,0.9896217446205295,0.9616256481641258,0.9968165335968416,0.9960827453142517,-0.0019770434118838638,True
fast-subsystem monostable + slow memory,0.51,0,0.9898930108244874,0.9621601591776033,0.99691088226709,0.9961857851666618,-0.0019776604696068968,True
fast-subsystem monostable + slow memory,0.5125,0,0.990156884452402,0.9626851378361035,0.997002293980076,0.9962859832345458,-0.001978259759642667,True
fast-subsystem monostable + slow memory,0.515,0,0.9904135828063403,0.9632008217264947,0.9970908672175812,0.9963834248032223,-0.001978841859648075,True
fast-subsystem monostable + slow memory,0.5175,0,0.990663315952723,0.9637074411495542,0.9971766967862432,0.9964781922282461,-0.001979407324695618,True
fast-subsystem monostable + slow memory,0.52,0,0.9909062870094145,0.9642052193953884,0.9972598739752958,0.9965703650561292,-0.001979956688379288,True
fast-subsystem monostable + slow memory,0.5225,0,0.9911426924188815,0.9646943730058504,0.9973404867063532,0.9966600201389908,-0.0019804904638530776,True
fast-subsystem monostable + slow memory,0.525,0,0.9913727222082476,0.9651751120247195,0.997418619675716,0.9967472317435047,-0.001981009144807065,True
fast-subsystem monostable + slow memory,0.5275,0,0.9915965602369985,0.9656476402363348,0.9974943544896345,0.9968320716544838,-0.00198151320638553,True
fast-subsystem monostable + slow memory,0.53,0,0.9918143844330505,0.9661121553933408,0.9975677697929404,0.9969146092734179,-0.001982003106051291,True
fast-subsystem monostable + slow memory,0.5325,0,0.99202636701784,0.9665688494341518,0.9976389413914287,0.9969949117122616,-0.001982479284399986,True
fast-subsystem monostable + slow memory,0.535,0,0.9922326747210519,0.9670179086907054,0.9977079423683443,0.9970730438827445,-0.0019829421659278337,True
fast-subsystem monostable + slow memory,0.5375,0,0.9924334689855656,0.9674595140870398,0.9977748431953095,0.9971490685814631,-0.001983392159756036,True
fast-subsystem monostable + slow memory,0.54,0,0.9926289061631512,0.9678938413291831,0.9978397118379978,0.9972230465709907,-0.0019838296603147867,True
fast-subsystem monostable + slow memory,0.5425,0,0.9928191377014268,0.9683210610868336,0.9979026138568509,0.9972950366572306,-0.0019842550479895935,True
fast-subsystem monostable + slow memory,0.545,0,0.9930043103225408,0.9687413391672509,0.9979636125031063,0.9973650957632213,-0.001984668689732412,True
fast-subsystem monostable + slow memory,0.5475,0,0.993184566194026,0.969154836681779,0.9980227688103924,0.9974332789995868,-0.0019850709396399013,True
fast-subsystem monostable + slow memory,0.55,0,0.9933600430922356,0.9695617102053765,0.9980801416821292,0.9974996397318167,-0.001985462139500932,True
fast-subsystem monostable + slow memory,0.5525,0,0.9935308745587514,0.9699621119295139,0.9981357879749584,0.9975642296445472,-0.0019858426193153245,True
fast-subsystem monostable + slow memory,0.555,0,0.9936971900501261,0.9703561898087799,0.9981897625784136,0.9976270988030007,-0.0019862126977856294,True
fast-subsystem monostable + slow memory,0.5575,0,0.9938591150813028,0.9707440877015044,0.9982421184910265,0.9976882957117384,-0.0019865726827836532,True
fast-subsystem monostable + slow memory,0.56,0,0.9940167713630319,0.9711259455047067,0.9982929068930557,0.9977478673708614,-0.0019869228717932837,True
fast-subsystem monostable + slow memory,0.5625,0,0.994170276933589,0.9715018992836374,0.9983421772160107,0.9978058593297983,-0.001987263552331075,True
fast-subsystem monostable + slow memory,0.5650000000000001,0,0.9943197462850732,0.9718720813961879,0.9983899772091359,0.9978623157387987,-0.0019875950023459394,True
fast-subsystem monostable + slow memory,0.5675,0,0.9944652904845612,0.9722366206124098,0.9984363530030076,0.9979172793982527,-0.0019879174905991946,True
fast-subsystem monostable + slow memory,0.5700000000000001,0,0.9946070172903603,0.9725956422293796,0.9984813491703918,0.9979707918059446,-0.001988231277026147,True
fast-subsystem monostable + slow memory,0.5725,0,0.9947450312636004,0.9729492681816277,0.9985250087844936,0.9980228932023437,-0.001988536613080265,True
fast-subsystem monostable + slow memory,0.5750000000000001,0,0.994879433875395,0.9732976171473451,0.9985673734747342,0.998073622614032,-0.0019888337420609923,True
fast-subsystem monostable + slow memory,0.5775,0,0.9950103236097703,0.9736408046505568,0.998608483480171,0.9981230178953562,-0.001989122899426112,True
fast-subsystem monostable + slow memory,0.58,0,0.995137796062572,0.9739789431594528,0.9986483777006783,0.9981711157683945,-0.0019894043130895506,True
fast-subsystem monostable + slow memory,0.5825,0,0.9952619440365325,0.9743121421810514,0.9986870937459967,0.998217951861318,-0.001989678203705437,True
fast-subsystem monostable + slow memory,0.585,0,0.9953828576326771,0.9746405083523577,0.9987246679827521,0.9982635607452217,-0.0019899447849392026,True
fast-subsystem monostable + slow memory,0.5875,0,0.9955006243382398,0.9749641455281781,0.9987611355795404,0.9983079759695013,-0.0019902042637263977,True
fast-subsystem monostable + slow memory,0.59,0,0.9956153291112422,0.9752831548657362,0.9987965305501724,0.9983512300958403,-0.0019904568405199334,True
fast-subsystem monostable + slow memory,0.5925,0,0.9957270544618919,0.9755976349062315,0.998830885795161,0.9983933547308756,-0.0019907027095263517,True
fast-subsystem monostable + slow memory,0.595,0,0.9958358805309393,0.9759076816534775,0.9988642331415344,0.9984343805576015,-0.0019909420589317188,True
fast-subsystem monostable + slow memory,0.5975,0,0.9959418851651274,0.9762133886497374,0.9988966033810529,0.9984743373655667,-0.0019911750711176976,True
fast-subsystem monostable + slow memory,0.6,0,0.9960451439898657,0.9765148470488879,0.9989280263069023,0.9985132540799262,-0.0019914019228682942,True
fast-subsystem monostable + slow memory,0.6025,0,0.996145730479244,0.9768121456870156,0.99895853074893,0.9985511587893925,-0.001991622785567774,True
fast-subsystem monostable + slow memory,0.605,0,0.9962437160235074,0.9771053711505584,0.9989881446074975,0.9985880787731399,-0.0019918378253902277,True
fast-subsystem monostable + slow memory,0.6075,0,0.9963391699940953,0.9773946078420942,0.9990168948860009,0.9986240405267066,-0.001992047203481151,True
fast-subsystem monostable + slow memory,0.61,0,0.996432159806355,0.977679938043874,0.9990448077221276,0.9986590697869387,-0.0019922510761315134,True
fast-subsystem monostable + slow memory,0.6125,0,0.9965227509800183,0.9779614419791889,0.9990719084179001,0.9986931915560187,-0.001992449594944627,True
fast-subsystem monostable + slow memory,0.615,0,0.996611007197548,0.9782391978716657,0.9990982214685632,0.9987264301246174,-0.0019926429069962205,True
fast-subsystem monostable + slow memory,0.6175,0,0.9966969903604292,0.9785132820025678,0.9991237705903628,0.998758809094207,-0.0019928311549880194,True
fast-subsystem monostable + slow memory,0.62,0,0.9967807606434995,0.9787837687661859,0.9991485787472641,0.9987903513985716,-0.00199301447739517,True
fast-subsystem monostable + slow memory,0.6225,0,0.9968623765473967,0.9790507307233929,0.9991726681766597,0.9988210793245487,-0.001993193008607788,True
fast-subsystem monostable + slow memory,0.625,0,0.9969418949491955,0.9793142386534337,0.9991960604141027,0.9988510145320341,-0.001993366879066914,True
fast-subsystem monostable + slow memory,0.6275000000000001,0,0.9970193711513136,0.9795743616040227,0.9992187763171152,0.99888017807328,-0.00199353621539516,True
fast-subsystem monostable + slow memory,0.63,0,0.9970948589287503,0.9798311669398108,0.999240836088105,0.9989085904115182,-0.001993701140522259,True
fast-subsystem monostable + slow memory,0.6325000000000001,0,0.9971684105747285,0.9800847203892867,0.9992622592964292,0.9989362714389326,-0.0019938617738057963,True
fast-subsystem monostable + slow memory,0.635,0,0.9972400769447978,0.9803350860901718,0.9992830648996432,0.9989632404940095,-0.0019940182311473076,True
fast-subsystem monostable + slow memory,0.6375000000000001,0,0.9973099074994667,0.9805823266333682,0.9993032712639669,0.998989516378292,-0.001994170625103983,True
fast-subsystem monostable + slow memory,0.64,0,0.9973779503454114,0.9808265031055059,0.9993228961839974,0.9990151173725587,-0.0019943190649961543,True
fast-subsystem monostable + slow memory,0.6425,0,0.9974442522753255,0.9810676751301567,0.9993419569017072,0.9990400612524534,-0.001994463657010773,True
fast-subsystem monostable + slow memory,0.645,0,0.9975088588064558,0.9813059009077465,0.999360470124748,0.9990643653035869,-0.0019946045043010424,True
fast-subsystem monostable + slow memory,0.6475,0,0.997571814217878,0.9815412372542278,0.9993784520440945,0.9990880463361289,-0.0019947417070823865,True
fast-subsystem monostable + slow memory,0.65,0,0.9976331615865583,0.981773739638551,0.9993959183510516,0.9991111206989126,-0.001994875362724903,True
fast-subsystem monostable + slow memory,0.6525,0,0.9976929428222479,0.9820034622189792,0.9994128842536537,0.9991336042930714,-0.0019950055658424625,True
fast-subsystem monostable + slow memory,0.655,0,0.9977511987012524,0.9822304578782901,0.9994293644924761,0.9991555125852227,-0.0019951324083785963,True
fast-subsystem monostable + slow memory,0.6575,0,0.9978079688991177,0.9824547782579011,0.9994453733558851,0.9991768606202186,-0.0019952559796893032,True
fast-subsystem monostable + slow memory,0.66,0,0.9978632920222759,0.982676473790961,0.9994609246947493,0.9991976630334802,-0.0019953763666229196,True
fast-subsystem monostable + slow memory,0.6625,0,0.9979172056386827,0.9828955937344394,0.9994760319366295,0.9992179340629286,-0.0019954936535971587,True
fast-subsystem monostable + slow memory,0.665,0,0.9979697463074892,0.9831121862002524,0.9994907080994722,0.9992376875605303,-0.0019956079226734493,True
fast-subsystem monostable + slow memory,0.6675,0,0.9980209496077808,0.9833262981854588,0.999504965804823,0.9992569370034711,-0.0019957192536286836,True
fast-subsystem monostable + slow memory,0.67,0,0.9980708501664137,0.9835379756015549,0.9995188172905801,0.9992756955049702,-0.001995827724024481,True
fast-subsystem monostable + slow memory,0.6725,0,0.9981194816849879,0.9837472633029046,0.9995322744233037,0.9992939758247502,-0.0019959334092740557,True
fast-subsystem monostable + slow memory,0.675,0,0.9981668769659784,0.983954205114327,0.9995453487101008,0.9993117903791743,-0.0019960363827068125,True
fast-subsystem monostable + slow memory,0.6775,0,0.9982130679380639,0.9841588438578793,0.9995580513100991,0.9993291512510626,-0.0019961367156307256,True
fast-subsystem monostable + slow memory,0.68,0,0.9982580856806742,0.9843612213788551,0.9995703930455287,0.9993460701992005,-0.001996234477392633,True
fast-subsystem monostable + slow memory,0.6825,0,0.9983019604477852,0.9845613785710248,0.9995823844124223,0.9993625586675478,-0.00199632973543648,True
fast-subsystem monostable + slow memory,0.685,0,0.9983447216909891,0.9847593554011485,0.9995940355909518,0.9993786277941621,-0.0019964225553596266,True
fast-subsystem monostable + slow memory,0.6875,0,0.9983863980818632,0.9849551909327798,0.9996053564554135,0.999394288419844,-0.001996513000967295,True
fast-subsystem monostable + slow memory,0.6900000000000001,0,0.9984270175336636,0.9851489233493893,0.9996163565838744,0.9994095510965161,-0.001996601134325194,True
fast-subsystem monostable + slow memory,0.6925,0,0.998466607222362,0.9853405899768224,0.9996270452674944,0.999424426095343,-0.0019966870158104333,True
fast-subsystem monostable + slow memory,0.6950000000000001,0,0.998505193607053,0.9855302273051223,0.9996374315195328,0.9994389234146032,-0.0019967707041607715,True
fast-subsystem monostable + slow memory,0.6975,0,0.9985428024497518,0.9857178710097327,0.9996475240840534,0.9994530527873204,-0.0019968522565222556,True
fast-subsystem monostable + slow memory,0.7000000000000001,0,0.9985794588345998,0.9859035559721013,0.9996573314443404,0.9994668236886632,-0.001996931728495321,True
fast-subsystem monostable + slow memory,0.7025,0,0.9986151871865006,0.9860873162997036,0.9996668618310309,0.9994802453431197,-0.001997009174179418,True
fast-subsystem monostable + slow memory,0.705,0,0.9986500112892069,0.9862691853455079,0.9996761232299786,0.9994933267314572,-0.001997084646216199,True
fast-subsystem monostable + slow memory,0.7075,0,0.9986839543028709,0.9864491957268943,0.9996851233898574,0.9995060765974713,-0.0019971581958313366,True
fast-subsystem monostable + slow memory,0.71,0,0.9987170387810811,0.9866273793440483,0.9996938698295136,0.9995185034545336,-0.0019972298728750124,True
fast-subsystem monostable + slow memory,0.7125,0,0.9987492866874006,0.9868037673978477,0.9997023698450753,0.9995306155919453,-0.0019972997258611356,True
fast-subsystem monostable + slow memory,0.715,0,0.9987807194114211,0.9869783904072505,0.9997106305168288,0.9995424210810995,-0.001997367802005318,True
fast-subsystem monostable + slow memory,0.7175,0,0.9988113577843516,0.9871512782262092,0.9997186587158706,0.999553927781463,-0.001997434147261679,True
fast-subsystem monostable + slow memory,0.72,0,0.9988412220941543,0.9873224600601196,0.9997264611105408,0.9995651433463814,-0.001997498806358489,True
fast-subsystem monostable + slow memory,0.7225,0,0.9988703321002432,0.9874919644818194,0.9997340441726476,0.9995760752287124,-0.001997561822832724,True
fast-subsystem monostable + slow memory,0.725,0,0.9988987070477597,0.9876598194471542,0.9997414141834908,0.9995867306862958,-0.001997623239063544,True
fast-subsystem monostable + slow memory,0.7275,0,0.9989263656814373,0.9878260523101174,0.999748577239688,0.9995971167872617,-0.001997683096304753,True
fast-subsystem monostable + slow memory,0.73,0,0.9989533262590689,0.9879906898375833,0.9997555392588148,0.9996072404151859,-0.0019977414347162516,True
fast-subsystem monostable + slow memory,0.7325,0,0.998979606564592,0.9881537582236436,0.9997623059848613,0.9996171082740948,-0.00199779829339456,True
fast-subsystem monostable + slow memory,0.735,0,0.9990052239207978,0.9883152831035552,0.999768882993515,0.9996267268933257,-0.0019978537104023805,True
fast-subsystem monostable + slow memory,0.7375,0,0.9990301952016818,0.9884752895673189,0.999775275697273,0.9996361026322473,-0.001997907722797301,True
fast-subsystem monostable + slow memory,0.74,0,0.9990545368444439,0.9886338021728918,0.9997814893503915,0.9996452416848438,-0.0019979603666596085,True
fast-subsystem monostable + slow memory,0.7425,0,0.9990782648611496,0.9887908449590503,0.9997875290536773,0.9996541500841685,-0.001998011677119288,True
fast-subsystem monostable + slow memory,0.745,0,0.9991013948500624,0.9889464414579107,0.9997933997591262,0.9996628337066686,-0.0019980616883822104,True
fast-subsystem monostable + slow memory,0.7475,0,0.9991239420066589,0.9891006147071185,0.9997991062744148,0.9996712982763892,-0.001998110433755532,True
fast-subsystem monostable + slow memory,0.75,0,0.9991459211343334,0.9892533872617163,0.9998046532672495,0.9996795493690555,-0.00199815794567236,True
fast-subsystem monostable + slow memory,0.7525000000000001,0,0.9991673466548057,0.9894047812056995,0.9998100452695793,0.9996875924160398,-0.0019982042557156743,True
fast-subsystem monostable + slow memory,0.755,0,0.9991882326182357,0.9895548181632688,0.9998152866816731,0.9996954327082178,-0.0019982493946415565,True
fast-subsystem monostable + slow memory,0.7575000000000001,0,0.999208592713059,0.9897035193097867,0.9998203817760712,0.9997030753997144,-0.0019982933924017265,True
fast-subsystem monostable + slow memory,0.76,0,0.9992284402755487,0.9898509053824518,0.9998253347014121,0.9997105255115454,-0.0019983362781654337,True
fast-subsystem monostable + slow memory,0.7625000000000001,0,0.9992477882991124,0.9899969966906912,0.9998301494861387,0.9997177879351563,-0.0019983780803407057,True
fast-subsystem monostable + slow memory,0.765,0,0.999266649443332,0.9901418131262859,0.999834830042089,0.9997248674358626,-0.001998418826594975,True
fast-subsystem monostable + slow memory,0.7675000000000001,0,0.9992850360427541,0.990285374173232,0.9998393801679744,0.9997317686561934,-0.001998458543875119,True
fast-subsystem monostable + slow memory,0.77,0,0.9993029601154404,0.9904276989173498,0.999843803552751,0.9997384961191433,-0.0019984972584269145,True
fast-subsystem monostable + slow memory,0.7725,0,0.9993204333712808,0.9905688060556436,0.9998481037788844,0.9997450542313324,-0.001998534995813938,True
fast-subsystem monostable + slow memory,0.775,0,0.9993374672200803,0.9907087139054201,0.999852284325514,0.9997514472860798,-0.0019985717809359177,True
fast-subsystem monostable + slow memory,0.7775,0,0.999354072779425,0.9908474404131768,0.9998563485715193,0.9997576794663914,-0.001998607638046574,True
fast-subsystem monostable + slow memory,0.78,0,0.999370260882332,0.9909850031632583,0.9998602997984922,0.9997637548478661,-0.0019986425907709353,True
fast-subsystem monostable + slow memory,0.7825,0,0.9993860420846927,0.9911214193862958,0.9998641411936152,0.9997696774015208,-0.001998676662122174,True
fast-subsystem monostable + slow memory,0.785,0,0.9994014266725124,0.9912567059674299,0.9998678758524545,0.9997754509965396,-0.0019987098745179667,True
fast-subsystem monostable + slow memory,0.7875,0,0.9994164246689545,0.9913908794543244,0.9998715067816643,0.9997810794029455,-0.0019987422497963737,True
fast-subsystem monostable + slow memory,0.79,0,0.9994310458411935,0.9915239560649791,0.9998750369016087,0.999786566294201,-0.0019987738092313006,True
fast-subsystem monostable + slow memory,0.7925,0,0.9994452997070822,0.9916559516953427,0.9998784690489054,0.9997919152497359,-0.0019988045735474975,True
fast-subsystem monostable + slow memory,0.795,0,0.9994591955416399,0.9917868819267349,0.9998818059788889,0.9997971297574076,-0.001998834562935158,True
fast-subsystem monostable + slow memory,0.7975,0,0.9994727423833656,0.9919167620330821,0.9998850503679996,0.9998022132158944,-0.001998863797064097,True
fast-subsystem monostable + slow memory,0.8,0,0.9994859490403816,0.9920456069879718,0.9998882048161009,0.9998071689370225,-0.0019988922950975405,True
fast-subsystem monostable + slow memory,0.8025,0,0.9994988240964102,0.992173431471527,0.9998912718487244,0.9998120001480315,-0.0019989200757055308,True
fast-subsystem monostable + slow memory,0.805,0,0.9995113759165939,0.9923002498771142,0.9998942539192477,0.9998167099937783,-0.0019989471570779497,True
fast-subsystem monostable + slow memory,0.8075,0,0.9995236126531561,0.9924260763178797,0.9998971534110066,0.9998213015388799,-0.001998973556937205,True
fast-subsystem monostable + slow memory,0.81,0,0.9995355422509125,0.9925509246331238,0.9998999726393418,0.9998257777698016,-0.0019989992925505333,True
fast-subsystem monostable + slow memory,0.8125,0,0.9995471724526355,0.9926748083945195,0.9999027138535854,0.9998301415968858,-0.0019990243807419955,True
fast-subsystem monostable + slow memory,0.8150000000000001,0,0.9995585108042753,0.992797740912174,0.9999053792389867,0.999834395856328,-0.001999048837904124,True
fast-subsystem monostable + slow memory,0.8175,0,0.9995695646600407,0.9929197352405399,0.9999079709185793,0.9998385433121,-0.0019990726800092496,True
fast-subsystem monostable + slow memory,0.8200000000000001,0,0.9995803411873478,0.9930408041841837,0.9999104909549935,0.9998425866578202,-0.0019990959226205297,True
fast-subsystem monostable + slow memory,0.8225,0,0.999590847371636,0.9931609603034102,0.9999129413522138,0.999846528518576,-0.0019991185809026665,True
fast-subsystem monostable + slow memory,0.8250000000000001,0,0.9996010900210535,0.993280215919746,0.9999153240572811,0.9998503714526947,-0.0019991406696323335,True
fast-subsystem monostable + slow memory,0.8275,0,0.9996110757710255,0.993398583121294,0.9999176409619488,0.9998541179534706,-0.0019991622032083196,True
fast-subsystem monostable + slow memory,0.8300000000000001,0,0.9996208110886942,0.9935160737679513,0.9999198939042846,0.9998577704508429,-0.001999183195661397,True
fast-subsystem monostable + slow memory,0.8325,0,0.9996303022772479,0.9936326994965033,0.9999220846702275,0.9998613313130318,-0.0019992036606639287,True
fast-subsystem monostable + slow memory,0.835,0,0.9996395554801314,0.9937484717255904,0.9999242149950968,0.999864802848129,-0.0019992236115391943,True
fast-subsystem monostable + slow memory,0.8375,0,0.9996485766851482,0.9938634016605569,0.9999262865650564,0.9998681873056467,-0.001999243061270498,True
fast-subsystem monostable + slow memory,0.84,0,0.9996573717284531,0.9939775002981779,0.999928301018536,0.9998714868780268,-0.001999262022509991,True
fast-subsystem monostable + slow memory,0.8425,0,0.9996659462984432,0.9940907784312767,0.9999302599476098,0.9998747037021086,-0.0019992805075872955,True
fast-subsystem monostable + slow memory,0.845,0,0.9996743059395408,0.9942032466532242,0.9999321648993331,0.9998778398605579,-0.001999298528517863,True
fast-subsystem monostable + slow memory,0.8475,0,0.9996824560558843,0.9943149153623355,0.999934017377042,0.9998808973832599,-0.001999316097011135,True
fast-subsystem monostable + slow memory,0.85,0,0.9996904019149171,0.9944257947661551,0.9999358188416116,0.999883878248674,-0.001999333224478465,True
fast-subsystem monostable + slow memory,0.8525,0,0.9996981486508847,0.9945358948856424,0.9999375707126784,0.9998867843851529,-0.001999349922040843,True
fast-subsystem monostable + slow memory,0.855,0,0.9997057012682411,0.9946452255592555,0.9999392743698272,0.9998896176722285,-0.0019993662005364033,True
fast-subsystem monostable + slow memory,0.8575,0,0.9997130646449646,0.9947537964469346,0.9999409311537414,0.999892379941862,-0.0019993820705277413,True
fast-subsystem monostable + slow memory,0.86,0,0.9997202435357881,0.9948616170339942,0.9999425423673204,0.999895072979663,-0.001999397542309026,True
fast-subsystem monostable + slow memory,0.8625,0,0.9997272425753465,0.9949686966349186,0.9999441092767641,0.9998976985260758,-0.001999412625912929,True
fast-subsystem monostable + slow memory,0.865,0,0.9997340662812388,0.9950750443970676,0.9999456331126251,0.999900258277535,-0.0019994273311173716,True
fast-subsystem monostable + slow memory,0.8675,0,0.9997407190570147,0.9951806693042947,0.99994711507083,0.9999027538875908,-0.0019994416674520873,True
fast-subsystem monostable + slow memory,0.87,0,0.9997472051950806,0.9952855801804784,0.999948556313671,0.999905186968004,-0.0019994556442050125,True
fast-subsystem monostable + slow memory,0.8725,0,0.999753528879531,0.9953897856929687,0.9999499579707682,0.999907559089815,-0.0019994692704285093,True
fast-subsystem monostable + slow memory,0.875,0,0.9997596941889075,0.9954932943559535,0.9999513211400038,0.9999098717843815,-0.0019994825549454255,True
fast-subsystem monostable + slow memory,0.8775000000000001,0,0.9997657050988851,0.9955961145337437,0.9999526468884289,0.9999121265443928,-0.0019994955063549875,True
fast-subsystem monostable + slow memory,0.88,0,0.9997715654848902,0.9956982544439829,0.9999539362531438,0.9999143248248544,-0.0019995081330385542,True
fast-subsystem monostable + slow memory,0.8825000000000001,0,0.9997772791246482,0.9957997221607766,0.9999551902421526,0.9999164680440491,-0.001999520443165193,True
fast-subsystem monostable + slow memory,0.885,0,0.9997828497006693,0.9959005256177527,0.9999564098351927,0.999918557584473,-0.0019995324446971355,True
fast-subsystem monostable + slow memory,0.8875000000000001,0,0.999788280802667,0.9960006726110475,0.999957595984541,0.999920594793746,-0.001999544145395078,True
fast-subsystem monostable + slow memory,0.89,0,0.9997935759299155,0.9961001708022219,0.9999587496157945,0.9999225809855008,-0.001999555552823338,True
fast-subsystem monostable + slow memory,0.8925000000000001,0,0.999798738493545,0.9961990277211072,0.9999598716286308,0.9999245174402458,-0.001999566674354891,True
fast-subsystem monostable + slow memory,0.895,0,0.9998037718187807,0.9962972507685895,0.999960962897545,0.9999264054062094,-0.001999577517176256,True
fast-subsystem monostable + slow memory,0.8975,0,0.9998086791471212,0.9963948472193224,0.999962024272565,0.9999282461001596,-0.0019995880882922763,True
fast-subsystem monostable + slow memory,0.9,0,0.9998134636384617,0.9964918242243804,0.999963056579947,0.9999300407082032,-0.0019995983945307475,True
fast-subsystem monostable + slow memory,0.9025,0,0.9998181283731635,0.99658818881385,0.99996406062285,0.9999317903865654,-0.001999608442546954,True
fast-subsystem monostable + slow memory,0.905,0,0.9998226763540703,0.9966839478993595,0.9999650371819915,0.9999334962623481,-0.001999618238828065,True
fast-subsystem monostable + slow memory,0.9075,0,0.9998271105084702,0.9967791082765503,0.9999659870162831,0.9999351594342685,-0.0019996277896974267,True
fast-subsystem monostable + slow memory,0.91,0,0.9998314336900116,0.9968736766274904,0.9999669108634494,0.9999367809733806,-0.001999637101318741,True
fast-subsystem monostable + slow memory,0.9125,0,0.9998356486805664,0.9969676595230345,0.9999678094406268,0.9999383619237755,-0.0019996461797001366,True
fast-subsystem monostable + slow memory,0.915,0,0.9998397581920466,0.9970610634251241,0.9999686834449477,0.9999399033032654,-0.0019996550306981293,True
fast-subsystem monostable + slow memory,0.9175,0,0.9998437648681755,0.9971538946890416,0.9999695335541054,0.9999414061040501,-0.0019996636600214867,True
fast-subsystem monostable + slow memory,0.92,0,0.9998476712862117,0.9972461595656058,0.9999703604269037,0.9999428712933653,-0.001999672073234988,True
fast-subsystem monostable + slow memory,0.9225,0,0.9998514799586304,0.9973378642033212,0.9999711647037917,0.9999442998141151,-0.00199968027576309,True
fast-subsystem monostable + slow memory,0.925,0,0.9998551933347601,0.9974290146504752,0.9999719470073805,0.9999456925854878,-0.0019996882728934885,True
fast-subsystem monostable + slow memory,0.9275,0,0.9998588138023805,0.9975196168571897,0.9999727079429485,0.9999470505035564,-0.001999696069780608,True
fast-subsystem monostable + slow memory,0.93,0,0.9998623436892757,0.9976096766774235,0.999973448098929,0.9999483744418635,-0.001999703671448976,True
fast-subsystem monostable + slow memory,0.9325,0,0.9998657852647508,0.9976991998709291,0.9999741680473864,0.999949665251991,-0.0019997110827965335,True
fast-subsystem monostable + slow memory,0.935,0,0.9998691407411084,0.9977881921051672,0.9999748683444767,0.9999509237641158,-0.0019997183085978397,True
fast-subsystem monostable + slow memory,0.9375,0,0.9998724122750873,0.997876658957173,0.9999755495308953,0.9999521507875502,-0.0019997253535072083,True
fast-subsystem monostable + slow memory,0.9400000000000001,0,0.9998756019692658,0.9979646059153853,0.9999762121323141,0.99995334711127,-0.0019997322220617615,True
fast-subsystem monostable + slow memory,0.9425,0,0.9998787118734278,0.99805203838143,0.9999768566598018,0.9999545135044281,-0.001999738918684398,True
fast-subsystem monostable + slow memory,0.9450000000000001,0,0.9998817439858947,0.9981389616718643,0.9999774836102369,0.9999556507168547,-0.001999745447686688,True
fast-subsystem monostable + slow memory,0.9475,0,0.9998847002548239,0.9982253810198832,0.999978093466705,0.9999567594795459,-0.001999751813271699,True
fast-subsystem monostable + slow memory,0.9500000000000001,0,0.9998875825794731,0.9983113015769831,0.9999786866988876,0.9999578405051389,-0.0019997580195367463,True
fast-subsystem monostable + slow memory,0.9525,0,0.9998903928114331,0.9983967284145924,0.9999792637634373,0.9999588944883752,-0.0019997640704760623,True
fast-subsystem monostable + slow memory,0.9550000000000001,0,0.9998931327558305,0.9984816665256634,0.9999798251043451,0.9999599221065527,-0.0019997699699834193,True
fast-subsystem monostable + slow memory,0.9575,0,0.9998958041724968,0.9985661208262269,0.9999803711532945,0.9999609240199651,-0.001999775721854661,True
fast-subsystem monostable + slow memory,0.96,0,0.9998984087771114,0.9986500961569154,0.9999809023300074,0.9999619008723313,-0.0019997813297901877,True
fast-subsystem monostable + slow memory,0.9625,0,0.9999009482423118,0.9987335972844468,0.9999814190425788,0.9999628532912127,-0.0019997867973973677,True
fast-subsystem monostable + slow memory,0.965,0,0.9999034241987794,0.9988166289030818,0.9999819216878033,0.9999637818884215,-0.001999792128192892,True
fast-subsystem monostable + slow memory,0.9675,0,0.9999058382362953,0.998899195636042,0.9999824106514914,0.9999646872604171,-0.001999797325605063,True
fast-subsystem monostable + slow memory,0.97,0,0.9999081919047696,0.9989813020369004,0.9999828863087771,0.9999655699886925,-0.001999802392976034,True
fast-subsystem monostable + slow memory,0.9725,0,0.9999104867152451,0.9990629525909392,0.9999833490244161,0.9999664306401521,-0.0019998073335639782,True
fast-subsystem monostable + slow memory,0.975,0,0.9999127241408763,0.999144151716479,0.999983799153077,0.9999672697674792,-0.0019998121505452188,True
fast-subsystem monostable + slow memory,0.9775,0,0.9999149056178813,0.9992249037661758,0.999984237039623,0.9999680879094932,-0.0019998168470162915,True
fast-subsystem monostable + slow memory,0.98,0,0.9999170325464721,0.9993052130282916,0.999984663019386,0.9999688855915001,-0.00199982142599596,True
fast-subsystem monostable + slow memory,0.9825,0,0.9999191062917601,0.999385083727936,0.9999850774184328,0.9999696633256312,-0.001999825890427174,True
fast-subsystem monostable + slow memory,0.985,0,0.9999211281846385,0.9994645200282805,0.9999854805538242,0.9999704216111761,-0.0019998302431789928,True
fast-subsystem monostable + slow memory,0.9875,0,0.9999230995226427,0.9995435260317446,0.9999858727338656,0.9999711609349049,-0.001999834487048439,True
fast-subsystem monostable + slow memory,0.99,0,0.9999250215707893,0.9996221057811587,0.9999862542583527,0.9999718817713831,-0.001999838624762324,True
fast-subsystem monostable + slow memory,0.9925,0,0.9999268955623937,0.9997002632608987,0.9999866254188076,0.9999725845832798,-0.001999842658979012,True
fast-subsystem monostable + slow memory,0.995,0,0.9999287226998659,0.9997780023979969,0.9999869864987099,0.9999732698216653,-0.0019998465922901475,True
fast-subsystem monostable + slow memory,0.9975,0,0.9999305041554882,0.9998553270632278,0.9999873377737214,0.9999739379263044,-0.001999850427222337,True
fast-subsystem monostable + slow memory,1.0,0,0.9999322410721718,0.9999322410721718,0.9999876795119033,0.9999745893259394,-0.0019998541662387924,True
near-critical fast subsystem + memory,0.0,0,0.0020627210941989663,0.0,0.002062721094198966,0.005481744069322591,-0.0007475367724681946,True
near-critical fast subsystem + memory,0.0025,0,0.0020945114880783888,0.0001614889350869999,0.0021180248347616006,0.005565934113305361,-0.0007474965269568548,True
near-critical fast subsystem + memory,0.005,0,0.002126809179394713,0.0003051376154081367,0.002174558326342378,0.005651458521950147,-0.0007474555190302758,True
near-critical fast subsystem + memory,0.0075,0,0.002159621793190649,0.0004345315479256839,0.002232346319158906,0.00573833705225054,-0.0007474137485261574,True
near-critical fast subsystem + memory,0.01,0,0.0021929572961533316,0.0005523821904668342,0.0022914142506682534,0.0058265903500425145,-0.0007473712065714248,True
near-critical fast subsystem + memory,0.0125,0,0.0022268239460850048,0.0006607786190163219,0.0023517882107726936,0.005916239815407129,-0.000747327880608058,True
near-critical fast subsystem + memory,0.015,0,0.002261230259061887,0.0007613569895831268,0.002413494922475521,0.006007307514951202,-0.0007472837561256155,True
near-critical fast subsystem + memory,0.0175,0,0.0022961849879231016,0.000855417504814354,0.0024765617325171363,0.006099816124106164,-0.0007472388173706986,True
near-critical fast subsystem + memory,0.02,0,0.0023316971082302535,0.0009440069264090096,0.002541016608673919,0.00619378888921074,-0.0007471930476730271,True
near-critical fast subsystem + memory,0.0225,0,0.002367775809284444,0.001027977920094549,0.0026068881416482143,0.006289249602977714,-0.0007471464296069824,True
near-critical fast subsystem + memory,0.025,0,0.002404430488651902,0.0011080324832497244,0.0026742055502224794,0.006386222589236941,-0.0007470989450747377,True
near-critical fast subsystem + memory,0.0275,0,0.0024416707491809854,0.001184754223246177,0.002742998688808774,0.006484732694256256,-0.0007470505753487284,True
near-critical fast subsystem + memory,0.03,0,0.0024795063978284007,0.0012586326892529952,0.002813298056813568,0.006584805282830348,-0.0007470013010914755,True
near-critical fast subsystem + memory,0.0325,0,0.00251794744582896,0.0013300819502550382,0.0028851348094246472,0.006686466237901651,-0.0007469511023619671,True
near-critical fast subsystem + memory,0.035,0,0.0025570041098857887,0.0013994549467709555,0.002958540769549947,0.006789741962855296,-0.000746899958613593,True
near-critical fast subsystem + memory,0.0375,0,0.0025966868141534486,0.0014670546972618355,0.0030335484407207486,0.006894659385883525,-0.0007468478486864472,True
near-critical fast subsystem + memory,0.04,0,0.002637006192852111,0.0015331431353791342,0.0031101910208285724,0.007001245965988973,-0.0007467947507956849,True
near-critical fast subsystem + memory,0.0425,0,0.0026779730933960974,0.001597948142777594,0.003188502416604321,0.007109529700316015,-0.0007467406425169406,True
near-critical fast subsystem + memory,0.045,0,0.002719598579952294,0.0016616691934535402,0.0032685172587762906,0.007219539132584638,-0.0007466855007694452,True
near-critical fast subsystem + memory,0.0475,0,0.002761893937366768,0.0017244819194863158,0.0033502709178637197,0.007331303362461749,-0.000746629301797246,True
near-critical fast subsystem + memory,0.05,0,0.0028048706754145074,0.0017865418314742085,0.0034337995205771547,0.007444852055748736,-0.000746572021148789,True
near-critical fast subsystem + memory,0.0525,0,0.002848540533339378,0.001847987371026473,0.003519139966807841,0.007560215455296358,-0.0007465136336550156,True
near-critical fast subsystem + memory,0.055,0,0.0028929154846604743,0.0019089424313896352,0.003606329947196549,0.007677424392581914,-0.0007464541134060919,True
near-critical fast subsystem + memory,0.0575,0,0.002938007742227816,0.0019695184515080085,0.0036954079612785237,0.007796510299901725,-0.000746393433726809,True
near-critical fast subsystem + memory,0.06,0,0.00298382976351549,0.002029816165656796,0.003786413336206095,0.007917505223145289,-0.0007463315671506959,True
near-critical fast subsystem + memory,0.0625,0,0.0030303942561445245,0.0020899270732031203,0.0038793862460546505,0.008040441835128668,-0.0007462684853928446,True
near-critical fast subsystem + memory,0.065,0,0.0030777141836306624,0.002149934679591543,0.003974367731720509,0.008165353449472104,-0.0007462041593214366,True
near-critical fast subsystem + memory,0.0675,0,0.003125802771354929,0.0022099155492689994,0.004071399721422238,0.00829227403501401,-0.000746138558927951,True
near-critical fast subsystem + memory,0.07,0,0.0031746735127567392,0.0022699402031968515,0.0041705250518189775,0.008421238230758299,-0.0007460716532960146,True
near-critical fast subsystem + memory,0.0725,0,0.0032243401757510483,0.002330073887285831,0.004271787489761506,0.008552281361356545,-0.0007460034105688661,True
near-critical fast subsystem + memory,0.075,0,0.003274816809372327,0.0023903772331184867,0.004375231754693367,0.008685439453129714,-0.0007459337979153671,True
near-critical fast subsystem + memory,0.0775,0,0.0033261177506494584,0.0024509068283844362,0.004480903541721295,0.0088207492506376,-0.0007458627814945211,True
near-critical fast subsystem + memory,0.08,0,0.003378257631716442,0.00251171571131334,0.004588849545375274,0.00895824823380607,-0.0007457903264184348,True
near-critical fast subsystem + memory,0.0825,0,0.003431251387165016,0.0025728538008735636,0.0046991174840805856,0.00909797463562524,-0.0007457163967136514,True
near-critical fast subsystem + memory,0.085,0,0.0034851142616457685,0.002634368272475681,0.004811756125365028,0.009239967460432888,-0.0007456409552807966,True
near-critical fast subsystem + memory,0.08750000000000001,0,0.003539861817725402,0.002696303887277238,0.004926815311826435,0.009384266502800036,-0.0007455639638524438,True
near-critical fast subsystem + memory,0.09,0,0.0035955099440082537,0.0027587032818477647,0.005044345987886608,0.009530912367036758,-0.0007454853829491355,True
near-critical fast subsystem + memory,0.0925,0,0.0036520748635310175,0.002821607223859838,0.0051644002273594294,0.00967994648733816,-0.00074540517183346,True
near-critical fast subsystem + memory,0.095,0,0.00370957314244024,0.002885054838574071,0.005287031261862307,0.009831411148592132,-0.0007453232884621016,True
near-critical fast subsystem + memory,0.0975,0,0.0037680216989628215,0.0029490838101454953,0.0054122935101016175,0.009985349507871876,-0.0007452396894357595,True
near-critical fast subsystem + memory,0.1,0,0.003827437812680314,0.003013730561165602,0.005540242608064168,0.01014180561663755,-0.000745154329946833,True
near-critical fast subsystem + memory,0.10250000000000001,0,0.003887839134118707,0.0030790304133449294,0.005670935440148663,0.010300824443673551,-0.0007450671637247717,True
near-critical fast subsystem + memory,0.105,0,0.003949243694665728,0.00314501773181571,0.005804430171272285,0.01046245189878855,-0.0007449781429789573,True
near-critical fast subsystem + memory,0.1075,0,0.004011669916828756,0.003211726055178486,0.005940786279989823,0.010626734857308051,-0.0007448872183390171,True
near-critical fast subsystem + memory,0.11,0,0.0040751366248468045,0.0032791882131173998,0.006080064592663988,0.010793721185389866,-0.0007447943387924177,True
near-critical fast subsystem + memory,0.1125,0,0.0041396630556710355,0.0033474364331571717,0.0062223273187279205,0.010963459766195338,-0.0007446994516192155,True
near-critical fast subsystem + memory,0.115,0,0.0042052688703289026,0.0034165024379217506,0.006367638087082606,0.011136000526950489,-0.0007446025023238185,True
near-critical fast subsystem + memory,0.11750000000000001,0,0.004271974165687819,0.003486417534074101,0.0065160619836739965,0.011311394466933113,-0.0007445034345635827,True
near-critical fast subsystem + memory,0.12,0,0.00433979948663526,0.0035572126939633275,0.006667665590297153,0.011489693686424126,-0.0007444021900741317,True
near-critical fast subsystem + memory,0.1225,0,0.004408765838692765,0.003628918630874273,0.006822517024676402,0.011670951416662665,-0.0007442987085911599,True
near-critical fast subsystem + memory,0.125,0,0.004478894701082654,0.003701565868663351,0.0069806859818736956,0.01185522205084758,-0.000744192927768599,True
near-critical fast subsystem + memory,0.1275,0,0.00455020804026687,0.0037751848064683643,0.007142243777079304,0.01204256117622918,-0.000744084783092909,True
near-critical fast subsystem + memory,0.13,0,0.00462272832397864,0.0038498057790981627,0.007307263389841992,0.012233025607338044,-0.0007439742077933216,True
near-critical fast subsystem + memory,0.1325,0,0.004696478535768659,0.003925459113637265,0.007475819509798686,0.0124266734203999,-0.0007438611327477893,True
near-critical fast subsystem + memory,0.135,0,0.004771482190088635,0.004002175182739768,0.007647988583966552,0.01262356398898819,-0.0007437454863844525,True
near-critical fast subsystem + memory,0.1375,0,0.004847763347936287,0.004079984455034365,0.007823848865663709,0.012823758020968674,-0.0007436271945783255,True
near-critical fast subsystem + memory,0.14,0,0.004925346633087229,0.004158917543016961,0.008003480465128188,0.013027317596793401,-0.0007435061805429954,True
near-critical fast subsystem + memory,0.14250000000000002,0,0.005004257248940387,0.00423900524876805,0.008186965401908244,0.013234306209204188,-0.0007433823647170347,True
near-critical fast subsystem + memory,0.145,0,0.005084520996005279,0.004320278607798215,0.008374387659101118,0.013444788804409281,-0.0007432556646448283,True
near-critical fast subsystem + memory,0.1475,0,0.005166164290060827,0.0044027689312955195,0.008565833239521186,0.013658831824800158,-0.0007431259948515448,True
near-critical fast subsystem + memory,0.15,0,0.005249214181017158,0.004486507847023213,0.008761390223882915,0.013876503253279018,-0.0007429932667118689,True
near-critical fast subsystem + memory,0.1525,0,0.005333698372513525,0.00457152733909407,0.008961148831088443,0.014097872659271631,-0.0007428573883122045,True
near-critical fast subsystem + memory,0.155,0,0.005419645242287267,0.004657859786828536,0.009165201480714445,0.01432301124650381,-0.0007427182643059395,True
near-critical fast subsystem + memory,0.1575,0,0.005507083863350987,0.004745538002887597,0.009373642857798323,0.014551991902625029,-0.0007425757957613983,True
near-critical fast subsystem + memory,0.16,0,0.005596044026016746,0.0048345952708568,0.009586569980028756,0.014784889250766205,-0.0007424298800020588,True
near-critical fast subsystem + memory,0.1625,0,0.005686556260808842,0.0049250653824460325,0.009804082267451952,0.015021779703124754,-0.0007422804104385902,True
near-critical fast subsystem + memory,0.165,0,0.005778651862308727,0.005016982674459037,0.010026281614810804,0.015262741516674491,-0.000742127276392248,True
near-critical fast subsystem + memory,0.1675,0,0.005872362913978328,0.005110382065677983,0.010253272466640807,0.015507854851103906,-0.0007419703629091115,True
near-critical fast subsystem + memory,0.17,0,0.005967722314010833,0.005205299093801137,0.010485161895253753,0.015757201829092477,-0.0007418095505646341,True
near-critical fast subsystem + memory,0.17250000000000001,0,0.006064763802260622,0.0053017699525653465,0.01072205968174738,0.016010866599040514,-0.0007416447152579426,True
near-critical fast subsystem + memory,0.17500000000000002,0,0.006163521988307545,0.005399831529180578,0.010964078400187632,0.01626893540037583,-0.0007414757279952676,True
near-critical fast subsystem + memory,0.1775,0,0.006264032380713557,0.005499521442199363,0.011211333505118016,0.016531496631566504,-0.000741302454661872,True
near-critical fast subsystem + memory,0.18,0,0.006366331417533764,0.005600878079941728,0.011463943422560411,0.016798640920978217,-0.00074112475578177,True
near-critical fast subsystem + memory,0.1825,0,0.006470456498147275,0.00570394063959366,0.011722029644680679,0.01707046120072176,-0.000740942486264518,True
near-critical fast subsystem + memory,0.185,0,0.006576446016477718,0.005808749167096576,0.01198571682830339,0.017347052783646184,-0.0007407554951382837,True
near-critical fast subsystem + memory,0.1875,0,0.006684339395677313,0.005915344597944524,0.01225513289747076,0.017628513443641896,-0.0007405636252683514,True
near-critical fast subsystem + memory,0.19,0,0.006794177124353153,0.006023768799006529,0.012530409150252744,0.017914943499428578,-0.0007403667130601782,True
near-critical fast subsystem + memory,0.1925,0,0.006906000794419503,0.006134064611492695,0.012811680370028406,0.018206445902013903,-0.0007401645881460364,True
near-critical fast subsystem + memory,0.195,0,0.0070198531406650555,0.006246275895184512,0.013099084941471776,0.01850312632602042,-0.0007399570730542242,True
near-critical fast subsystem + memory,0.1975,0,0.007135778082130048,0.006360447574052508,0.013392764971490573,0.018805093265091048,-0.0007397439828597431,True
near-critical fast subsystem + memory,0.2,0,0.007253820765394161,0.006476625683387643,0.013692866415381408,0.019112458131596594,-0.0007395251248152842,True
near-critical fast subsystem + memory,0.2025,0,0.007374027609883069,0.006594857418577108,0.013999539208482625,0.01942533536088419,-0.0007393002979612599,True
near-critical fast subsystem + memory,0.2025,1,0.7659458406609851,0.6850128419293342,0.8621563309589331,0.8971902901102923,0.0012044951407536493,False
near-critical fast subsystem + memory,0.2025,2,0.8383518048962195,0.749768093149981,0.9083600040534628,0.9325694056682703,-0.0006734370344482893,True
near-critical fast subsystem + memory,0.20500000000000002,0,0.0074964463553083595,0.006715191185659663,0.01431293740362324,0.019743842520320232,-0.0007390692927135488,True
near-critical fast subsystem + memory,0.20500000000000002,1,0.7433260364487897,0.6658590232554158,0.847736144094396,0.8853559195965177,0.002282567514384476,False
near-critical fast subsystem + memory,0.20500000000000002,2,0.855276062777125,0.7661419832611345,0.9191030906570172,0.940331347051763,-0.0009224709257949964,True
near-critical fast subsystem + memory,0.20750000000000002,0,0.007621126111363601,0.006837676653801523,0.014633219314686967,0.020068100423399213,-0.0007388318904275133,True
near-critical fast subsystem + memory,0.20750000000000002,1,0.7260686985921962,0.6514290561361182,0.8367480653761052,0.8760556063051849,0.0033718001663465254,False
near-critical fast subsystem + memory,0.20750000000000002,2,0.8668644028272896,0.7777510045904772,0.9264214387667935,0.9455427794486935,-0.0010706708737710196,True
near-critical fast subsystem + memory,0.21,0,0.0077481174098073605,0.006962364809839733,0.014960547666630231,0.02039823324920714,-0.0007385878629367418,True
near-critical fast subsystem + memory,0.21,1,0.7113133876196085,0.6391776268725622,0.8273602798604284,0.8679095561262729,0.004537659218686104,False
near-critical fast subsystem + memory,0.21,2,0.8759771114567148,0.7871424621562264,0.9321462965736618,0.9495834098317903,-0.0011771249009925018,True
near-critical fast subsystem + memory,0.2125,0,0.007877472259073374,0.007089308015047504,0.01529508975231692,0.02073436866754897,-0.0007383369720648863,True
near-critical fast subsystem + memory,0.2125,1,0.6980946638947594,0.6282482417263584,0.8189530815158754,0.860454551812386,0.005803713671227538,False
near-critical fast subsystem + memory,0.2125,2,0.8835794722562302,0.7951747500453104,0.9368968049477333,0.952916363462464,-0.0012602997729231743,True
near-critical fast subsystem + memory,0.215,0,0.00800924420155737,0.007218560064283524,0.01563701759655599,0.02107663797006948,-0.0007380789691088012,True
near-critical fast subsystem + memory,0.215,1,0.6859457274434486,0.6182281760651497,0.8112260377701505,0.8534677167841693,0.007181649465055108,False
near-critical fast subsystem + memory,0.215,2,0.8901381262086225,0.8022624067694565,0.9409728325986321,0.9557644200121633,-0.0013285596984045178,True
near-critical fast subsystem + memory,0.2175,0,0.008143488373740876,0.0073501762476964015,0.01598650812775502,0.0214251762077208,-0.0007378135942910958,True
near-critical fast subsystem + memory,0.2175,1,0.6745985354853152,0.6088813423303499,0.8040061108018464,0.8468216671577525,0.00867692660255592,False
near-critical fast subsystem + memory,0.2175,2,0.8959209541870219,0.8086432515226777,0.9445468544849147,0.958254861453074,-0.0013864299578066933,True
near-critical fast subsystem + memory,0.22,0,0.008280261569323481,0.0074842134151650195,0.01634374335763088,0.021780122334953814,-0.000737540576180058,True
near-critical fast subsystem + memory,0.22,1,0.6638822934051221,0.6000579480243502,0.7971826635109103,0.8404355967250792,0.010290172721923943,False
near-critical fast subsystem + memory,0.22,2,0.9010985860061937,0.8144687301617198,0.9477289455381623,0.9604683869870497,-0.0014366365672102315,True
near-critical fast subsystem + memory,0.2225,0,0.008419622305547502,0.007620730043666508,0.016708910569449835,0.022141619361038107,-0.0007372596310747556,True
near-critical fast subsystem + memory,0.2225,1,0.6536802235523507,0.5916560550814524,0.7906797602757206,0.834254491723732,0.012017428257011069,False
near-critical fast subsystem + memory,0.2225,2,0.9057876316380487,0.819842359562558,0.9505944795935242,0.9624598981758946,-0.0014809445890279032,True
near-critical fast subsystem + memory,0.225,0,0.008561630892912162,0.007759786307775373,0.017082202515302056,0.02250981450894328,-0.0007369704623529505,True
near-critical fast subsystem + memory,0.225,1,0.643908290593479,0.5836026802962045,0.7844425258541531,0.828238924638105,0.013850116132706957,False
near-critical fast subsystem + memory,0.225,2,0.9100719558670609,0.8248386306952213,0.9531977701689033,0.964268705030826,-0.001520557092238459,True
near-critical fast subsystem + memory,0.2275,0,0.008706349508488885,0.007901444153510408,0.01746381762295198,0.022884859382246266,-0.0007366727597793051,True
near-critical fast subsystem + memory,0.2275,1,0.6345036211494994,0.5758435177481246,0.7784297144484648,0.8223595106945878,0.0157750948939922,False
near-critical fast subsystem + memory,0.2275,2,0.914014258653078,0.8295132894926708,0.9555795010724778,0.9659240693980975,-0.0015563255141768202,True
near-critical fast subsystem + memory,0.23,0,0.008853842273065016,0.008045767375760385,0.017853960212844605,0.02326691014056317,-0.0007363661987711419,True
near-critical fast subsystem + memory,0.23,1,0.6254177101625791,0.5683369155961802,0.7726093467736426,0.8165936626845106,0.01777497078199142,False
near-critical fast subsystem + memory,0.23,2,0.917662868757616,0.8339093631538985,0.9577710889983757,0.9674484500066396,-0.0015888694100691138,True
near-critical fast subsystem + memory,0.2325,0,0.00900417533236023,0.008192821699535283,0.018252840725890365,0.023656127684040937,-0.0007360504396188261,True
near-critical fast subsystem + memory,0.2325,1,0.6166121973160024,0.5610501355091304,0.7669559952736036,0.8109235776873853,0.019828733146385252,False
near-critical fast subsystem + memory,0.2325,2,0.9210559673094678,0.8380609036276344,0.9597973979655404,0.9688595156047388,-0.0016186488817895924,True
near-critical fast subsystem + memory,0.23500000000000001,0,0.009157416942578309,0.008342674865306852,0.018660675962696417,0.024052677847483946,-0.0007357251266576085,True
near-critical fast subsystem + memory,0.23500000000000001,1,0.6080561165782683,0.5539569195421324,0.7614490145691638,0.8053349287124753,0.02191268625080702,False
near-critical fast subsystem + memory,0.23500000000000001,2,0.9242243382386865,0.8419954234777721,0.9616785085152237,0.9701714531672382,-0.0016460106920097974,True
near-critical fast subsystem + memory,0.23750000000000002,0,0.009313637560577261,0.008495396718721458,0.019077689334962886,0.024456731604734668,-0.000735389887387505,True
near-critical fast subsystem + memory,0.23750000000000002,1,0.5997240357176243,0.547035846309883,0.7560713432893534,0.7998159814929703,0.024001579473165457,False
near-critical fast subsystem + memory,0.23750000000000002,2,0.9271932287325575,0.8457355422908589,0.9634309155148417,0.9713958509384437,-0.001671219053158001,True
near-critical fast subsystem + memory,0.24,0,0.009472909938962486,0.008651059304988572,0.019504111129815926,0.02486846528397445,-0.0007350443315375663,True
near-critical fast subsystem + memory,0.24,1,0.5915947572695837,0.540269184721081,0.7508086665864284,0.7943569790456776,0.026069799029327288,False
near-critical fast subsystem + memory,0.24,2,0.9299836482308832,0.8493001353706696,0.96506836526708,0.9725423136972438,-0.001694477207296938,True
near-critical fast subsystem + memory,0.2425,0,0.009635309226431573,0.008809736968270927,0.019940178787908713,0.02528806079466191,-0.0007346880500705336,True
near-critical fast subsystem + memory,0.2425,1,0.5836503868014675,0.5336420729544948,0.7456488147527623,0.7889497011071227,0.028092483354920202,False
near-critical fast subsystem + memory,0.2425,2,0.9326133001163597,0.8527051570486086,0.9666024565052469,0.9736189031328943,-0.0017159433659082915,True
near-critical fast subsystem + memory,0.245,0,0.009800913073725482,0.008971506456427211,0.02038613719618566,0.025715705866883258,-0.0007343206141236275,True
near-critical fast subsystem + memory,0.245,1,0.5758756490008845,0.527141916701725,0.7405813212425217,0.7835871413650833,0.030046454893131642,False
near-critical fast subsystem + memory,0.245,2,0.9350972655729279,0.8559642445931902,0.968043081971075,0.974632460411745,-0.0017357431376019976,True
near-critical fast subsystem + memory,0.2475,0,0.009969801745569065,0.009136447031485119,0.02084223899627483,0.026151594303949297,-0.000733941573880821,True
near-critical fast subsystem + memory,0.2475,1,0.5682573754917286,0.5207579392176351,0.7355970912233477,0.7782632661780299,0.031910908249059615,False
near-critical fast subsystem + memory,0.2475,2,0.9374485157082761,0.8590891701853127,0.9693987594487864,0.9755888472416623,-0.0017539796717143345,True
near-critical fast subsystem + memory,0.25,0,0.01014205823901529,0.009304640586252558,0.021308744909550384,0.02659592624914185,-0.0007335504573716027,True
near-critical fast subsystem + memory,0.25,1,0.5607841144421133,0.5144808389377186,0.7306881485694905,0.7729728309890013,0.033667842176462154,False
near-critical fast subsystem + memory,0.25,2,0.9396783018757784,0.8620901852071361,0.9706768843429221,0.9764931292267747,-0.001770742123587327,True
near-critical fast subsystem + memory,0.2525,0,0.010317768408641088,0.009476171767507046,0.02178592407998947,0.027048908467584454,-0.0007331467691908196,True
near-critical fast subsystem + memory,0.2525,1,0.553445828330547,0.5083025248830159,0.7258474396720751,0.767711238429405,0.03530225925491705,False
near-critical fast subsystem + memory,0.2525,2,0.9417964578292459,0.8649762866304797,0.9718839254231281,0.9773497175161365,-0.0017861126022448083,True
near-critical fast subsystem + memory,0.255,0,0.010497021099080635,0.009651128106239634,0.022274054436040344,0.027510754644293728,-0.0007327299891337233,True
near-critical fast subsystem + memory,0.255,1,0.5462336566900083,0.5022159093418141,0.721068679154847,0.7624744270969999,0.03680217805056188,False
near-critical fast subsystem + memory,0.255,2,0.9438116368904499,0.8677554260215062,0.9730255786463141,0.9781624797610446,-0.0018001714855672682,True
near-critical fast subsystem + memory,0.2575,0,0.010679908285421962,0.00982960015546834,0.02277342307281702,0.027981685699554,-0.0007322995707398861,True
near-critical fast subsystem + memory,0.2575,1,0.5391397275244036,0.49621474341000427,0.7163462270002295,0.7572587832694703,0.03815850937010758,False
near-critical fast subsystem + memory,0.2575,2,0.945731500434515,0.8704346755853369,0.9741068895500246,0.9789348281185072,-0.0018130009090825529,True
near-critical fast subsystem + memory,0.26,0,0.010866525222038435,0.010011681636179989,0.023284326656046652,0.02846193012285598,-0.000731854939739098,True
near-critical fast subsystem + memory,0.26,1,0.5321570057162495,0.4902934850681249,0.7116749895624724,0.7520610700168179,0.03936484511655406,False
near-critical fast subsystem + memory,0.26,2,0.9475628693738656,0.8730203615776224,0.9751323517387961,0.9796697898364477,-0.0018246863530308893,True
near-critical fast subsystem + memory,0.2625,0,0.011056970600475492,0.010197469592006382,0.023807071849315145,0.028951724326744827,-0.0007313954923917744,True
near-critical fast subsystem + memory,0.2625,1,0.5252791699184487,0.48444719228315425,0.707050338985376,0.7468783696852993,0.04041719983556758,False
near-critical fast subsystem + memory,0.2625,2,0.9493118471473234,0.8755181725996395,0.9761059869444507,0.9803700644466098,-0.0018353165024286835,True
near-critical fast subsystem + memory,0.265,0,0.011251346717067331,0.010387064553293303,0.024341975766288604,0.029451313022039797,-0.0007309205937157607,True
near-critical fast subsystem + memory,0.265,1,0.5185005116416428,0.4786714355862579,0.7024680469690886,0.7417080367795351,0.04131373492766177,False
near-critical fast subsystem + memory,0.265,2,0.950983920502293,0.8779332483299342,0.977031410714124,0.9810380705371209,-0.001844981814463947,True
near-critical fast subsystem + memory,0.2675,0,0.011449759651018337,0.01058057071127871,0.024889366449734034,0.029960949616016145,-0.0007304295755907259,True
near-critical fast subsystem + memory,0.2675,1,0.5118158518252038,0.47296222597199067,0.6979242298449586,0.7365476590174322,0.04205448595481517,False
near-critical fast subsystem + memory,0.2675,2,0.9525840427813042,0.8802702528508467,0.977911886765202,0.9816759843285181,-0.0018537723785271958,True
near-critical fast subsystem + memory,0.27,0,0.011652319453749633,0.01077809610315999,0.025449583379322092,0.03048089663528067,-0.0007299217347305555,True
near-critical fast subsystem + memory,0.27,1,0.505220471317263,0.46731595496971917,0.6934153026495434,0.7313950248715365,0.042641105575735236,False
near-critical fast subsystem + memory,0.27,2,0.9541167032868043,0.8825334357226352,0.9787503723140546,0.9822857717379305,-0.0018617756442397412,True
near-critical fast subsystem + memory,0.2725,0,0.011859140350384361,0.010979752808900836,0.026022978010371532,0.031011426175228927,-0.0007293963305132966,True
near-critical fast subsystem + memory,0.2725,1,0.4987100525209517,0.4617293444728084,0.6889379404245304,0.7262480963041035,0.04307662869015305,False
near-critical fast subsystem + memory,0.2725,2,0.9555859854662017,0.8847266832227638,0.9795495561496155,0.9828692152222671,-0.001869074451454537,True
near-critical fast subsystem + memory,0.275,0,0.01207034095432577,0.011185657160706275,0.02660991434589004,0.03155282037814406,-0.0007288525826572929,True
near-critical fast subsystem + memory,0.275,1,0.4922806300801532,0.45619940445507046,0.6844890453662288,0.7211049856944238,0.043365262209955936,False
near-critical fast subsystem + memory,0.275,2,0.9569956160429975,0.8868535616236709,0.9803118908257796,0.9834279363998614,-0.0018757455995903171,True
near-critical fast subsystem + memory,0.2775,0,0.012286044495971211,0.011395929966180367,0.02721076954448062,0.03210537194218753,-0.0007282896687310958,True
near-critical fast subsystem + memory,0.2775,1,0.48592854893965887,0.4507233971112404,0.6800657187457589,0.7159639361748249,0.04351219917244274,False
near-critical fast subsystem + memory,0.2775,2,0.9583490067581093,0.8889173539746815,0.9810396200488809,0.983963415231917,-0.0018818590147169306,True
near-critical fast subsystem + memory,0.28,0,0.012506379066704983,0.011610696746277837,0.027825934566923376,0.0326693846637453,-0.0007277067214835924,True
near-critical fast subsystem + memory,0.28,1,0.4796504284643116,0.4452988062666023,0.6756652367464571,0.7108233047566161,0.04352345530649726,False
near-critical fast subsystem + memory,0.28,2,0.9596492900357372,0.890921091545114,0.9817348021108999,0.9844770063800671,-0.0018874774513040144,True
near-critical fast subsystem + memory,0.28250000000000003,0,0.012731477879421624,0.011830087989266044,0.0284558148645043,0.033245174015824344,-0.0007271028259795666,True
near-critical fast subsystem + memory,0.28250000000000003,1,0.4734431315691723,0.4399233111365551,0.6712850295374472,0.705681547753107,0.04340572533636316,False
near-critical fast subsystem + memory,0.28250000000000003,2,0.9608993496205258,0.8928675808495963,0.9823993300463395,0.98496995323024,-0.0018926566067063752,True
near-critical fast subsystem + memory,0.28500000000000003,0,0.01296147954695508,0.012054239422033606,0.029100831112459483,0.033833067765458975,-0.0007264770165244452,True
near-critical fast subsystem + memory,0.28500000000000003,1,0.4673037380192747,0.4345947636987871,0.6669226630354801,0.700537208103863,0.0431662560076575,False
near-critical fast subsystem + memory,0.28500000000000003,2,0.962101847026144,0.8947594269944561,0.9830349490572765,0.9854433999757425,-0.0018974455152659104,True
near-critical fast subsystem + memory,0.28750000000000003,0,0.013196528379924216,0.012283292300212748,0.02976141999222782,0.03443340663337328,-0.000725828273360508,True
near-critical fast subsystem + memory,0.28750000000000003,1,0.4612295212183468,0.429311169082233,0.6625758229108046,0.6953889042797547,0.04281273286109562,False
near-critical fast subsystem + memory,0.28750000000000003,2,0.9632592444744381,0.8965990539422127,0.9836432716470964,0.9858984020767788,-0.0019018871051528035,True
near-critical fast subsystem + memory,0.29,0,0.013436774705657926,0.012517393718730481,0.03043803502657041,0.0350465449994718,-0.0007251555191150548,True
near-critical fast subsystem + memory,0.29,1,0.45521792793211835,0.42407066848799974,0.658242300474175,0.6902353205074087,0.0423531780319587,False
near-critical fast subsystem + memory,0.29,2,0.9643738248779237,0.898388722179884,0.9842257908217152,0.9863359353542533,-0.0019060188281658996,True
near-critical fast subsystem + memory,0.2925,0,0.013682375210032533,0.012756696944567745,0.031131147472020497,0.03567285165809038,-0.0007244576149791387,True
near-critical fast subsystem + memory,0.2925,1,0.44926656049167657,0.4188715242451682,0.6539199801463912,0.6850751980982287,0.04179585673073964,False
near-critical fast subsystem + memory,0.2925,2,0.9654477093183609,0.9001305441887658,0.9847838916523959,0.9867569039287742,-0.001909873300330856,True
near-critical fast subsystem + memory,0.295,0,0.013933493304244728,0.01300136177369032,0.03184124727358242,0.036312710627344154,-0.0007237333565933113,True
near-critical fast subsystem + memory,0.295,1,0.4433731611018389,0.41371210667418146,0.6496068282628893,0.6799073277041111,0.0411491905049823,False
near-critical fast subsystem + memory,0.295,2,0.9664828723944718,0.9018264980432364,0.9853188614426981,0.9871621471784259,-0.001913478914348434,True
near-critical fast subsystem + memory,0.2975,0,0.014190299518756073,0.013251554914321373,0.03256884408710506,0.03696652201736112,-0.0007229814696144635,True
near-critical fast subsystem + memory,0.2975,1,0.43753559794322683,0.40859088248641595,0.6453008830067906,0.6747305423514438,0.04042167585533739,False
near-critical fast subsystem + memory,0.2975,2,0.9674811557479062,0.9034784394098786,0.9858318987006842,0.9875524458589445,-0.0019168604023387782,True
near-critical fast subsystem + memory,0.3,0,0.014452971926884862,0.013507450398957815,0.03331446837532606,0.037634702962698746,-0.0007222006049351231,True
near-critical fast subsystem + memory,0.3,1,0.43175185280812245,0.40350640449357233,0.6410002452967112,0.6695437111286354,0.039621807252506816,False
near-critical fast subsystem + memory,0.3,2,0.9684442800249482,0.9050881121728488,0.9863241210840615,0.9879285275057843,-0.0019200393392995417,True
near-critical fast subsystem + memory,0.3025,0,0.014721696600790292,0.013769230027793348,0.03407867258422223,0.03831768862481075,-0.0007213893335236166,True
near-critical fast subsystem + memory,0.3025,1,0.4260200100518189,0.3984573024369644,0.6367030704821568,0.6643457334214024,0.038758004054100015,False
near-critical fast subsystem + memory,0.3025,2,0.9693738554895341,0.906657157874574,0.9867965724587632,0.9882910712179873,-0.0019230345853395285,True
near-critical fast subsystem + memory,0.305,0,0.014996668102897775,0.014037083846505516,0.03486203240702266,0.039015933271075526,-0.0007205461408500315,True
near-critical fast subsystem + memory,0.305,1,0.4203382466751303,0.39344227477647614,0.6324075607208376,0.6591355336053982,0.03783854123224503,False
near-critical fast subsystem + memory,0.305,2,0.9702713914689043,0.9081871241307835,0.9872502291892469,0.9886407119077857,-0.0019258626692463593,True
near-critical fast subsystem + memory,0.3075,0,0.015278090016157077,0.014311210661696142,0.03566514814405274,0.0397299114376223,-0.000719669420859238,True
near-critical fast subsystem + memory,0.3075,1,0.4147048233814893,0.3884600813031999,0.6281119579296677,0.6539120561181391,0.0368714841764009,False
near-critical fast subsystem + memory,0.3075,2,0.9711383047850966,0.9096794721541914,0.9876860057605442,0.9889780440867613,-0.001928538118307001,True
near-critical fast subsystem + memory,0.31,0,0.015566175516912872,0.01459181859765041,0.036488646167494566,0.04046011918401176,-0.0007187574694477433,True
near-critical fast subsystem + memory,0.31,1,0.4091180764748783,0.3835095364596682,0.6238145372153767,0.6486742608421613,0.03586462811515977,False
near-critical fast subsystem + memory,0.31,2,0.9719759273022923,0.911135583500788,0.9881047598170223,0.9893036252485874,-0.001931073740292445,True
near-critical fast subsystem + memory,0.3125,0,0.015861147994607742,0.014879125698506326,0.03733318050118911,0.04120707544875779,-0.0007178084773964043,True
near-critical fast subsystem + memory,0.3125,1,0.40357641048363935,0.3785895032679543,0.6195136007021271,0.6434211187393685,0.03482544289277777,False
near-critical fast subsystem + memory,0.3125,2,0.9727855127007743,0.9125567661358107,0.9885072966903024,0.9896179788994267,-0.0019334808636850896,True
near-critical fast subsystem + memory,0.315,0,0.01616324172303748,0.015173360580410687,0.03819943452678352,0.041971323515732295,-0.0007168205227053959,True
near-critical fast subsystem + memory,0.315,1,0.3980782914107349,0.3736988877794114,0.6152074716827785,0.6381516076829136,0.033761023932068576,False
near-critical fast subsystem + memory,0.315,2,0.9735682425722298,0.9139442599024061,0.988894373478364,0.9899215972796083,-0.001935769541932974,True
near-critical fast subsystem + memory,0.3175,0,0.016472702588447533,0.015474763138788641,0.039088122828865694,0.04275343260269439,-0.0007157915622715122,True
near-critical fast subsystem + memory,0.3175,1,0.39262224052387407,0.3688366339709446,0.6108944890278307,0.6328647084379826,0.03267805021267123,False
near-critical fast subsystem + memory,0.3175,2,0.9743252319177242,0.9152992414642428,0.9892667027291254,0.9902149438139917,-0.001937948726990709,True
near-critical fast subsystem + memory,0.32,0,0.016789788880410453,0.015783585316484564,0.03999999319325847,0.04355399958455754,-0.0007147194228406609,True
near-critical fast subsystem + memory,0.32,1,0.3872068286095366,0.36400171902189105,0.6065730017918982,0.6275594007467077,0.03158274999736123,False
near-critical fast subsystem + memory,0.32,2,0.9750575341183951,0.9166228287834502,0.9896249557744543,0.9904984553231958,-0.0019400264167943747,True
near-critical fast subsystem + memory,0.3225,0,0.017114772152166148,0.016100091939250587,0.0409358287743855,0.044373650865569735,-0.0007136017911600807,True
near-critical fast subsystem + memory,0.3225,1,0.38183067062368836,0.3591931489131175,0.6022413639620072,0.6222346594752647,0.03048087486136491,False
near-critical fast subsystem + memory,0.3225,2,0.9757661454394202,0.9179160851869409,0.9899697657543672,0.9907725440234705,-0.0019420097806987363,True
near-critical fast subsystem + memory,0.325,0,0.017447938157960835,0.016424561625886378,0.04189645044962206,0.04521304441637871,-0.0007124362032453241,True
near-critical fast subsystem + memory,0.325,1,0.37649242067916766,0.35440995429610284,0.5978979292952714,0.6168894507831375,0.02937768233966187,False
near-critical fast subsystem + memory,0.325,2,0.9764520091197562,0.919180023067113,0.9903017303659264,0.9910375993392685,-0.0019439052663236252,True
near-critical fast subsystem + memory,0.3275,0,0.01778958787589978,0.016757287781281882,0.0428827193808333,0.046072871994011826,-0.0007112200326660428,True
near-critical fast subsystem + memory,0.3275,1,0.3711907673155891,0.3496511865847571,0.5935410461956675,0.6115227282756412,0.028277927228975545,False
near-critical fast subsystem + memory,0.3275,2,0.9771160190933166,0.9204156072569531,0.9906214143668756,0.9912939895494158,-0.0019457186907329527,True
near-critical fast subsystem + memory,0.33,0,0.01814003862595895,0.017098579681709376,0.04389553980594115,0.04695386156517357,-0.0007099504777418563,True
near-critical fast subsystem + memory,0.33,1,0.3659244290023064,0.3449159142266812,0.5891690525808095,0.6061334291011002,0.02718586129081257,False
near-critical fast subsystem + memory,0.33,2,0.9777590233814164,0.9216237581144456,0.9909293518602523,0.9915420632850825,-0.0019474553184112096,True
near-critical fast subsystem + memory,0.3325,0,0.01849962529410709,0.017448763662975982,0.044935862086406285,0.04785677995600455,-0.0007086245475249014,True
near-critical fast subsystem + memory,0.3325,1,0.36069214982865894,0.34020321911362056,0.5847802706898345,0.6007204699536499,0.026105240825108497,False
near-critical fast subsystem + memory,0.3325,2,0.9783818271913323,0.9228053543468347,0.9912260483829474,0.9917821508954637,-0.0019491199281078,True
near-critical fast subsystem + memory,0.335,0,0.018868701675002528,0.01780818442351274,0.04600468604003248,0.04878243575461699,-0.0007072390464284443,True
near-critical fast subsystem + memory,0.335,1,0.3554926953384925,0.33551219309309754,0.5803730017827935,0.5952827429414197,0.02503934134295794,False
near-critical fast subsystem + memory,0.335,2,0.9789851957515343,0.9239612356015325,0.9915119828183824,0.9920145656951026,-0.00195071687028416,True
near-critical fast subsystem + memory,0.3375,0,0.01924764194748841,0.018177206456180033,0.0471030645925893,0.04973168249640739,-0.0007057905573408309,True
near-critical fast subsystem + memory,0.3375,1,0.3503248484678735,0.3308419345446864,0.575945520680269,0.5898191112778699,0.023990978378189035,False
near-critical fast subsystem + memory,0.3375,2,0.9795698569104698,0.9250922048472433,0.9917876091510632,0.9922396051050923,-0.0019522501166159732,True
near-critical fast subsystem + memory,0.34,0,0.019636842299162106,0.01855621562455563,0.04823210778650953,0.05070542216644088,-0.0007042754230405778,True
near-critical fast subsystem + memory,0.34,1,0.3451874055460449,0.32619154498514524,0.5714960700892658,0.5843284047512274,0.02296253335104767,False
near-critical fast subsystem + memory,0.34,2,0.9801365035225922,0.9261990305660961,0.9920533580786801,0.992457551698935,-0.00195372330276588,True
near-critical fast subsystem + memory,0.3425,0,0.02003672271869296,0.018945620901794018,0.049392987190474184,0.051704609058218,-0.0007026897257007065,True
near-critical fast subsystem + memory,0.3425,1,0.3400791723200236,0.321560125666666,0.56702285465767,0.5788094149231987,0.021955983335885918,False
near-critical fast subsystem + memory,0.3425,2,0.9806857956425672,0.9272824487751515,0.9923096384956166,0.9926686741625658,-0.0019551397654442378,True
near-critical fast subsystem + memory,0.34500000000000003,0,0.020447728977378454,0.01934585629287143,0.05058694076021016,0.05273025403401608,-0.0007010292642376624,True
near-critical fast subsystem + memory,0.34500000000000003,1,0.3349989599628269,0.3169467741318395,0.5625240346946383,0.5732608900033781,0.020972933585124344,False
near-critical fast subsystem + memory,0.34500000000000003,2,0.9812183625462114,0.9283431648935773,0.9925568388601631,0.9928732281769566,-0.001956502574610683,True
near-critical fast subsystem + memory,0.34750000000000003,0,0.02087033482474509,0.01975738296424142,0.05181527820848309,0.053783429238921446,-0.0006992895292214754,True
near-critical fast subsystem + memory,0.34750000000000003,1,0.3299455810240639,0.31235058068749494,0.5579977194879794,0.5676815293397707,0.020014651715576804,False
near-critical fast subsystem + memory,0.34750000000000003,2,0.9817348045946173,0.9293818554699435,0.9927953284563579,0.9930714572307598,-0.001957814561532048,True
near-critical fast subsystem + memory,0.35000000000000003,0,0.02130504442691805,0.020180691608718045,0.05307938695130109,0.0548652733288383,-0.0006974656750176947,True
near-critical fast subsystem + memory,0.35000000000000003,1,0.32491784527954637,0.30777062475735106,0.5534419601417646,0.562069977458538,0.019082102559060097,False
near-critical fast subsystem + memory,0.35000000000000003,2,0.9822356949561117,0.9303991697825146,0.993025458560182,0.9932635933696158,-0.001959078343298073,True
near-critical fast subsystem + memory,0.3525,0,0.021752395081132705,0.020616305077903553,0.05438073870804568,0.05597699728244837,-0.0006955524887764334,True
near-critical fast subsystem + memory,0.3525,1,0.31991455543349545,0.3032059710702619,0.5488547418477383,0.5564248175770902,0.01817598280413106,False
near-critical fast subsystem + memory,0.3525,2,0.9827215811991104,0.9313957313240208,0.9932475635187985,0.9934498578880314,-0.001960296344301379,True
near-critical fast subsystem + memory,0.355,0,0.0222129602452973,0.021064781319835826,0.055720896845970924,0.05711989087862188,-0.0006935443558179924,True
near-critical fast subsystem + memory,0.355,1,0.31493450262279,0.2986556656366781,0.5442339754923042,0.5507445645037723,0.01729675469707966,False
near-critical fast subsystem + memory,0.355,2,0.9831929867675178,0.9323721391811641,0.9934619617505911,0.9936304619690877,-0.0019614708151090557,True
near-critical fast subsystem + memory,0.3575,0,0.022687352928136624,0.02152671666593814,0.057101524574702266,0.05829532993455208,-0.0006914352208846939,True
near-critical fast subsystem + memory,0.3575,1,0.30997646166730464,0.29411873146058365,0.5395774884864739,0.545027656824178,0.016444678216462293,False
near-critical fast subsystem + memory,0.3575,2,0.9836504123491205,0.9333289693180561,0.9936689566729668,0.9938056072766865,-0.0019626038490872474,True
near-critical fast subsystem + memory,0.36,0,0.023176229493398343,0.02200274951904906,0.05852439411458566,0.05950478441641231,-0.0006892185446325523,True
near-critical fast subsystem + memory,0.36,1,0.3050391860035051,0.28959416392737825,0.5348830146886608,0.5392724482580779,0.015619841277098142,False
near-critical fast subsystem + memory,0.36,2,0.984094337146324,0.9342667757718266,0.9938688375641614,0.9939754865045489,-0.001963697397085068,True
near-critical fast subsystem + memory,0.3625,0,0.02368029394119875,0.02249356450359527,0.059991396984685044,0.06074982755425997,-0.0006868872546192229,True
near-critical fast subsystem + memory,0.3625,1,0.3001214022298351,0.28508092579971234,0.5301481832688842,0.5334771980514739,0.014822187649558047,False
near-critical fast subsystem + memory,0.3625,2,0.9845252200576393,0.9351860917678199,0.9940618803646658,0.9941402838857443,-0.0019647532804380357,True
near-critical fast subsystem + memory,0.365,0,0.024200302741215658,0.02299989715022449,0.06150455558278913,0.06203214611704218,-0.0006844336899021001,True
near-critical fast subsystem + memory,0.365,1,0.2952218041816326,0.2805779417427311,0.5253705063369423,0.5276400602445285,0.014051542395153962,False
near-critical fast subsystem + memory,0.365,2,0.9849435007774854,0.9360874307610523,0.9942483484233319,0.9943001756661501,-0.0019657732025126526,True
near-critical fast subsystem + memory,0.3675,0,0.024737070306608468,0.023522539200927905,0.06306603626210512,0.06335355203293573,-0.0006818495381850751,True
near-critical fast subsystem + memory,0.3675,1,0.2903390464398894,0.2760840922871061,0.5205473651252901,0.5217590716270875,0.013307634711886578,False
near-critical fast subsystem + memory,0.3675,2,0.9853496008211207,0.9369712874099536,0.9944284931927199,0.9944553305449001,-0.001966758758981283,True
near-critical fast subsystem + memory,0.37,0,0.025291475214906135,0.024062344637478195,0.06467816414884066,0.0647159955762102,-0.0006791257642367189,True
near-critical fast subsystem + memory,0.37,1,0.28547173716147234,0.27159820712199734,0.5156759944782777,0.5158321381578588,0.012590118163157225,False
near-critical fast subsystem + memory,0.37,2,0.9857439244808559,0.9378381384878288,0.9946025548778152,0.9946059100845763,-0.0019677114469892057,True
near-critical fast subsystem + memory,0.3725,0,0.025864467303487106,0.024620236556695707,0.0663434399934812,0.06612158038604918,-0.0006762525280347303,True
near-critical fast subsystem + memory,0.3725,1,0.280618430097623,0.26711905758989224,0.5107534653511825,0.5098570195793234,0.011898588319166913,False
near-critical fast subsystem + memory,0.3725,2,0.9861268597191171,0.9386884437369735,0.9947707630418464,0.9947520690936387,-0.001968632673352695,True
near-critical fast subsystem + memory,0.375,0,0.026457075793772412,0.025197215041688016,0.06806455940870479,0.06757258063754586,-0.0006732190907577906,True
near-critical fast subsystem + memory,0.375,1,0.27577761564158865,0.26264534823008445,0.5057766649626905,0.5038313119059219,0.011232597882694883,False
near-critical fast subsystem + memory,0.375,2,0.986498779003395,0.9395226466698999,0.9949333371725936,0.9948939559833436,-0.0019695237619075114,True
near-critical fast subsystem + memory,0.3775,0,0.027070418631292427,0.02579436621016695,0.06984443492174008,0.06907146075333376,-0.0006700137063271332,True
near-critical fast subsystem + memory,0.3775,1,0.27094771071366364,0.25817570718598604,0.5007422741699307,0.4977524273950202,0.010591669398964143,False
near-critical fast subsystem + memory,0.3775,2,0.9868600400876497,0.9403411753217336,0.9950904872122565,0.9950317131011915,-0.0019703859601107156,True
near-critical fast subsystem + memory,0.38,0,0.027705713270258996,0.026412872661059756,0.07168622136279668,0.07062089812989875,-0.0006666234956714369,True
near-critical fast subsystem + memory,0.38,1,0.26612704725086056,0.2537086752516985,0.4956467415416084,0.49161757152475744,0.009975305666526635,False
near-critical fast subsystem + memory,0.38,2,0.9872109867443233,0.9411444429574582,0.995242414053683,0.9951654770427556,-0.001971220444984709,True
near-critical fast subsystem + memory,0.3825,0,0.028364289183699744,0.02705402559133508,0.07359334522961293,0.07222380946071251,-0.0006630343002165007,True
near-critical fast subsystem + memory,0.3825,1,0.26131385901639614,0.2492426932828914,0.49048625348664,0.4854237163949719,0.00938299797570944,False
near-critical fast subsystem + memory,0.3825,2,0.987551949450735,0.9419328487373758,0.9953893100054987,0.9952953789435722,-0.001972028328480485,True
near-critical fast subsystem + memory,0.385,0,0.029047602446983886,0.027719238919540947,0.07556953881875494,0.07388338137588121,-0.0006592305102402707,True
near-critical fast subsystem + memory,0.385,1,0.2565062663777271,0.24477608763273004,0.48525669964530943,0.47916756982997805,0.008814232306283601,False
near-critical fast subsystem + memory,0.385,2,0.9878832460332985,0.9427067783438341,0.995531359228462,0.9954215447526245,-0.001972810662326938,True
near-critical fast subsystem + memory,0.3875,0,0.02975725282830089,0.0284100658354582,0.07761888010734154,0.07560310629445409,-0.0006551948626225861,True
near-critical fast subsystem + memory,0.3875,1,0.25170225861644624,0.24030705319094037,0.47995363255713686,0.47284553928566686,0.008268493619627084,False
near-critical fast subsystem + memory,0.3875,2,0.9882051822726952,0.9434666045720219,0.9956687381451602,0.9955440954888108,-0.0019735684424243604,True
near-critical fast subsystem + memory,0.39,0,0.030495003930679852,0.029128218302633218,0.07974583961847363,0.07738682461384298,-0.0006509082010722596,True
near-critical fast subsystem + memory,0.39,1,0.24689967322259665,0.23583363349696962,0.4745722203702253,0.46645368943521087,0.00774526838538165,False
near-critical fast subsystem + memory,0.39,2,0.9885180524728667,0.9442126878873819,0.995801615824987,0.9956631474816698,-0.0019743026128328034,True
near-critical fast subsystem + memory,0.3925,0,0.03126280707524809,0.029875590180862804,0.08195533582936086,0.07923877465892645,-0.0006463491900133593,True
near-critical fast subsystem + memory,0.3925,1,0.24209617148109375,0.23135369725809068,0.46910719103130305,0.45998769200964906,0.007244045490519633,False
near-critical fast subsystem + memory,0.3925,2,0.9888221399964476,0.944945376951989,0.9959301543461714,0.9957788125975218,-0.0019750140693996364,True
near-critical fast subsystem + memory,0.395,0,0.032062829806976945,0.03065428482090256,0.0842528011104149,0.08116365220658453,-0.0006414939707905852,True
near-critical fast subsystem + memory,0.395,1,0.2372892094666188,0.22686491041828497,0.46355276596655265,0.45344276607654826,0.006764315691134822,False
near-critical fast subsystem + memory,0.395,2,0.9891177177690327,0.9456650091220329,0.9960545091364854,0.9958911984520902,-0.001975703663065079,True
near-critical fast subsystem + memory,0.3975,0,0.032897490159720974,0.031466648230738345,0.08664426075539775,0.0831666819254886,-0.0006363157454713012,True
near-critical fast subsystem + memory,0.3975,1,0.23247600330798374,0.22236470267682976,0.4579025806916245,0.446813606415947,0.006305569784379497,False
near-critical fast subsystem + memory,0.3975,2,0.9894050487544734,0.9463719109183737,0.9961748292941188,0.9960004086105694,-0.0019763722028797457,True
near-critical fast subsystem + memory,0.4,0,0.033769498162270276,0.03231530924619165,0.08913642843325416,0.08525370377764425,-0.0006307842689333207,True
near-critical fast subsystem + memory,0.4,1,0.22765348723824386,0.2178502270222429,0.4521495890188279,0.4400942969462055,0.005867295698677541,False
near-critical fast subsystem + memory,0.4,2,0.9896843864032248,0.9470663984719854,0.996291257890093,0.9961065427760356,-0.001977020458764162,True
near-critical fast subsystem + memory,0.4025,0,0.034681906538505294,0.03320322859427575,0.09173682244364041,0.08743127839306367,-0.0006248652236237405,True
near-critical fast subsystem + memory,0.4025,1,0.22281826247562203,0.21331831039171759,0.44628594647821074,0.4332782051875735,0.0054489747219886794,False
near-critical fast subsystem + memory,0.4025,2,0.9899559750755877,0.9477487779459453,0.99640393225347,0.9962096969670113,-0.0019776491640366442,True
near-critical fast subsystem + memory,0.405,0,0.03563817320776208,0.03413375936891012,0.09445390861241199,0.08970681676441992,-0.0006185194425947972,True
near-critical fast subsystem + memory,0.405,1,0.21796653432743535,0.20876539293511015,0.440302867115083,0.426357852415869,0.005050077106175057,False
near-critical fast subsystem + memory,0.405,2,0.9902200504415526,0.9484193459355063,0.996512984240519,0.9963099636849384,-0.001978259017732808,True
near-critical fast subsystem + memory,0.40750000000000003,0,0.03664223910973838,0.03511072232606758,0.09729727770495553,0.09208874148464369,-0.0006117019340114533,True
near-critical fast subsystem + memory,0.40750000000000003,1,0.21309403399114035,0.2041874524751977,0.4341904457850268,0.41932475228263655,0.00467005729458462,False
near-critical fast subsystem + memory,0.40750000000000003,2,0.9904768398588117,0.9490783898476652,0.9966185404889065,0.9964074320722457,-0.001978850686737363,True
near-critical fast subsystem + memory,0.41000000000000003,0,0.03769862619065176,0.03613850067376016,0.10027786814865355,0.09458668942938837,-0.000604360642489289,True
near-critical fast subsystem + memory,0.41000000000000003,1,0.2081959202143409,0.19957990948767773,0.427937435154097,0.4121692079992197,0.004308349012724392,False
near-critical fast subsystem + memory,0.41000000000000003,2,0.9907265627303832,0.9497261882615317,0.9967207226578951,0.9965021880616491,-0.0019794248077464357,True
near-critical fast subsystem + memory,0.41250000000000003,0,0.038812562297132897,0.03722216087780836,0.10340824908863777,0.09721176968108498,-0.0005964348565214721,True
near-critical fast subsystem + memory,0.41250000000000003,1,0.20326665406594918,0.19493750607893995,0.42153096237913185,0.4048800542874486,0.003964360430481464,False
near-critical fast subsystem + memory,0.41250000000000003,2,0.99096943084318,0.9503630112707044,0.9968196476554639,0.9965943145172685,-0.0019799819890766713,True
near-critical fast subsystem + memory,0.41500000000000004,0,0.039990142559410344,0.038367608743856876,0.10670298507476676,0.09997689626776851,-0.0005878531322881629,True
near-critical fast subsystem + memory,0.41500000000000004,1,0.19829983723572137,0.1902541497002066,0.4149561641693876,0.3974443245232281,0.003637469540393639,False
near-critical fast subsystem + memory,0.41500000000000004,2,0.9912056486887544,0.9509891208087691,0.9969154278531884,0.9966838913680983,-0.0019805228123355332,True
near-critical fast subsystem + memory,0.4175,0,0.0412385411485828,0.03958179419399579,0.11017911318536758,0.1028972240494879,-0.0005785305446553242,True
near-critical fast subsystem + memory,0.4175,1,0.19328799997623725,0.1855227081788127,0.4081957094231606,0.3898468147397205,0.003327019790862224,False
near-critical fast subsystem + memory,0.4175,2,0.9914354137673533,0.9516047709589517,0.9970081712896584,0.9967709957343331,-0.001981047833965687,True
near-critical fast subsystem + memory,0.42,0,0.04256629398937903,0.040872984626289875,0.11385677816529768,0.10599072970380885,-0.0005683649830527543,True
near-critical fast subsystem + memory,0.42,1,0.1882223181048761,0.18073473617752162,0.40122916386110813,0.3820695025381555,0.003032315854407714,False
near-critical fast subsystem + memory,0.42,2,0.9916589168763408,0.9522102082488868,0.9970979818631573,0.9968557020470081,-0.001981557586674959,True
near-critical fast subsystem + memory,0.4225,0,0.04398368372876292,0.04225113710089771,0.11776009476314868,0.10927900154014024,-0.0005572320599767326,True
near-critical fast subsystem + memory,0.4225,1,0.18309222776446316,0.17588010283745964,0.39403212747076477,0.37409075717611795,0.002752619180705167,False
near-critical fast subsystem + memory,0.4225,2,0.9918763423839563,0.9528056719313853,0.9971849595142681,0.9969380821613777,-0.001982052580762143,True
near-critical fast subsystem + memory,0.425,0,0.04550327597824762,0.04372841671171337,0.12191834541088895,0.1127883378358712,-0.0005449779504998225,True
near-critical fast subsystem + memory,0.425,1,0.17788488892382465,0.17094647324505477,0.3865750366183277,0.3658842411399392,0.002487142647162712,False
near-critical fast subsystem + memory,0.425,2,0.9920878684893175,0.9533913942520293,0.9972692003990251,0.9970182054644294,-0.001982533305347864,True
near-critical fast subsystem + memory,0.4275,0,0.04714068623686685,0.04531993785632333,0.1263676881038487,0.11655131501248218,-0.0005314090507923289,True
near-critical fast subsystem + memory,0.4275,1,0.17258441821046694,0.16591856700955668,0.3788214559692124,0.3574173418826609,0.00223504310376813,False
near-critical fast subsystem + memory,0.4275,2,0.9922936674695011,0.953967600704361,0.9973507970531904,0.9970961389768964,-0.001983000229518792,True
near-critical fast subsystem + memory,0.43,0,0.048915711320172486,0.047044857677642965,0.13115366861419278,0.1206090972170348,-0.0005162765680629313,True
near-critical fast subsystem + memory,0.43,1,0.16717075724924074,0.1607770646771942,0.3707255660836937,0.3486488621618403,0.0019954097587969993,False
near-critical fast subsystem + memory,0.43,2,0.9924939059144808,0.9545345102733769,0.9974298385481857,0.9971719474501064,-0.001983453803392579,True
near-critical fast subsystem + memory,0.4325,0,0.050854061657156197,0.048928049978799966,0.1363350555490497,0.1250149664031912,-0.0004992526834189979,True
near-critical fast subsystem + memory,0.4325,1,0.1616179401443723,0.15549693367986434,0.36222832817595135,0.3395254898827325,0.0017672448252384887,False
near-critical fast subsystem + memory,0.4325,2,0.992688744950647,0.9550923356679936,0.997506410639179,0.9972456934579846,-0.001983894459110283,True
near-critical fast subsystem + memory,0.435,0,0.05299013620174689,0.05100278625458546,0.14198996547090462,0.12983996728642808,-0.00047989196324646174,True
near-critical fast subsystem + memory,0.435,1,0.15589131835754017,0.1500447471745325,0.35325135881843484,0.3299761530718951,0.0015494298495087062,False
near-critical fast subsystem + memory,0.435,2,0.9928783404535786,0.9556412835431058,0.9975805959057892,0.9973174374844999,-0.0019843226117622456,True
near-critical fast subsystem + memory,0.4375,0,0.05537172516164873,0.05331527869759851,0.14822621252923757,0.13518245730968315,-0.00045756524714446727,True
near-critical fast subsystem + memory,0.4375,1,0.14994285777861321,0.14437414091475825,0.3436865801421282,0.3199024698447136,0.001340664688782217,False
near-critical fast subsystem + memory,0.4375,2,0.9930628432506932,0.9561815547118091,0.9976524738858387,0.9973872380068254,-0.00198473866025291,True
near-critical fast subsystem + memory,0.44,0,0.05806857832316559,0.055932956353311865,0.15520010902356765,0.1411854757657775,-0.0004313378289464086,True
near-critical fast subsystem + memory,0.44,1,0.1437025702098258,0.1384175369796921,0.33337741911214147,0.30916137922025905,0.0011393507067336878,False
near-critical fast subsystem + memory,0.44,2,0.9932423993143582,0.9567133443483311,0.9977221212025563,0.9974551515744685,-0.0019851429881095005,True
near-critical fast subsystem + memory,0.4425,0,0.061189605030145144,0.05896107621719032,0.16315409139900938,0.1480715475612606,-0.0003997220340083078,True
near-critical fast subsystem + memory,0.4425,1,0.13706131320471066,0.13206953256700849,0.32208118137712677,0.29753033729858697,0.0009433480770686358,False
near-critical fast subsystem + memory,0.4425,2,0.9934171499460065,0.9572368421821719,0.9977896116856052,0.9975212328846027,-0.0019855359642390056,True
near-critical fast subsystem + memory,0.445,0,0.06492249466452468,0.06258098153517488,0.1725031254180076,0.1562227060999769,-0.0003601002001676057,True
near-critical fast subsystem + memory,0.445,1,0.12983116941381295,0.12514864158810085,0.30938264594850556,0.28462729432198075,0.0007494030332171469,False
near-critical fast subsystem + memory,0.445,2,0.9935872319517665,0.9577522326839295,0.9978550164862884,0.9975855348538231,-0.0019859179436375438,True
near-critical fast subsystem + memory,0.4475,0,0.06964687938319614,0.06715935683667569,0.18408070546809296,0.16640861093201137,-0.0003070546353901402,True
near-critical fast subsystem + memory,0.4475,1,0.12163228368199155,0.11728803953604745,0.2944480657493185,0.2696825769742694,0.0005514815183494887,False
near-critical fast subsystem + memory,0.4475,2,0.993752777810073,0.9582596952432423,0.9979184041872535,0.9976481086865263,-0.0019862892680557677,True
near-critical fast subsystem + memory,0.45,0,0.07642068782118003,0.07371770529374279,0.20019242409808533,0.18076487416099316,-0.00022508106162706545,True
near-critical fast subsystem + memory,0.45,1,0.11140650918688128,0.10746608603236135,0.2749715979399567,0.2505605619250596,0.0003334856761995201,False
near-critical fast subsystem + memory,0.45,2,0.9939139158317094,0.9587594043392695,0.9979798409070102,0.99770900394011,-0.0019866502666236493,True
near-critical fast subsystem + memory,0.4525,0,0.9940707703126905,0.9592515297040944,0.998039390399539,0.997768268587167,-0.0019870012564377035,True
near-critical fast subsystem + memory,0.455,0,0.99422346168037,0.9597362364794068,0.9980971141492638,0.99782594907484,-0.001987342543113425,True
near-critical fast subsystem + memory,0.4575,0,0.994372106633143,0.9602136853668154,0.9981530714616385,0.9978820903814951,-0.001987674421305462,True
near-critical fast subsystem + memory,0.46,0,0.994516818274076,0.960684032772102,0.9982073195495816,0.9979367360708584,-0.001987997175197861,True
near-critical fast subsystem + memory,0.4625,0,0.9946577062387849,0.9611474309437201,0.9982599136159811,0.9979899283437513,-0.0019883110789664887,True
near-critical fast subsystem + memory,0.465,0,0.99479487681786,0.9616040281058204,0.9983109069324746,0.9980417080875532,-0.0019886163972155898,True
near-critical fast subsystem + memory,0.4675,0,0.9949284330741199,0.9620539685860717,0.9983603509147025,0.9980921149235124,-0.0019889133853902585,True
near-critical fast subsystem + memory,0.47000000000000003,0,0.9950584749549525,0.9624973929385215,0.9984082951942133,0.9981411872520145,-0.001989202290166456,True
near-critical fast subsystem + memory,0.47250000000000003,0,0.9951850993999969,0.9629344380617387,0.9984547876871961,0.9981889622959188,-0.001989483349820088,True
near-critical fast subsystem + memory,0.47500000000000003,0,0.9953084004443953,0.9633652373124559,0.9984998746601995,0.9982354761420559,-0.001989756794576533,True
near-critical fast subsystem + memory,0.47750000000000004,0,0.9954284693178341,0.9637899206149253,0.9985436007929913,0.9982807637809846,-0.001990022846941889,True
near-critical fast subsystem + memory,0.48,0,0.9955453945395809,0.96420861456618,0.9985860092387007,0.9983248591450933,-0.00199028172201712,True
near-critical fast subsystem + memory,0.4825,0,0.9956592620097138,0.9646214425373966,0.9986271416813778,0.9983677951451292,-0.0019905336277962083,True
near-critical fast subsystem + memory,0.485,0,0.9957701550967224,0.9650285247715265,0.9986670383911008,0.9984096037052324,-0.00199077876544928,True
near-critical fast subsystem + memory,0.4875,0,0.995878154721656,0.9654299784773697,0.9987057382767474,0.9984503157965479,-0.0019910173295916863,True
near-critical fast subsystem + memory,0.49,0,0.9959833394389819,0.9658259179202476,0.9987432789365436,0.9984899614694862,-0.001991249508539858,True
near-critical fast subsystem + memory,0.4925,0,0.996085785514307,0.9662164545094218,0.9987796967065032,0.9985285698846951,-0.00199147548455476,True
near-critical fast subsystem + memory,0.495,0,0.9961855669991082,0.9666016968824044,0.9988150267068499,0.9985661693428053,-0.0019916954340736793,True
near-critical fast subsystem + memory,0.4975,0,0.9962827558026088,0.9669817509862906,0.9988493028865242,0.9986027873130074,-0.0019919095279310245,True
near-critical fast subsystem + memory,0.5,0,0.9963774217609331,0.9673567201562457,0.9988825580658636,0.9986384504605167,-0.001992117931568811,True
near-critical fast subsystem + memory,0.5025000000000001,0,0.9964696327036584,0.9677267051912614,0.998914823977541,0.9986731846729726,-0.00199232080523738,True
near-critical fast subsystem + memory,0.505,0,0.9965594545178862,0.9680918044273011,0.9989461313058433,0.9987070150858293,-0.0019925183041869477,True
near-critical fast subsystem + memory,0.5075000000000001,0,0.9966469512099365,0.9684521138079418,0.9989765097243656,0.9987399661067755,-0.001992710578850482,True
near-critical fast subsystem + memory,0.51,0,0.9967321849647741,0.9688077269526106,0.9990059879321933,0.9987720614392334,-0.0019928977750183906,True
near-critical fast subsystem + memory,0.5125,0,0.9968152162032666,0.9691587352225262,0.9990345936886451,0.9988033241049747,-0.001993080034005478,True
near-critical fast subsystem + memory,0.515,0,0.9968961036373643,0.9695052277844257,0.9990623538466347,0.9988337764658957,-0.0019932574928105814,True
near-critical fast subsystem + memory,0.5175,0,0.9969749043232929,0.9698472916721728,0.9990892943847192,0.9988634402449841,-0.001993430284269293,True
near-critical fast subsystem + memory,0.52,0,0.9970516737128474,0.9701850118463338,0.9991154404378914,0.9988923365465194,-0.0019935985372001204,True
near-critical fast subsystem + memory,0.5225,0,0.9971264657028587,0.9705184712517927,0.9991408163271692,0.998920485875534,-0.0019937623765444437,True
near-critical fast subsystem + memory,0.525,0,0.9971993326829198,0.9708477508734963,0.9991654455880384,0.9989479081565696,-0.0019939219235005864,True
near-critical fast subsystem + memory,0.5275,0,0.9972703255814364,0.9711729297903865,0.9991893509977968,0.9989746227517612,-0.0019940772956522964,True
near-critical fast subsystem + memory,0.53,0,0.9973394939100746,0.9714940852276044,0.9992125546018488,0.999000648478272,-0.001994228607091939,True
near-critical fast subsystem + memory,0.5325,0,0.9974068858066694,0.9718112926070197,0.9992350777389938,0.9990260036251111,-0.0019943759685386525,True
near-critical fast subsystem + memory,0.535,0,0.9974725480766586,0.9721246255961606,0.9992569410657542,0.9990507059693573,-0.001994519487451717,True
near-critical fast subsystem + memory,0.5375,0,0.9975365262331006,0.9724341561555958,0.9992781645797835,0.9990747727918154,-0.0019946592681393885,True
near-critical fast subsystem + memory,0.54,0,0.9975988645353318,0.9727399545848304,0.9992987676423896,0.9990982208921262,-0.0019947954118633973,True
near-critical fast subsystem + memory,0.5425,0,0.9976596060263188,0.9730420895667722,0.9993187690002184,0.9991210666033541,-0.0019949280169393453,True
near-critical fast subsystem + memory,0.545,0,0.9977187925687574,0.9733406282108167,0.999338186806124,0.9991433258060732,-0.001995057178833172,True
near-critical fast subsystem + memory,0.5475,0,0.9977764648799659,0.9736356360946065,0.9993570386392665,0.9991650139419718,-0.0019951829902538952,True
near-critical fast subsystem + memory,0.55,0,0.9978326625656195,0.973927177304509,0.9993753415244655,0.9991861460269936,-0.001995305541242792,True
near-critical fast subsystem + memory,0.5525,0,0.9978874241523739,0.9742153144748624,0.9993931119508414,0.9992067366640375,-0.0019954249192591896,True
near-critical fast subsystem + memory,0.555,0,0.9979407871194157,0.9745001088260329,0.999410365889774,0.9992268000552273,-0.0019955412092630145,True
near-critical fast subsystem + memory,0.5575,0,0.9979927879289825,0.9747816202013188,0.9994271188122041,0.9992463500137749,-0.0019956544937942545,True
near-critical fast subsystem + memory,0.56,0,0.9980434620558953,0.9750599071027588,0.9994433857053086,0.9992653999754472,-0.001995764853049475,True
near-critical fast subsystem + memory,0.5625,0,0.9980928440161332,0.9753350267258629,0.9994591810885697,0.9992839630096556,-0.001995872364955513,True
near-critical fast subsystem + memory,0.5650000000000001,0,0.9981409673944912,0.9756070349933181,0.9994745190292675,0.9993020518301813,-0.001995977105240473,True
near-critical fast subsystem + memory,0.5675,0,0.9981878648713542,0.9758759865876974,0.999489413157413,0.9993196788055483,-0.001996079147502159,True
near-critical fast subsystem + memory,0.5700000000000001,0,0.9982335682486192,0.9761419349832097,0.999503876680151,0.9993368559690622,-0.001996178563274033,True
near-critical fast subsystem + memory,0.5725,0,0.9982781084747949,0.9764049324765219,0.9995179223956473,0.9993535950285217,-0.0019962754220888205,True
near-critical fast subsystem + memory,0.5750000000000001,0,0.998321515669313,0.9766650302166823,0.9995315627064845,0.9993699073756193,-0.001996369791539858,True
near-critical fast subsystem + memory,0.5775,0,0.998363819146076,0.9769222782341828,0.9995448096325825,0.9993858040950409,-0.0019964617373402797,True
near-critical fast subsystem + memory,0.58,0,0.9984050474362691,0.9771767254691799,0.9995576748236676,0.9994012959732745,-0.001996551323380133,True
near-critical fast subsystem + memory,0.5825,0,0.9984452283104646,0.9774284197989087,0.9995701695712994,0.9994163935071412,-0.0019966386117815115,True
near-critical fast subsystem + memory,0.585,0,0.9984843888000423,0.9776774080643146,0.9995823048204814,0.999431106912056,-0.001996723662951784,True
near-critical fast subsystem + memory,0.5875,0,0.9985225552179491,0.9779237360959285,0.9995940911808647,0.9994454461300298,-0.0019968065356349915,True
near-critical fast subsystem + memory,0.59,0,0.9985597531788237,0.9781674487390104,0.9996055389375637,0.9994594208374211,-0.0019968872869615076,True
near-critical fast subsystem + memory,0.5925,0,0.9985960076185054,0.978408589877985,0.9996166580615968,0.9994730404524457,-0.0019969659724960068,True
near-critical fast subsystem + memory,0.595,0,0.9986313428129499,0.9786472024601914,0.9996274582199689,0.9994863141424557,-0.001997042646283824,True
near-critical fast subsystem + memory,0.5975,0,0.9986657823965734,0.9788833285189726,0.9996379487854051,0.9994992508309923,-0.0019971173608957634,True
near-critical fast subsystem + memory,0.6,0,0.9986993493800422,0.9791170091961199,0.9996481388457529,0.9995118592046233,-0.001997190167471416,True
near-critical fast subsystem + memory,0.6025,0,0.9987320661675279,0.9793482847636986,0.9996580372130625,0.9995241477195694,-0.0019972611157610567,True
near-critical fast subsystem + memory,0.605,0,0.9987639545734461,0.97957719464527,0.9996676524323587,0.9995361246081319,-0.001997330254166143,True
near-critical fast subsystem + memory,0.6075,0,0.9987950358386981,0.9798037774365332,0.9996769927901138,0.9995477978849229,-0.0019973976297785224,True
near-critical fast subsystem + memory,0.61,0,0.998825330646427,0.9800280709253987,0.9996860663224367,0.9995591753529082,-0.00199746328841834,True
near-critical fast subsystem + memory,0.6125,0,0.998854859137309,0.9802501121115189,0.9996948808229824,0.9995702646092683,-0.0019975272746707365,True
near-critical fast subsystem + memory,0.615,0,0.9988836409243953,0.9804699372252864,0.9997034438505987,0.9995810730510848,-0.0019975896319213648,True
near-critical fast subsystem + memory,0.6175,0,0.9989116951075143,0.9806875817463175,0.9997117627367148,0.9995916078808545,-0.0019976504023907654,True
near-critical fast subsystem + memory,0.62,0,0.9989390402872562,0.9809030804214427,0.9997198445924829,0.9996018761118424,-0.001997709627167666,True
near-critical fast subsystem + memory,0.6225,0,0.9989656945785463,0.9811164672822074,0.9997276963156841,0.9996118845732737,-0.0019977673462412047,True
near-critical fast subsystem + memory,0.625,0,0.9989916756238246,0.9813277756619103,0.9997353245974013,0.999621639915374,-0.001997823598532162,True
near-critical fast subsystem + memory,0.6275000000000001,0,0.9990170006058439,0.9815370382121845,0.9997427359284738,0.9996311486142611,-0.001997878421923202,True
near-critical fast subsystem + memory,0.63,0,0.9990416862600975,0.9817442869191411,0.9997499366057376,0.9996404169766916,-0.001997931853288176,True
near-critical fast subsystem + memory,0.6325000000000001,0,0.9990657488868881,0.9819495531190814,0.9997569327380589,0.9996494511446716,-0.0019979839285205114,True
near-critical fast subsystem + memory,0.635,0,0.9990892043630526,0.9821528675137989,0.9997637302521721,0.9996582570999308,-0.0019980346825607415,True
near-critical fast subsystem + memory,0.6375000000000001,0,0.9991120681533463,0.9823542601854764,0.9997703348983228,0.999666840668267,-0.0019980841494231624,True
near-critical fast subsystem + memory,0.64,0,0.9991343553215093,0.9825537606111954,0.9997767522557294,0.9996752075237668,-0.0019981323622217046,True
near-critical fast subsystem + memory,0.6425,0,0.9991560805410102,0.9827513976770623,0.999782987737865,0.999683363192902,-0.0019981793531949903,True
near-critical fast subsystem + memory,0.645,0,0.9991772581054907,0.9829471996919721,0.9997890465975668,0.9996913130585097,-0.001998225153730654,True
near-critical fast subsystem + memory,0.6475,0,0.9991979019389114,0.9831411944010108,0.9997949339319813,0.9996990623636576,-0.001998269794388907,True
near-critical fast subsystem + memory,0.65,0,0.9992180256054122,0.9833334089985132,0.9998006546873481,0.9997066162153999,-0.00199831330492541,True
near-critical fast subsystem + memory,0.6525,0,0.9992376423188953,0.9835238701407839,0.99980621366363,0.9997139795884247,-0.0019983557143134576,True
near-critical fast subsystem + memory,0.655,0,0.9992567649523385,0.9837126039584907,0.999811615518993,0.9997211573285981,-0.0019983970507654906,True
near-critical fast subsystem + memory,0.6575,0,0.9992754060468483,0.9838996360687398,0.9998168647741426,0.9997281541564091,-0.001998437341753983,True
near-critical fast subsystem + memory,0.66,0,0.999293577820459,0.9840849915868441,0.9998219658165215,0.9997349746703152,-0.001998476614031702,True
near-critical fast subsystem + memory,0.6625,0,0.9993112921766887,0.9842686951377904,0.999826922904372,0.9997416233499956,-0.0019985148936513754,True
near-critical fast subsystem + memory,0.665,0,0.9993285607128539,0.984450770867414,0.999831740170669,0.9997481045595108,-0.001998552205984775,True
near-critical fast subsystem + memory,0.6675,0,0.9993453947281583,0.9846312424532946,0.9998364216269285,0.999754422550376,-0.0019985885757412528,True
near-critical fast subsystem + memory,0.67,0,0.9993618052315536,0.9848101331153712,0.9998409711668929,0.999760581464547,-0.0019986240269857175,True
near-critical fast subsystem + memory,0.6725,0,0.9993778029493847,0.9849874656262944,0.9998453925701015,0.9997665853373227,-0.0019986585831561128,True
near-critical fast subsystem + memory,0.675,0,0.9993933983328247,0.9851632623215139,0.9998496895053467,0.9997724381001669,-0.001998692267080365,True
near-critical fast subsystem + memory,0.6775,0,0.9994086015651054,0.985337545109119,0.9998538655340209,0.9997781435834535,-0.0019987251009928606,True
near-critical fast subsystem + memory,0.68,0,0.9994234225685499,0.9855103354794287,0.9998579241133585,0.9997837055191335,-0.0019987571065504363,True
near-critical fast subsystem + memory,0.6825,0,0.9994378710114102,0.9856816545143419,0.9998618685995753,0.9997891275433284,-0.001998788304847919,True
near-critical fast subsystem + memory,0.685,0,0.9994519563145228,0.9858515228964622,0.9998657022509094,0.9997944131988534,-0.001998818716433216,True
near-critical fast subsystem + memory,0.6875,0,0.999465687657777,0.9860199609179862,0.9998694282305662,0.9997995659376706,-0.0019988483613219755,True
near-critical fast subsystem + memory,0.6900000000000001,0,0.999479073986413,0.9861869884893821,0.9998730496095727,0.9998045891232743,-0.00199887725901183,True
near-critical fast subsystem + memory,0.6925,0,0.9994921240171442,0.986352625147846,0.9998765693695401,0.9998094860330113,-0.0019989054284962433,True
near-critical fast subsystem + memory,0.6950000000000001,0,0.9995048462441167,0.9865168900655558,0.9998799904053431,0.9998142598603389,-0.001998932888277952,True
near-critical fast subsystem + memory,0.6975,0,0.999517248944706,0.9866798020577185,0.9998833155277135,0.9998189137170184,-0.001998959656382039,True
near-critical fast subsystem + memory,0.7000000000000001,0,0.9995293401851577,0.9868413795904236,0.9998865474657541,0.9998234506352521,-0.001998985750368638,True
near-critical fast subsystem + memory,0.7025,0,0.9995411278260766,0.9870016407883037,0.9998896888693747,0.9998278735697604,-0.0019990111873452775,True
near-critical fast subsystem + memory,0.705,0,0.9995526195277669,0.9871606034420055,0.9998927423116524,0.9998321853998031,-0.001999035983978881,True
near-critical fast subsystem + memory,0.7075,0,0.9995638227554291,0.9873182850154844,0.999895710291119,0.9998363889311452,-0.0019990601565074385,True
near-critical fast subsystem + memory,0.71,0,0.9995747447842198,0.9874747026531182,0.9998985952339776,0.9998404868979708,-0.0019990837207513414,True
near-critical fast subsystem + memory,0.7125,0,0.999585392704172,0.9876298731866495,0.9999013994962511,0.9998444819647445,-0.001999106692124415,True
near-critical fast subsystem + memory,0.715,0,0.9995957734249883,0.9877838131419622,0.9999041253658647,0.9998483767280232,-0.001999129085644637,True
near-critical fast subsystem + memory,0.7175,0,0.9996058936807015,0.9879365387456913,0.9999067750646634,0.9998521737182181,-0.001999150915944562,True
near-critical fast subsystem + memory,0.72,0,0.999615760034215,0.9880880659316789,0.9999093507503692,0.9998558754013113,-0.001999172197281464,True
near-critical fast subsystem + memory,0.7225,0,0.9996253788817209,0.9882384103472696,0.9999118545184776,0.9998594841805244,-0.001999192943547191,True
near-critical fast subsystem + memory,0.725,0,0.9996347564569992,0.9883875873594605,0.9999142884040952,0.9998630023979437,-0.0019992131682777564,True
near-critical fast subsystem + memory,0.7275,0,0.9996438988356053,0.9885356120609002,0.9999166543837231,0.9998664323361016,-0.0019992328846626627,True
near-critical fast subsystem + memory,0.73,0,0.9996528119389458,0.9886824992757491,0.9999189543769842,0.999869776219516,-0.001999252105553977,True
near-critical fast subsystem + memory,0.7325,0,0.999661501538244,0.9888282635653944,0.9999211902482977,0.999873036216188,-0.0019992708434751483,True
near-critical fast subsystem + memory,0.735,0,0.9996699732584049,0.9889729192340367,0.999923363808506,0.999876214439061,-0.0019992891106295953,True
near-critical fast subsystem + memory,0.7375,0,0.9996782325817755,0.9891164803341397,0.9999254768164468,0.9998793129474399,-0.001999306918909061,True
near-critical fast subsystem + memory,0.74,0,0.9996862848518056,0.989258960671752,0.9999275309804827,0.9998823337483737,-0.001999324279901726,True
near-critical fast subsystem + memory,0.7425,0,0.9996941352766133,0.9894003738117036,0.9999295279599809,0.9998852787979996,-0.0019993412049001255,True
near-critical fast subsystem + memory,0.745,0,0.9997017889324578,0.9895407330826825,0.9999314693667498,0.9998881500028547,-0.001999357704908831,True
near-critical fast subsystem + memory,0.7475,0,0.9997092507671168,0.989680051582187,0.9999333567664322,0.9998909492211498,-0.0019993737906519394,True
near-critical fast subsystem + memory,0.75,0,0.9997165256031812,0.9898183421813677,0.9999351916798561,0.9998936782640118,-0.001999389472580349,True
near-critical fast subsystem + memory,0.7525000000000001,0,0.9997236181412592,0.9899556175297529,0.9999369755843442,0.9998963388966919,-0.001999404760878855,True
near-critical fast subsystem + memory,0.755,0,0.9997305329630961,0.9900918900598644,0.9999387099149857,0.9998989328397434,-0.001999419665473037,True
near-critical fast subsystem + memory,0.7575000000000001,0,0.9997372745346174,0.9902271719917265,0.9999403960658678,0.9999014617701675,-0.0019994341960359804,True
near-critical fast subsystem + memory,0.76,0,0.9997438472088862,0.99036147533727,0.9999420353912721,0.9999039273225295,-0.0019994483619947983,True
near-critical fast subsystem + memory,0.7625000000000001,0,0.9997502552289883,0.9904948119046334,0.9999436292068342,0.9999063310900452,-0.001999462172536995,True
near-critical fast subsystem + memory,0.765,0,0.9997565027308388,0.990627193302366,0.9999451787906684,0.99990867462564,-0.001999475636616659,True
near-critical fast subsystem + memory,0.7675000000000001,0,0.9997625937459185,0.9907586309435327,0.999946685384459,0.9999109594429788,-0.0019994887629604784,True
near-critical fast subsystem + memory,0.77,0,0.9997685322039358,0.990889136049724,0.9999481501945195,0.9999131870174699,-0.0019995015600736132,True
near-critical fast subsystem + memory,0.7725,0,0.9997743219354225,0.9910187196549756,0.9999495743928197,0.9999153587872427,-0.0019995140362453934,True
near-critical fast subsystem + memory,0.775,0,0.9997799666742611,0.9911473926095967,0.9999509591179822,0.9999174761541002,-0.0019995261995548875,True
near-critical fast subsystem + memory,0.7775,0,0.9997854700601452,0.9912751655839104,0.9999523054762486,0.999919540484445,-0.0019995380578763057,True
near-critical fast subsystem + memory,0.78,0,0.9997908356409777,0.9914020490719077,0.999953614542419,0.9999215531101833,-0.0019995496188842683,True
near-critical fast subsystem + memory,0.7825,0,0.9997960668752068,0.991528053394822,0.9999548873607613,0.999923515329604,-0.0019995608900589333,True
near-critical fast subsystem + memory,0.785,0,0.9998011671341014,0.9916531887046176,0.9999561249458948,0.999925428408236,-0.0019995718786909944,True
near-critical fast subsystem + memory,0.7875,0,0.9998061397039661,0.9917774649874015,0.9999573282836468,0.9999272935796821,-0.0019995825918865326,True
near-critical fast subsystem + memory,0.79,0,0.9998109877883024,0.9919008920667574,0.9999584983318853,0.9999291120464329,-0.001999593036571761,True
near-critical fast subsystem + memory,0.7925,0,0.99981571450991,0.9920234796070032,0.9999596360213249,0.9999308849806567,-0.0019996032194976275,True
near-critical fast subsystem + memory,0.795,0,0.9998203229129374,0.9921452371163768,0.9999607422563113,0.9999326135249731,-0.0019996131472443048,True
near-critical fast subsystem + memory,0.7975,0,0.9998248159648777,0.9922661739501477,0.9999618179155801,0.9999342987932025,-0.001999622826225562,True
near-critical fast subsystem + memory,0.8,0,0.9998291965585131,0.9923862993136607,0.9999628638529954,0.9999359418710995,-0.0019996322626930243,True
near-critical fast subsystem + memory,0.8025,0,0.9998334675138105,0.9925056222653096,0.9999638808982658,0.9999375438170642,-0.0019996414627403095,True
near-critical fast subsystem + memory,0.805,0,0.999837631579767,0.9926241517194456,0.9999648698576384,0.9999391056628393,-0.0019996504323070746,True
near-critical fast subsystem + memory,0.8075,0,0.9998416914362092,0.9927418964492194,0.9999658315145746,0.9999406284141843,-0.0019996591771829454,True
near-critical fast subsystem + memory,0.81,0,0.9998456496955443,0.9928588650893599,0.9999667666304032,0.9999421130515366,-0.00199966770301134,True
near-critical fast subsystem + memory,0.8125,0,0.9998495089044697,0.9929750661388926,0.999967675944957,0.9999435605306527,-0.0019996760152932074,True
near-critical fast subsystem + memory,0.8150000000000001,0,0.9998532715456345,0.9930905079637953,0.9999685601771888,0.9999449717832346,-0.001999684119390653,True
near-critical fast subsystem + memory,0.8175,0,0.9998569400392623,0.9932051987995953,0.9999694200257714,0.99994634771754,-0.001999692020530482,True
near-critical fast subsystem + memory,0.8200000000000001,0,0.9998605167447292,0.9933191467539108,0.9999702561696763,0.9999476892189746,-0.0019996997238076416,True
near-critical fast subsystem + memory,0.8225,0,0.9998640039621045,0.9934323598089341,0.9999710692687406,0.9999489971506733,-0.001999707234188582,True
near-critical fast subsystem + memory,0.8250000000000001,0,0.9998674039336488,0.9935448458238606,0.9999718599642129,0.999950272354062,-0.0019997145565145234,True
near-critical fast subsystem + memory,0.8275,0,0.9998707188452758,0.9936566125372632,0.9999726288792857,0.9999515156494079,-0.001999721695504645,True
near-critical fast subsystem + memory,0.8300000000000001,0,0.9998739508279775,0.9937676675694184,0.9999733766196112,0.9999527278363558,-0.0019997286557591853,True
near-critical fast subsystem + memory,0.8325,0,0.9998771019592096,0.9938780184245749,0.9999741037738027,0.9999539096944484,-0.0019997354417624646,True
near-critical fast subsystem + memory,0.835,0,0.999880174264246,0.9939876724931787,0.9999748109139214,0.9999550619836354,-0.0019997420578858325,True
near-critical fast subsystem + memory,0.8375,0,0.9998831697174939,0.994096637054045,0.9999754985959475,0.9999561854447685,-0.0019997485083905323,True
near-critical fast subsystem + memory,0.84,0,0.9998860902437807,0.9942049192764865,0.9999761673602405,0.9999572808000843,-0.0019997547974305043,True
near-critical fast subsystem + memory,0.8425,0,0.9998889377196032,0.9943125262223915,0.9999768177319832,0.9999583487536747,-0.0019997609290551004,True
near-critical fast subsystem + memory,0.845,0,0.9998917139743477,0.9944194648482596,0.9999774502216147,0.9999593899919452,-0.001999766907211738,True
near-critical fast subsystem + memory,0.8475,0,0.9998944207914786,0.994525742007192,0.99997806532525,0.9999604051840612,-0.0019997727357484907,True
near-critical fast subsystem + memory,0.85,0,0.9998970599096964,0.994631364450839,0.9999786635250876,0.9999613949823836,-0.001999778418416596,True
near-critical fast subsystem + memory,0.8525,0,0.9998996330240657,0.994736338831305,0.9999792452898053,0.999962360022893,-0.001999783958872921,True
near-critical fast subsystem + memory,0.855,0,0.9999021417871166,0.9948406717030135,0.9999798110749447,0.9999633009256026,-0.0019997893606823417,True
near-critical fast subsystem + memory,0.8575,0,0.9999045878099151,0.9949443695245304,0.9999803613232845,0.9999642182949614,-0.0019997946273200813,True
near-critical fast subsystem + memory,0.86,0,0.9999069726631094,0.9950474386603496,0.9999808964652023,0.9999651127202468,-0.0019997997621739715,True
near-critical fast subsystem + memory,0.8625,0,0.9999092978779465,0.9951498853826382,0.9999814169190275,0.9999659847759468,-0.001999804768546672,True
near-critical fast subsystem + memory,0.865,0,0.9999115649472654,0.9952517158729469,0.9999819230913826,0.9999668350221329,-0.001999809649657814,True
near-critical fast subsystem + memory,0.8675,0,0.9999137753264649,0.9953529362238829,0.9999824153775149,0.999967664004824,-0.0019998144086461125,True
near-critical fast subsystem + memory,0.87,0,0.9999159304344447,0.9954535524407448,0.9999828941616195,0.9999684722563394,-0.001999819048571402,True
near-critical fast subsystem + memory,0.8725,0,0.9999180316545255,0.9955535704431273,0.999983359817152,0.9999692602956454,-0.0019998235724166358,True
near-critical fast subsystem + memory,0.875,0,0.9999200803353439,0.9956529960664874,0.9999838127071325,0.9999700286286902,-0.001999827983089826,True
near-critical fast subsystem + memory,0.8775000000000001,0,0.9999220777917242,0.9957518350636797,0.999984253184441,0.9999707777487326,-0.0019998322834259372,True
near-critical fast subsystem + memory,0.88,0,0.9999240253055308,0.9958500931064589,0.9999846815921044,0.9999715081366611,-0.00199983647618873,True
near-critical fast subsystem + memory,0.8825000000000001,0,0.9999259241264966,0.9959477757869509,0.9999850982635747,0.9999722202613059,-0.001999840564072559,True
near-critical fast subsystem + memory,0.885,0,0.99992777547303,0.9960448886190912,0.999985503523,0.9999729145797415,-0.0019998445497041266,True
near-critical fast subsystem + memory,0.8875000000000001,0,0.9999295805330042,0.996141437040035,0.9999858976854871,0.9999735915375829,-0.00199984843564419,True
near-critical fast subsystem + memory,0.89,0,0.9999313404645231,0.9962374264115367,0.9999862810573564,0.9999742515692741,-0.0019998522243892167,True
near-critical fast subsystem + memory,0.8925000000000001,0,0.9999330563966722,0.996332862021301,0.9999866539363906,0.9999748950983692,-0.001999855918373019,True
near-critical fast subsystem + memory,0.895,0,0.9999347294302445,0.9964277490843053,0.9999870166120751,0.9999755225378055,-0.001999859519968325,True
near-critical fast subsystem + memory,0.8975,0,0.9999363606384548,0.9965220927440948,0.9999873693658319,0.9999761342901714,-0.0019998630314883186,True
near-critical fast subsystem + memory,0.9,0,0.9999379510676305,0.9966158980740504,0.999987712471247,0.9999767307479662,-0.001999866455188147,True
near-critical fast subsystem + memory,0.9025,0,0.9999395017378878,0.9967091700786302,0.9999880461942908,0.9999773122938537,-0.001999869793266373,True
near-critical fast subsystem + memory,0.905,0,0.9999410136437896,0.9968019136945856,0.9999883707935335,0.999977879300909,-0.001999873047866407,True
near-critical fast subsystem + memory,0.9075,0,0.9999424877549881,0.9968941337921526,0.9999886865203521,0.9999784321328602,-0.001999876221077901,True
near-critical fast subsystem + memory,0.91,0,0.99994392501685,0.9969858351762172,0.999988993619134,0.9999789711443233,-0.001999879314938088,True
near-critical fast subsystem + memory,0.9125,0,0.999945326351066,0.9970770225874582,0.9999892923274721,0.9999794966810301,-0.001999882331433115,True
near-critical fast subsystem + memory,0.915,0,0.9999466926562455,0.9971677007034653,0.9999895828763575,0.9999800090800527,-0.0019998852724993216,True
near-critical fast subsystem + memory,0.9175,0,0.9999480248084955,0.9972578741398349,0.9999898654903642,0.9999805086700199,-0.001999888140024501,True
near-critical fast subsystem + memory,0.92,0,0.9999493236619861,0.9973475474512437,0.9999901403878285,0.9999809957713294,-0.001999890935849108,True
near-critical fast subsystem + memory,0.9225,0,0.9999505900495007,0.9974367251325001,0.9999904077810262,0.9999814706963552,-0.001999893661767466,True
near-critical fast subsystem + memory,0.925,0,0.9999518247829728,0.997525411619574,0.9999906678763405,0.9999819337496489,-0.001999896319528918,True
near-critical fast subsystem + memory,0.9275,0,0.9999530286540088,0.9976136112906049,0.9999909208744289,0.9999823852281349,-0.001999898910838957,True
near-critical fast subsystem + memory,0.93,0,0.9999542024343981,0.9977013284668923,0.9999911669703828,0.9999828254213031,-0.001999901437360336,True
near-critical fast subsystem + memory,0.9325,0,0.9999553468766107,0.9977885674138621,0.9999914063538842,0.9999832546113954,-0.001999903900714133,True
near-critical fast subsystem + memory,0.935,0,0.999956462714281,0.9978753323420169,0.9999916392093567,0.9999836730735865,-0.001999906302480808,True
near-critical fast subsystem + memory,0.9375,0,0.9999575506626808,0.9979616274078651,0.9999918657161135,0.9999840810761629,-0.001999908644201217,True
near-critical fast subsystem + memory,0.9400000000000001,0,0.9999586114191792,0.9980474567148315,0.9999920860484999,0.999984478880694,-0.0019999109273776097,True
near-critical fast subsystem + memory,0.9425,0,0.9999596456636923,0.9981328243141518,0.9999923003760324,0.9999848667422018,-0.0019999131534745996,True
near-critical fast subsystem + memory,0.9450000000000001,0,0.9999606540591202,0.998217734205745,0.9999925088635343,0.9999852449093245,-0.0019999153239201118,True
near-critical fast subsystem + memory,0.9475,0,0.9999616372517743,0.9983021903390734,0.9999927116712665,0.9999856136244774,-0.0019999174401063016,True
near-critical fast subsystem + memory,0.9500000000000001,0,0.9999625958717915,0.99838619661398,0.9999929089550549,0.9999859731240074,-0.0019999195033904484,True
near-critical fast subsystem + memory,0.9525,0,0.9999635305335417,0.9984697568815142,0.9999931008664152,0.9999863236383472,-0.0019999215150958423,True
near-critical fast subsystem + memory,0.9550000000000001,0,0.9999644418360216,0.9985528749447385,0.9999932875526728,0.9999866653921617,-0.001999923476512634,True
near-critical fast subsystem + memory,0.9575,0,0.9999653303632412,0.9986355545595196,0.9999934691570795,0.9999869986044945,-0.0019999253888986555,True
near-critical fast subsystem + memory,0.96,0,0.9999661966845972,0.998717799435303,0.9999936458189274,0.9999873234889064,-0.0019999272534802492,True
near-critical fast subsystem + memory,0.9625,0,0.999967041355242,0.9987996132358753,0.9999938176736604,0.9999876402536154,-0.001999929071453047,True
near-critical fast subsystem + memory,0.965,0,0.9999678649164383,0.9988809995801077,0.9999939848529799,0.9999879491016289,-0.0019999308439827427,True
near-critical fast subsystem + memory,0.9675,0,0.9999686678959081,0.9989619620426868,0.9999941474849505,0.999988250230875,-0.0019999325722058437,True
near-critical fast subsystem + memory,0.97,0,0.9999694508081722,0.9990425041548326,0.9999943056941011,0.9999885438343292,-0.0019999342572304085,True
near-critical fast subsystem + memory,0.9725,0,0.9999702141548803,0.9991226294049995,0.999994459601523,0.9999888301001395,-0.0019999359001367507,True
near-critical fast subsystem + memory,0.975,0,0.9999709584251333,0.9992023412395643,0.999994609324966,0.9999891092117464,-0.0019999375019781425,True
near-critical fast subsystem + memory,0.9775,0,0.999971684095798,0.9992816430635035,0.9999947549789315,0.9999893813480013,-0.0019999390637814897,True
near-critical fast subsystem + memory,0.98,0,0.999972391631814,0.9993605382410541,0.9999948966747633,0.9999896466832814,-0.0019999405865479946,True
near-critical fast subsystem + memory,0.9825,0,0.9999730814864913,0.9994390300963635,0.9999950345207346,0.9999899053876018,-0.0019999420712538017,True
near-critical fast subsystem + memory,0.985,0,0.9999737541018017,0.9995171219141252,0.9999951686221341,0.9999901576267244,-0.0019999435188506223,True
near-critical fast subsystem + memory,0.9875,0,0.999974409908664,0.9995948169402057,0.9999952990813491,0.9999904035622654,-0.0019999449302663466,True
near-critical fast subsystem + memory,0.99,0,0.9999750493272193,0.999672118382255,0.9999954259979459,0.9999906433517981,-0.0019999463064056503,True
near-critical fast subsystem + memory,0.9925,0,0.999975672767101,0.9997490294103076,0.999995549468748,0.9999908771489543,-0.001999947648150563,True
near-critical fast subsystem + memory,0.995,0,0.999976280627699,0.9998255531573739,0.9999956695879131,0.9999911051035238,-0.0019999489563610456,True
near-critical fast subsystem + memory,0.9975,0,0.9999768732984151,0.9999016927200151,0.9999957864470064,0.9999913273615497,-0.0019999502318755412,True
near-critical fast subsystem + memory,1.0,0,0.999977451158913,0.999977451158913,0.9999959001350729,0.9999915440654227,-0.0019999514755115132,True
"bistable, no memory",0.0,0,0.0020439969424369204,0.0,0.0020439969424369204,0.005432153006272337,-0.0007525549961780461,True
"bistable, no memory",0.0025,0,0.002075113853716161,0.00015999335803517048,0.0020984098971266745,0.005514564693920482,-0.0007525938923171452,True
"bistable, no memory",0.005,0,0.0021067079898124813,0.00030225365707496144,0.0021540068176573723,0.005598231574189674,-0.0007526333849872655,True
"bistable, no memory",0.0075,0,0.002138786778284652,0.00043033939200898426,0.002210811246733856,0.005683172916936656,-0.0007526734834728559,True
"bistable, no memory",0.01,0,0.002171357765662349,0.0005469415026857303,0.002268847173565331,0.005769408292600572,-0.000752714197207078,True
"bistable, no memory",0.0125,0,0.002204428619456425,0.000654133121500423,0.002328139042132031,0.0058569575770408494,-0.0007527555357743203,True
"bistable, no memory",0.015,0,0.002238007130206403,0.0007535377542782502,0.00238871175960371,0.005945840956457699,-0.000752797508912758,True
"bistable, no memory",0.0175,0,0.0022721012135659578,0.0008464453696094574,0.002450590704912753,0.006036078932396755,-0.0007528401265169576,True
"bistable, no memory",0.02,0,0.00230671891242722,0.0009338942965292389,0.002513801737484774,0.006127692326839493,-0.0007528833986405341,True
"bistable, no memory",0.0225,0,0.00234186839908469,0.0010167301298486355,0.00257837120612958,0.006220702287380956,-0.0007529273354988558,True
"bistable, no memory",0.025,0,0.002377557977439656,0.0010956488375297954,0.002644325958095497,0.00631513029249659,-0.0007529719474717994,True
"bistable, no memory",0.0275,0,0.0024137960852459494,0.0011712288018396755,0.0027116933482900603,0.006410998156899792,-0.0007530172451065575,True
"bistable, no memory",0.03,0,0.0024505912963979463,0.0012439549727908358,0.0027805012486701213,0.006508328036991933,-0.0007530632391204974,True
"bistable, no memory",0.0325,0,0.0024879523232617384,0.0013142373101341976,0.00285077805780456,0.006607142436406671,-0.0007531099404040772,True
"bistable, no memory",0.035,0,0.002525888019050373,0.001382425029972839,0.0029225527106127138,0.006707464211650301,-0.0007531573600238129,True
"bistable, no memory",0.0375,0,0.002564407380244187,0.0014488177289515183,0.0029958546882818643,0.006809316577840112,-0.0007532055092253052,True
"bistable, no memory",0.04,0,0.0026035195490571508,0.001513674156428576,0.0030707140283670023,0.006912723114542517,-0.0007532543994363214,True
"bistable, no memory",0.0425,0,0.0026432338159502996,0.001577219195196739,0.0031471613350763394,0.007017707771713049,-0.0007533040422699379,True
"bistable, no memory",0.045,0,0.002683559622193233,0.0016396494636618532,0.003225227789745903,0.007124294875740064,-0.0007533544495277414,True
"bistable, no memory",0.0475,0,0.002724506562474801,0.0017011378470923831,0.0033049451615068197,0.007232509135594326,-0.0007534056332030934,True
"bistable, no memory",0.05,0,0.0027660843875640193,0.0017618371895312226,0.0033863458181487673,0.007342375649086437,-0.000753457605484455,True
"bistable, no memory",0.0525,0,0.0028083030070223886,0.001821883322442699,0.0034694627371832988,0.007453919909234358,-0.000753510378758778,True
"bistable, no memory",0.055,0,0.00285117249196872,0.0018813975651863182,0.0035543295171107,0.007567167810743083,-0.0007535639656149608,True
"bistable, no memory",0.0575,0,0.0028947030778977015,0.0019404888018550608,0.003640980388894197,0.007682145656598847,-0.0007536183788473719,True
"bistable, no memory",0.06,0,0.0029389051675533526,0.001999255216022689,0.0037294502276452946,0.007798880164779939,-0.0007536736314594417,True
"bistable, no memory",0.0625,0,0.002983789333858693,0.002057785747488754,0.0038197745645242517,0.007917398475086728,-0.0007537297366673232,True
"bistable, no memory",0.065,0,0.003029366322902834,0.0021161613217483524,0.0039119895988596115,0.00803772815609303,-0.0007537867079036286,True
"bistable, no memory",0.0675,0,0.0030756470569868744,0.0021744558926065885,0.0040061322104909215,0.008159897212221524,-0.0007538445588212337,True
"bistable, no memory",0.07,0,0.0031226426377298612,0.0022327373303482156,0.004102239972338702,0.008283934090945412,-0.0007539033032971622,True
"bistable, no memory",0.0725,0,0.003170364349236338,0.002291068181606125,0.004200351163206032,0.008409867690119319,-0.0007539629554365455,True
"bistable, no memory",0.075,0,0.0032188236613267442,0.0023495063221363097,0.004300504780815873,0.008537727365441585,-0.0007540235295766584,True
"bistable, no memory",0.0775,0,0.0032680322328322853,0.0024081055197955987,0.004402740555088713,0.00866754293805108,-0.0007540850402910404,True
"bistable, no memory",0.08,0,0.003318001914955659,0.0024669159219001184,0.004507098961664845,0.008799344702260996,-0.0007541475023936945,True
"bistable, no memory",0.0825,0,0.003368744754699257,0.002525984478642933,0.0046136212356759285,0.008933163433432607,-0.000754210930943374,True
"bistable, no memory",0.085,0,0.003420272998362413,0.0025853553122348167,0.00472234938577047,0.009069030395991872,-0.0007542753412479529,True
"bistable, no memory",0.08750000000000001,0,0.00347259909510931,0.002645070039800345,0.0048333262083979,0.009206977351591778,-0.0007543407488688865,True
"bistable, no memory",0.09,0,0.0035257357006092793,0.002705168056733462,0.004946595302356175,0.009347036567423635,-0.0007544071696257616,True
"bistable, no memory",0.0925,0,0.003579695680751162,0.0027656867861305698,0.005062201083607695,0.009489240824680239,-0.000754474619600939,True
"bistable, no memory",0.095,0,0.0036344921154335356,0.0028266618990273095,0.0051801888003686495,0.009633623427174227,-0.0007545431151442919,True
"bistable, no memory",0.0975,0,0.0036901383024326813,0.002888127509429552,0.005300604548476889,0.00978021821011499,-0.0007546126728780409,True
"bistable, no memory",0.1,0,0.003746647761350086,0.002950116347519753,0.005423495287043472,0.009929059549047313,-0.0007546833097016875,True
"bistable, no memory",0.10250000000000001,0,0.003804034237641458,0.0030126599139134592,0.005548908854393217,0.010080182368955262,-0.0007547550427970518,True
"bistable, no memory",0.105,0,0.003862311706729301,0.0030757886174181013,0.005676893984299754,0.010233622153535066,-0.0007548278896334115,True
"bistable, no memory",0.1075,0,0.00392149437820098,0.0031395318983921455,0.005807500322520448,0.01038941495464025,-0.0007549018679727512,True
"bistable, no memory",0.11,0,0.003981596700094509,0.003203918339505457,0.005940778443636938,0.010547597401903117,-0.0007549769958751181,True
"bistable, no memory",0.1125,0,0.004042633363274135,0.003268975765450783,0.006076779868206945,0.010708206712536136,-0.0007550532917040927,True
"bistable, no memory",0.115,0,0.004104619305898043,0.0033347313329443657,0.0062155570802332645,0.010871280701317342,-0.0007551307741323725,True
"bistable, no memory",0.11750000000000001,0,0.004167569717980397,0.0034012116121736177,0.006357163544955815,0.011036857790763653,-0.0007552094621474755,True
"bistable, no memory",0.12,0,0.004231500046050166,0.0034684426606968574,0.0065016537269729086,0.011204977021496355,-0.0007552893750575627,True
"bistable, no memory",0.1225,0,0.004296425997909132,0.0035364500906693683,0.006649083108697869,0.011375678062802898,-0.0007553705324973865,True
"bistable, no memory",0.125,0,0.004362363547491576,0.0036052591301583272,0.006799508209157307,0.01154900122339938,-0.0007554529544343645,True
"bistable, no memory",0.1275,0,0.004429328939828343,0.0036748946792133645,0.006952986603137608,0.011724987462398374,-0.0007555366611747854,True
"bistable, no memory",0.13,0,0.004497338696117792,0.003745381361276828,0.007109576940686002,0.011903678400486364,-0.0007556216733701472,True
"bistable, no memory",0.1325,0,0.0045664096189065445,0.003816743570447041,0.007269338966973127,0.012085116331315909,-0.0007557080120236332,True
"bistable, no memory",0.135,0,0.004636558797382735,0.003889005515046097,0.007432333542523706,0.012269344233117001,-0.0007557956984967283,True
"bistable, no memory",0.1375,0,0.004707803612784819,0.003962191257890819,0.007598622663822524,0.012456405780533007,-0.000755884754515981,True
"bistable, no memory",0.14,0,0.004780161743928807,0.004036324753619017,0.007768269484302559,0.012646345356685917,-0.0007559752021799109,True
"bistable, no memory",0.14250000000000002,0,0.004853651172857189,0.004111429883383263,0.007941338335722772,0.012839208065476575,-0.0007560670639660714,True
"bistable, no memory",0.145,0,0.004928290190612621,0.004187530487189159,0.008117894749942725,0.013035039744124961,-0.0007561603627382657,True
"bistable, no memory",0.1475,0,0.005004097403139793,0.004264650394124625,0.008298005481101748,0.013233886975956401,-0.0007562551217539247,True
"bistable, no memory",0.15,0,0.0050810917373187905,0.00434281345069982,0.008481738528210167,0.013435797103439147,-0.0007563513646716484,True
"bistable, no memory",0.1525,0,0.005159292447133545,0.004422043547493975,0.008669163158160601,0.013640818241479476,-0.0007564491155589169,True
"bistable, no memory",0.155,0,0.005238719119979005,0.0045023646442847,0.008860349929167276,0.013848999290980291,-0.0007565483988999737,True
"bistable, no memory",0.1575,0,0.0053193916831107,0.00458380079381718,0.009055370714641457,0.014060389952669328,-0.0007566492396038884,True
"bistable, no memory",0.16,0,0.005401330410240721,0.004666376164354834,0.00925429872751154,0.014275040741203775,-0.0007567516630128009,True
"bistable, no memory",0.1625,0,0.005484555928283865,0.004750115061138591,0.009457208544995908,0.01449300299955721,-0.0007568556949103549,True
"bistable, no memory",0.165,0,0.005569089224258434,0.00483504194686999,0.009664176133837864,0.01471432891369672,-0.000756961361530323,True
"bistable, no memory",0.1675,0,0.0056549516523455405,0.004921181461321616,0.0098752788760108,0.014939071527556006,-0.0007570686895654319,True
"bistable, no memory",0.17,0,0.005742164941111681,0.0050085584401692446,0.010090595594903225,0.015167284758312747,-0.0007571777061763895,True
"bistable, no memory",0.17250000000000001,0,0.005830751200898888,0.005097197933130917,0.01031020658199255,0.015399023411976945,-0.0007572884390011236,True
"bistable, no memory",0.17500000000000002,0,0.005920732931387323,0.005187125221490771,0.01053419362401727,0.015634343199298368,-0.0007574009161642342,True
"bistable, no memory",0.1775,0,0.006012133029334966,0.005278365835078306,0.01076264003065686,0.015873300752000462,-0.0007575151662866686,True
"bistable, no memory",0.18,0,0.006104974796499737,0.005370945568768096,0.010995630662729778,0.016115953639349652,-0.0007576312184956246,True
"bistable, no memory",0.1825,0,0.00619928194774892,0.005464890498559005,0.01123325196091901,0.016362360385067602,-0.0007577491024346861,True
"bistable, no memory",0.185,0,0.006295078619361431,0.00556022699728749,0.011475591975035759,0.016612580484595487,-0.0007578688482742017,True
"bistable, no memory",0.1875,0,0.0063923893775284825,0.005656981750025205,0.011722740393831753,0.01686667442271925,-0.0007579904867219105,True
"bistable, no memory",0.19,0,0.00649123922705834,0.0057551817692071145,0.01197478857537079,0.01712470369156485,-0.0007581140490338228,True
"bistable, no memory",0.1925,0,0.00659165362029112,0.005854854409533005,0.01223182957797049,0.017386730808972996,-0.0007582395670253638,True
"bistable, no memory",0.195,0,0.006693658466229794,0.005956027382682226,0.012493958191725451,0.01765281933726329,-0.0007583670730827871,True
"bistable, no memory",0.1975,0,0.006797280139893768,0.006058728771878682,0.012761270970623222,0.017923033902397696,-0.0007584966001748672,True
"bistable, no memory",0.2,0,0.006902545491901587,0.006162987046340702,0.013033866265264798,0.01819744021355387,-0.0007586281818648769,True
"bistable, no memory",0.2025,0,0.00700948185828967,0.0062688310756482644,0.01331184425620167,0.018476105083119157,-0.0007587618523228621,True
"bistable, no memory",0.20500000000000002,0,0.007118117070573991,0.006376290144057979,0.013595306987901368,0.01875909644711604,-0.0007588976463382175,True
"bistable, no memory",0.20750000000000002,0,0.0072284794660622195,0.006485393964794771,0.013884358403354422,0.01904648338607107,-0.0007590355993325777,True
"bistable, no memory",0.21,0,0.0073405978984236765,0.006596172694347334,0.014179104379335039,0.019338336146338432,-0.0007591757473730295,True
"bistable, no memory",0.2125,0,0.0074545017485251434,0.006708656946793406,0.014479652762329015,0.019634726161891,-0.0007593181271856565,True
"bistable, no memory",0.215,0,0.007570220935540602,0.006822877808179542,0.014786113405142035,0.01993572607659125,-0.0007594627761694257,True
"bistable, no memory",0.2175,0,0.00768778592834324,0.006938866850978959,0.015098598204201966,0.02024140976695493,-0.000759609732410429,True
"bistable, no memory",0.22,0,0.007807227757188631,0.007056656148650364,0.01541722113756947,0.020551852365421414,-0.0007597590346964857,True
"bistable, no memory",0.2225,0,0.00792857802569803,0.007176278290319583,0.01574209830367096,0.020867130284144338,-0.0007599107225321224,True
"bistable, no memory",0.225,0,0.008051868923151243,0.0072977663956053564,0.016073347960768862,0.021187321239317183,-0.000760064836153939,True
"bistable, no memory",0.2275,0,0.008177133237098844,0.007421154129610002,0.01641109056718414,0.021512504276048734,-0.0007602214165463736,True
"bistable, no memory",0.23,0,0.008304404366303746,0.007546475718095068,0.016755448822286377,0.021842759793803675,-0.0007603805054578797,True
"bistable, no memory",0.2325,0,0.008433716334022835,0.007673765962861986,0.01710654770826757,0.022178169572424748,-0.0007605421454175285,True
"bistable, no memory",0.23500000000000001,0,0.008565103801639332,0.007803060257357019,0.01746451453271545,0.02251881679875253,-0.0007607063797520491,True
"bistable, no memory",0.23750000000000002,0,0.008698602082657391,0.007934394602519943,0.017829478972003262,0.022864786093860428,-0.0007608732526033217,True
"bistable, no memory",0.24,0,0.008834247157070596,0.008067805622895522,0.018201573115512914,0.023216163540922454,-0.0007610428089463383,True
"bistable, no memory",0.2425,0,0.008972075686116576,0.00820333058302675,0.018580931510708932,0.02357303671373219,-0.0007612150946076456,True
"bistable, no memory",0.245,0,0.009112125027430473,0.008341007404148948,0.018967691209081393,0.02393549470589211,-0.0007613901562842882,True
"bistable, no memory",0.2475,0,0.009254433250610324,0.008480874681203574,0.01936199181297588,0.02430362816069289,-0.0007615680415632627,True
"bistable, no memory",0.25,0,0.009399039153208211,0.00862297170019102,0.019763975523329768,0.02467752930170331,-0.0007617487989415102,True
"bistable, no memory",0.2525,0,0.009545982277161386,0.008767338455881605,0.02017378718833423,0.025057291964092225,-0.0007619324778464516,True
"bistable, no memory",0.255,0,0.009695302925677985,0.008914015669904043,0.020591574353041386,0.025443011626703895,-0.0007621191286570974,True
"bistable, no memory",0.2575,0,0.009847042180593096,0.009063044809231426,0.021017487309938028,0.02583478544491058,-0.0007623088027257413,True
"bistable, no memory",0.26,0,0.010001241920210825,0.009214468105084389,0.021451679150506112,0.026232712284265162,-0.0007625015524002635,True
"bistable, no memory",0.2625,0,0.010157944837649414,0.009368328572272187,0.021894305817792534,0.026636892754979328,-0.0007626974310470618,True
"bistable, no memory",0.265,0,0.010317194459706358,0.00952467002899211,0.022345526160009687,0.027047429247251877,-0.0007628964930746329,True
"bistable, no memory",0.2675,0,0.010479035166262016,0.009683537117108867,0.02280550198519061,0.027464425967474764,-0.0007630987939578275,True
"bistable, no memory",0.27,0,0.01064351221024017,0.00984497532293541,0.02327439811692169,0.027887988975343597,-0.0007633043902628003,True
"bistable, no memory",0.2725,0,0.010810671738145407,0.010009030998537751,0.02375238245117787,0.02831822622190188,-0.0007635133396726816,True
"bistable, no memory",0.275,0,0.010980560811197557,0.010175751383586616,0.024239626014284987,0.028755247588548322,-0.0007637257010139969,True
"bistable, no memory",0.2775,0,0.011153227427084633,0.01034518462777968,0.024736303022035652,0.02919916492703866,-0.0007639415342838557,True
"bistable, no memory",0.28,0,0.011328720542356261,0.010517379813858597,0.02524259093998478,0.029650092100513625,-0.0007641609006779453,True
"bistable, no memory",0.28250000000000003,0,0.011507090095480944,0.01069238698124617,0.025758670544952973,0.030108145025587115,-0.0007643838626193513,True
"bistable, no memory",0.28500000000000003,0,0.011688387030591198,0.010870257150329554,0.026284725987765867,0.030573441715529316,-0.000764610483788239,True
"bistable, no memory",0.28750000000000003,0,0.011872663321941663,0.01105104234741636,0.026820944857258777,0.031046102324580608,-0.0007648408291524271,True
"bistable, no memory",0.29,0,0.012059971999106533,0.011234795630391566,0.02736751824557722,0.03152624919343463,-0.0007650749649988831,True
"bistable, no memory",0.2925,0,0.012250367172943845,0.01142157111510423,0.027924640814804818,0.03201400689592976,-0.0007653129589661798,True
"bistable, no memory",0.295,0,0.012443904062354915,0.011611424002513679,0.028492510864950575,0.032509502286989435,-0.0007655548800779435,True
"bistable, no memory",0.2975,0,0.012640639021869193,0.01180441060662665,0.029071330403329727,0.03301286455185475,-0.0007658007987773364,True
"bistable, no memory",0.3,0,0.012840629570085586,0.012000588383257555,0.029661305215372732,0.03352422525665357,-0.000766050786962607,True
"bistable, no memory",0.3025,0,0.013043934419002891,0.01220001595964559,0.03026264493689834,0.034043718400352384,-0.0007663049180237536,True
"bistable, no memory",0.305,0,0.013250613504273447,0.012402753164963639,0.030875563127888233,0.03457148046813944,-0.0007665632668803418,True
"bistable, no memory",0.3075,0,0.013460728016415919,0.01260886106175583,0.03150027734780241,0.03510765048629021,-0.0007668259100205198,True
"bistable, no memory",0.31,0,0.013674340433024054,0.012818401978341266,0.032137009232474596,0.03565237007856668,-0.00076709292554128,True
"bistable, no memory",0.3125,0,0.013891514552011115,0.01303143954222431,0.032785984572630746,0.03620578352420716,-0.0007673643931900137,True
"bistable, no memory",0.315,0,0.014112315525930147,0.013248038714552216,0.03344743339407275,0.03676803781756244,-0.0007676403944074126,True
"bistable, no memory",0.3175,0,0.014336809897413382,0.013468265825663878,0.03412159003957338,0.03733928272943944,-0.0007679210123717668,True
"bistable, no memory",0.32,0,0.014565065635775486,0.013692188611774842,0.03480869325252931,0.03791967087021516,-0.0007682063320447192,True
"bistable, no memory",0.3225,0,0.01479715217482732,0.013919876252845654,0.03550898626242046,0.03850935775478548,-0.0007684964402185341,True
"bistable, no memory",0.325,0,0.015033140451949756,0.014151399411683334,0.0362227168721273,0.039108501869418826,-0.0007687914255649371,True
"bistable, no memory",0.3275,0,0.015273102948478855,0.014386830274327531,0.036950137547158604,0.03971726474058536,-0.0007690913786855986,True
"bistable, no memory",0.33,0,0.015517113731456735,0.014626242591775841,0.03769150550684555,0.04033581100583774,-0.0007693963921643209,True
"bistable, no memory",0.3325,0,0.015765248496804475,0.01486971172310471,0.03844708281755885,0.040964308486821116,-0.0007697065606210057,True
"bistable, no memory",0.335,0,0.016017584613977003,0.015117314680045908,0.03921713648801034,0.041602928264495714,-0.0007700219807674713,True
"bistable, no memory",0.3375,0,0.01627420117216216,0.01536913017308074,0.040001938566701166,0.04225184475665774,-0.0007703427514652027,True
"bistable, no memory",0.34,0,0.016535179028089604,0.015625238659117472,0.040801766241582466,0.04291123579784894,-0.000770668973785112,True
"bistable, no memory",0.3425,0,0.01680060085551866,0.015885722390821016,0.041616901941997866,0.04358128272175037,-0.0007710007510693983,True
"bistable, no memory",0.34500000000000003,0,0.01707055119647726,0.01615066546766668,0.04244763344297917,0.044262170446158766,-0.0007713381889955966,True
"bistable, no memory",0.34750000000000003,0,0.01734511651432836,0.01642015388879413,0.0432942539719712,0.04495408756065094,-0.0007716813956429104,True
"bistable, no memory",0.35000000000000003,0,0.017624385248743796,0.016694275607741078,0.04415706231806476,0.04565722641704492,-0.0007720304815609297,True
"bistable, no memory",0.3525,0,0.017908447872669937,0.016973120589140696,0.04503636294382075,0.046371783222773515,-0.0007723855598408374,True
"bistable, no memory",0.355,0,0.01819739695137361,0.017256780867470633,0.04593246609977246,0.047097958137290535,-0.0007727467461892171,True
"bistable, no memory",0.3575,0,0.018491327203661916,0.017545350607946746,0.046845687941697765,0.047835955371637255,-0.0007731141590045774,True
"bistable, no memory",0.36,0,0.018790335565374044,0.017838926169658903,0.047776350650756944,0.04858598329130208,-0.0007734879194567176,True
"bistable, no memory",0.3625,0,0.019094521255248978,0.01813760617105209,0.048724782556598165,0.04934825452251462,-0.0007738681515690612,True
"bistable, no memory",0.365,0,0.019403985843278036,0.01844149155786091,0.049691318263535976,0.05012298606212107,-0.0007742549823040975,True
"bistable, no memory",0.3675,0,0.019718833321657636,0.018750685673611957,0.050676298779915724,0.05091039939119697,-0.000774648541652072,True
"bistable, no memory",0.37,0,0.020039170178464016,0.019065294332814824,0.051680071650782276,0.05171072059256179,-0.00077504896272308,True
"bistable, no memory",0.3725,0,0.02036510547417779,0.01938542589696857,0.05270299109397667,0.052524180472366615,-0.0007754563818427222,True
"bistable, no memory",0.375,0,0.02069675092119424,0.01971119135351832,0.053745418139793395,0.053351014685938246,-0.0007758709386514927,True
"bistable, no memory",0.3775,0,0.02103422096646239,0.020042704397903833,0.05480772077433669,0.05419146386807124,-0.0007762927762080781,True
"bistable, no memory",0.38,0,0.02137763287740408,0.02038008151884985,0.05589027408672276,0.05504577376797037,-0.0007767220410967551,True
"bistable, no memory",0.3825,0,0.02172710683127318,0.02072344208705689,0.05699346042028315,0.05591419538905726,-0.0007771588835390914,True
"bistable, no memory",0.385,0,0.022082766008124165,0.021072908447460164,0.05811766952793394,0.05679698513386759,-0.0007776034575101552,True
"bistable, no memory",0.3875,0,0.02244473668756937,0.021428606015234077,0.059263298731884566,0.05769440495427707,-0.0007780559208594616,True
"bistable, no memory",0.39,0,0.022813148349514506,0.02179066337573024,0.06043075308787079,0.058606722507308584,-0.0007785164354368931,True
"bistable, no memory",0.3925,0,0.023188133779073708,0.02215921238854813,0.061620445554107464,0.05953421131678769,-0.0007789851672238421,True
"bistable, no memory",0.395,0,0.023569829175877008,0.022534388295949215,0.06283279716516847,0.06047715094112848,-0.0007794622864698462,True
"bistable, no memory",0.3975,0,0.023958374267996685,0.022916329835838734,0.06406823721101482,0.06143582714754958,-0.0007799479678349959,True
"bistable, no memory",0.4,0,0.02435391243073197,0.023305179359552126,0.0653272034214044,0.06241053209303659,-0.0007804423905384149,True
"bistable, no memory",0.4025,0,0.024756590810507073,0.02370108295469845,0.06661014215593322,0.06340156451238697,-0.0007809457385131339,True
"bistable, no memory",0.405,0,0.025166560454153213,0.024104190573328726,0.0679175085999727,0.0644092299136945,-0.0007814582005676914,True
"bistable, no memory",0.40750000000000003,0,0.02558397644386185,0.024514656165713255,0.06924976696678523,0.06543384078164971,-0.0007819799705548273,True
"bistable, no memory",0.41000000000000003,0,0.026008998038115592,0.024932637820031314,0.07060739070611957,0.06647571678905993,-0.0007825112475476444,True
"bistable, no memory",0.41250000000000003,0,0.02644178881892171,0.025358297908294577,0.07199086271960534,0.06753518501701343,-0.0007830522360236521,True
"bistable, no memory",0.41500000000000004,0,0.026882516845695197,0.025791803238847544,0.07340067558329011,0.0686125801841425,-0.0007836031460571189,True
"bistable, no memory",0.4175,0,0.027331354816160627,0.026233325215810243,0.07483733177768385,0.06970824488546747,-0.0007841641935202008,True
"bistable, no memory",0.42,0,0.02778848023466622,0.026683040005852334,0.0763013439257011,0.07082252984133493,-0.0007847356002933328,True
"bistable, no memory",0.4225,0,0.02825407558833018,0.027141128712714152,0.07779323503891847,0.07195579415699695,-0.0007853175944854127,True
"bistable, no memory",0.425,0,0.028728328531467506,0.027607777559917897,0.07931353877259395,0.07310840559341436,-0.0007859104106643345,True
"bistable, no memory",0.4275,0,0.029211432078775898,0.028083178082142456,0.08086279968992634,0.07428074084990545,-0.0007865142900984699,True
"bistable, no memory",0.43,0,0.029703584807792546,0.028567527325767828,0.08244157353606732,0.07547318585930328,-0.0007871294810097406,True
"bistable, no memory",0.4325,0,0.030204991071168807,0.029061028059130214,0.08405042752243527,0.07668613609633002,-0.000787756238838961,True
"bistable, no memory",0.435,0,0.030715861219348495,0.02956388899306692,0.08568994062192051,0.07791999689994471,-0.0007883948265241856,True
"bistable, no memory",0.4375,0,0.031236411834277118,0.03007632501237137,0.08736070387561531,0.0791751838104747,-0.0007890455147928463,True
"bistable, no memory",0.44,0,0.03176686597481419,0.030598557418822777,0.0890633207117487,0.08045212292239612,-0.0007897085824685177,True
"bistable, no memory",0.4425,0,0.032307453434569464,0.03113081418650332,0.09079840727755711,0.0817512512536912,-0.0007903843167932118,True
"bistable, no memory",0.445,0,0.03285841101293731,0.0316733302301681,0.09256659278487928,0.08307301713277686,-0.0007910730137661717,True
"bistable, no memory",0.4475,0,0.03341998280016023,0.03222634768748953,0.09436851987032194,0.08441788060407057,-0.0007917749785002002,True
"bistable, no memory",0.45,0,0.03399242047731538,0.032790116216059845,0.09620484497091156,0.0857863138533383,-0.0007924905255966442,True
"bistable, no memory",0.4525,0,0.034575983632185156,0.033364893306101796,0.09807623871621564,0.08717880165405364,-0.0007932199795402313,True
"bistable, no memory",0.455,0,0.03517094009204774,0.03395094460991137,0.09998338633800073,0.08859584183609115,-0.0007939636751150596,True
"bistable, no memory",0.4575,0,0.03577756627450249,0.034548544289134904,0.1019269880985736,0.09003794577817541,-0.0007947219578431281,True
"bistable, no memory",0.46,0,0.03639614755753384,0.03515797538107007,0.10390775973904995,0.09150563892561822,-0.0007954951844469173,True
"bistable, no memory",0.4625,0,0.03702697867011273,0.03577953018527477,0.1059264329488963,0.09299946133499584,-0.0007962837233376409,True
"bistable, no memory",0.465,0,0.0376703641047387,0.036413510671870895,0.10798375585819997,0.09451996824754744,-0.0007970879551309235,True
"bistable, no memory",0.4675,0,0.03832661855344073,0.037060228913043156,0.11008049355424772,0.09606773069321915,-0.0007979082731918008,True
"bistable, no memory",0.47000000000000003,0,0.03899606736887963,0.037720007539356705,0.11221742862412472,0.0976433361274331,-0.0007987450842110996,True
"bistable, no memory",0.47250000000000003,0,0.039679047052332425,0.03839318022265309,0.11439536172519559,0.09924738910283241,-0.0007995988088154156,True
"bistable, no memory",0.47500000000000003,0,0.04037590577048926,0.039080092187432296,0.11661511218548774,0.10088051197843782,-0.0008004698822131115,True
"bistable, no memory",0.47750000000000004,0,0.041087003903159294,0.039781100752792745,0.11887751863617765,0.10254334566885907,-0.0008013587548789491,True
"bistable, no memory",0.48,0,0.04181271462416361,0.040496575907180254,0.12118343967857466,0.10423655043642703,-0.0008022658932802045,True
"bistable, no memory",0.4825,0,0.04255342451789386,0.04122690091839523,0.12353375458821332,0.1059608067293619,-0.0008031917806473673,True
"bistable, no memory",0.485,0,0.04330953423423592,0.04197247298152547,0.1259293640589023,0.10771681606936409,-0.0008041369177927949,True
"bistable, no memory",0.4875,0,0.04408145918480262,0.04273370390771321,0.12837119098984298,0.1095053019923173,-0.0008051018239810032,True
"bistable, no memory",0.49,0,0.04486963028368757,0.04351102085693036,0.13086018131921637,0.11132701104612108,-0.0008060870378546095,True
"bistable, no memory",0.4925,0,0.04567449473625307,0.04430486711823258,0.13339730490796672,0.11318271385004375,-0.0008070931184203164,True
"bistable, no memory",0.495,0,0.046496516879793226,0.04511570294128717,0.13598355647785765,0.11507320622038517,-0.0008081206460997415,True
"bistable, no memory",0.4975,0,0.04733617908028291,0.04594400642333463,0.13861995660828108,0.1169993103676963,-0.0008091702238503536,True
"bistable, no memory",0.5,0,0.048193982689830106,0.04679027445614573,0.14130755279673465,0.11896187617129818,-0.0008102424783622877,True
"bistable, no memory",0.5025000000000001,0,0.04907044906990431,0.04765502373798505,0.1440474205883754,0.12096178253740088,-0.0008113380613373803,True
"bistable, no memory",0.505,0,0.04996612068592003,0.04853879185609236,0.1468406647806038,0.12299993884774169,-0.0008124576508574,True
"bistable, no memory",0.5075000000000001,0,0.05088156227932131,0.049442138445752834,0.14968842070924493,0.1250772865063542,-0.0008136019528491516,True
"bistable, no memory",0.51,0,0.051817362123944624,0.05036564643265057,0.1525918556235716,0.1271948005928481,-0.0008147717026549308,True
"bistable, no memory",0.5125,0,0.05277413337414935,0.05130992336590286,0.15555217015818718,0.12935349163144833,-0.0008159676667176866,True
"bistable, no memory",0.515,0,0.05375251551299837,0.05227560284995593,0.1585705999106348,0.1315544074860044,-0.0008171906443912479,True
"bistable, no memory",0.5175,0,0.05475317590966952,0.05326334608440994,0.16164841713457465,0.13379863539227388,-0.0008184414698870869,True
"bistable, no memory",0.52,0,0.05577681149628497,0.054273843521834175,0.1647869325594502,0.1360873041400024,-0.0008197210143703562,True
"bistable, no memory",0.5225,0,0.056824150575485094,0.05530781665475892,0.16798749734879426,0.13842158641870367,-0.0008210301882193565,True
"bistable, no memory",0.525,0,0.05789595477136136,0.056366019944301744,0.17125150521071347,0.14080270134260228,-0.0008223699434642018,True
"bistable, no memory",0.5275,0,0.05899302113781803,0.05744924290432272,0.1745803946756507,0.14323191717195574,-0.0008237412764222726,True
"bistable, no memory",0.53,0,0.06011618444009506,0.058558312356644694,0.1779756515583227,0.14571055424998577,-0.0008251452305501188,True
"bistable, no memory",0.5325,0,0.06126631962706215,0.059694094874727786,0.18143881162273695,0.1482399881769024,-0.0008265828995338275,True
"bistable, no memory",0.535,0,0.0624443445140504,0.060857499435316445,0.18497146347151888,0.1508216532451075,-0.0008280554306425629,True
"bistable, no memory",0.5375,0,0.06365122269844042,0.0620494802999986,0.1885752516834064,0.1534570461626063,-0.0008295640283730504,True
"bistable, no memory",0.54,0,0.06488796673304675,0.06327104015139987,0.19225188022579903,0.15614773009504465,-0.0008311099584163084,True
"bistable, no memory",0.5425,0,0.06615564158556927,0.06452323351192653,0.19600311617271055,0.15889533906066045,-0.0008326945519819616,True
"bistable, no memory",0.545,0,0.06745536841611366,0.06580717047665254,0.1998307937624735,0.16170158271690702,-0.0008343192105201419,True
"bistable, no memory",0.5475,0,0.06878832870908133,0.06712402079618951,0.20373681883414071,0.16456825158264107,-0.0008359854108863516,True
"bistable, no memory",0.55,0,0.07015576880071928,0.06847501835030276,0.20772317368687293,0.16749722274573123,-0.000837694711000899,True
"bistable, no memory",0.5525,0,0.07155900484940225,0.06986146605874408,0.21179192241277064,0.1704904661128311,-0.0008394487560617528,True
"bistable, no memory",0.555,0,0.0729994283024708,0.07128474128243388,0.21594521676082815,0.17355005126610518,-0.0008412492853780884,True
"bistable, no memory",0.5575,0,0.07447851192132243,0.07274630177589637,0.22018530259807445,0.17667815500105438,-0.000843098139901653,True
"bistable, no memory",0.56,0,0.07599781643569944,0.07424769226097643,0.22451452704383115,0.17987706963057226,-0.0008449972705446244,True
"bistable, no memory",0.5625,0,0.07755899790898341,0.07579055170258965,0.2289353463645788,0.18314921215324645,-0.0008469487473862292,True
"bistable, no memory",0.5650000000000001,0,0.07916381590914504,0.07737662137992725,0.23345033473058713,0.1864971343991274,-0.0008489547698864313,True
"bistable, no memory",0.5675,0,0.08081414259520481,0.07900775386154224,0.23806219395161715,0.18992353428416928,-0.0008510176782440059,True
"bistable, no memory",0.5700000000000001,0,0.08251197284716252,0.08068592301060669,0.24277376432823167,0.193431268325931,-0.0008531399660589531,True
"bistable, no memory",0.5725,0,0.08425943558896465,0.08241323516795329,0.24758803677815666,0.1970233655986105,-0.0008553242944862057,True
"bistable, no memory",0.5750000000000001,0,0.08605880648002262,0.08419194168611316,0.2525081664246386,0.2007030433360463,-0.0008575735081000282,True
"bistable, no memory",0.5775,0,0.0879125221820434,0.08602445301839295,0.2575374878667983,0.20447372442806958,-0.0008598906527275543,True
"bistable, no memory",0.58,0,0.08982319644578812,0.08791335460438257,0.26267953239201813,0.20833905710005426,-0.0008622789955572351,True
"bistable, no memory",0.5825,0,0.09179363830842,0.08986142483871207,0.2679380474390122,0.21230293711951356,-0.0008647420478855249,True
"bistable, no memory",0.585,0,0.09382687274844706,0.09187165546546411,0.27331701867968244,0.21636953293958636,-0.0008672835909355588,True
"bistable, no memory",0.5875,0,0.09592616421455438,0.09394727480900304,0.2788206951608663,0.2205433142702887,-0.000869907705268193,True
"bistable, no memory",0.59,0,0.09809504353036122,0.09609177433656503,0.28445361803733704,0.22482908466854323,-0.0008726188044129514,True
"bistable, no memory",0.5925,0,0.10033733878387172,0.09830893915324153,0.29022065353963117,0.22923201886246744,-0.0008754216734798396,True
"bistable, no memory",0.595,0,0.1026572109441393,0.1006028831619252,0.2961270309607381,0.23375770568115717,-0.0008783215136801741,True
"bistable, no memory",0.5975,0,0.10505919511644429,0.10297808978727059,0.30217838662272806,0.23841219765745933,-0.0008813239938955553,True
"bistable, no memory",0.6,0,0.10754824856184234,0.10543945937435523,0.308380815009178,0.24320206862035298,-0.0008844353107023029,True
"bistable, no memory",0.6025,0,0.11012980688186991,0.10799236464389735,0.3147409285369585,0.24813448091231016,-0.0008876622586023372,True
"bistable, no memory",0.605,0,0.11280985012445888,0.11064271593628536,0.3212659278122445,0.25321726427829117,-0.0008910123126555735,True
"bistable, no memory",0.6075,0,0.11559498103036828,0.11339703843356946,0.32796368469920073,0.25845900900853336,-0.0008944937262879603,True
"bistable, no memory",0.61,0,0.11849251824941368,0.11626256415014048,0.33484284116572494,0.2638691766213344,-0.0008981156478117671,True
"bistable, no memory",0.6125,0,0.12151060816737433,0.11924734228322335,0.34191292771571485,0.26945823230737387,-0.0009018882602092178,True
"bistable, no memory",0.615,0,0.12465836007661812,0.12236037259136566,0.34918450635307313,0.27523780461388836,-0.0009058229500957727,True
"bistable, no memory",0.6175,0,0.1279460109112885,0.12561176793627832,0.35666934456784366,0.28122087955642233,-0.0009099325136391106,True
"bistable, no memory",0.62,0,0.13138512782184913,0.12901295414879074,0.3643806289652118,0.2874220387021092,-0.0009142314097773113,True
"bistable, no memory",0.6225,0,0.1349888597408011,0.13257691821661924,0.37233323013812275,0.2938577540637138,-0.0009187360746760014,True
"bistable, no memory",0.625,0,0.13877225318598152,0.13631851982905846,0.380544034619699,0.3005467573261368,-0.0009234653164824769,True
"bistable, no memory",0.6275000000000001,0,0.14275265347833982,0.14025488716116682,0.3890323658776323,0.30751050769824606,-0.0009284408168479248,True
"bistable, no memory",0.63,0,0.14695022130880353,0.144405926414828,0.3978205253464607,0.3147737926660074,-0.0009336877766360043,True
"bistable, no memory",0.6325000000000001,0,0.15138860780368707,0.148794987663,0.40693449810554233,0.3223655109623166,-0.0009392357597546088,True
"bistable, no memory",0.635,0,0.15609585166604167,0.15344974968331368,0.41640488882174553,0.330319710279246,-0.0009451198145825521,True
"bistable, no memory",0.6375000000000001,0,0.16110559442075734,0.1584034184588129,0.42626818690349566,0.33867698905746174,-0.0009513819930259467,True
"bistable, no memory",0.64,0,0.16645876296176615,0.16369638644058132,0.4365685143385037,0.34748643189837414,-0.0009580734537022076,True
"bistable, no memory",0.6425,0,0.17220595887467416,0.16937858865931057,0.4473601021210774,0.3568083501984423,-0.0009652574485933426,True
"bistable, no memory",0.645,0,0.17841095374048038,0.1755129492299395,0.4587109044700938,0.3667182798662661,-0.0009730136921756005,True
"bistable, no memory",0.6475,0,0.18515598631854258,0.18218060424914534,0.4707080628619113,0.3773130222170628,-0.0009814449828981781,True
"bistable, no memory",0.65,0,0.19255014152448596,0.18948916274173488,0.4834665270062163,0.388720170873453,-0.0009906876769056074,True
"bistable, no memory",0.65,1,0.6182574612242064,0.6084289928777202,0.8640713142999465,0.8119892300636418,0.062068277891623946,False
"bistable, no memory",0.65,2,0.7089068741942379,0.697637347806593,0.9052909896056178,0.866563558548827,-0.0016361335927427975,True
"bistable, no memory",0.6525,0,0.20074332501266695,0.19758648349476216,0.4971433950787248,0.4011139524830709,-0.0010009291562658336,True
"bistable, no memory",0.6525,1,0.5744637101179293,0.5654298312055646,0.8416178395016357,0.7826056507922197,0.10004820143962867,False
"bistable, no memory",0.6525,2,0.738593080559838,0.7269781424222865,0.9175032600230718,0.8828291032264259,-0.0016732413506997976,True
"bistable, no memory",0.655,0,0.20995119538493767,0.2066852528400604,0.5119634278118911,0.4147434000097375,-0.001012438994231172,True
"bistable, no memory",0.655,1,0.5407232515583142,0.532311910679636,0.8229316161905281,0.7584286559526445,0.1175372755213322,False
"bistable, no memory",0.655,2,0.7572113267329008,0.7454323574209815,0.9248769619219246,0.892667264787035,-0.001696514158416126,True
"bistable, no memory",0.6575,0,0.22050378882174893,0.21711091482954575,0.5282686642688247,0.4299871212312512,-0.0010256297360271862,True
"bistable, no memory",0.6575,1,0.5100107035291008,0.5021632100189192,0.8047068811430673,0.7351434747900772,0.12454903616683621,False
"bistable, no memory",0.6575,2,0.7714569503047217,0.7595866045080372,0.9303763319927021,0.9000144847516364,-0.0017143211878809022,True
"bistable, no memory",0.66,0,0.23295287296331207,0.22940748456548188,0.5466276296577507,0.4474738113517693,-0.0010411910912041398,True
"bistable, no memory",0.66,1,0.47991347048592536,0.47260950540243324,0.7855616595510774,0.7110398876976395,0.12318439099436085,False
"bistable, no memory",0.66,2,0.7831907709342301,0.7712711262557324,0.9348153227322474,0.9059525698312749,-0.0017289884636677876,True
"bistable, no memory",0.6625,0,0.24835787527584613,0.2446193530871556,0.5681252474861893,0.46840208834290237,-0.0010604473440948075,True
"bistable, no memory",0.6625,1,0.4485368438688486,0.4417850348457345,0.7640496978310479,0.6844384671712336,0.1130819460245931,False
"bistable, no memory",0.6625,2,0.7932480614697364,0.7813073268518125,0.9385557568632217,0.9109626156685289,-0.0017415600768371704,True
"bistable, no memory",0.665,0,0.2693463870994671,0.26533641570423766,0.5954341636200844,0.49572210312739173,-0.0010866829838743338,True
"bistable, no memory",0.665,1,0.4127939571333161,0.406648369000304,0.7373015959730315,0.6521270459420472,0.0907779773939037,False
"bistable, no memory",0.665,2,0.8020880888706334,0.7901467729782553,0.9417948702976261,0.9153069285587688,-0.0017526101110882917,True
"bistable, no memory",0.6675,0,0.3106927560966969,0.3061181810318391,0.6434451782008225,0.5458574326267424,-0.0011383659451208708,True
"bistable, no memory",0.6675,1,0.357626401224438,0.35236078499916956,0.6903059921136483,0.5975213728730462,0.0337839126726287,False
"bistable, no memory",0.6675,2,0.8099949062851359,0.7980687109418477,0.9446536950071337,0.9191464765434662,-0.00176249363285642,True
"bistable, no memory",0.67,0,0.8171584219469625,0.8052598068899322,0.9472125602804944,0.9225880853312756,-0.001771448027433703,True
"bistable, no memory",0.6725,0,0.8237128661141799,0.8118519803052593,0.9495278575307384,0.9257067328328764,-0.0017796410826427247,True
"bistable, no memory",0.675,0,0.8297571711188287,0.8179424468860305,0.9516408823274866,0.928557310715378,-0.0017871964638985357,True
"bistable, no memory",0.6775,0,0.8353666770076891,0.8236052296324944,0.9535828911367548,0.9311813522093788,-0.001794208346259611,True
"bistable, no memory",0.68,0,0.8406002847587668,0.8288981926275544,0.9553781787207,0.93361112714152,-0.0018007503559484585,True
"bistable, no memory",0.6825,0,0.8455050479722233,0.8338675557111989,0.9570460457111594,0.935872260462388,-0.001806881309965279,True
"bistable, no memory",0.685,0,0.8501192407876359,0.8385509107056385,0.9586021082104837,0.9379854752643834,-0.0018126490509845449,True
"bistable, no memory",0.6875,0,0.854474477100281,0.842979304762609,0.9600591990780809,0.9399677924126191,-0.0018180930963753513,True
"bistable, no memory",0.6900000000000001,0,0.8585972162133557,0.8471787204164386,0.9614280059810503,0.9418333798193836,-0.0018232465202666947,True
"bistable, no memory",0.6925,0,0.8625098586574638,0.8511711526884372,0.9627175341575348,0.9435941683967528,-0.0018281373233218295,True
"bistable, no memory",0.6950000000000001,0,0.8662315605597208,0.8549754094852035,0.9639354491639204,0.9452603082465852,-0.001832789450699651,True
"bistable, no memory",0.6975,0,0.8697788500104509,0.858607717343933,0.9650883354368873,0.9468405127797466,-0.0018372235625130633,True
"bistable, no memory",0.7000000000000001,0,0.873166101154196,0.8620821873172598,0.9661818945365136,0.9483423225338546,-0.001841457626442745,True
"bistable, no memory",0.7025,0,0.8764059041149335,0.8654111784667966,0.9672210993506068,0.9497723103623764,-0.0018455073801436667,True
"bistable, no memory",0.705,0,0.8795093573733384,0.8686055851344169,0.968210315603017,0.9511362430959236,-0.0018493866967166728,True
"bistable, no memory",0.7075,0,0.8824863015408908,0.8716750666157276,0.9691533987193915,0.9524392103979783,-0.0018531078769261136,True
"bistable, no memory",0.71,0,0.885345508244815,0.874628232717154,0.970053771866359,0.9536857285586023,-0.0018566818853060186,True
"bistable, no memory",0.7125,0,0.8880948342044284,0.8774727951057795,0.9709144894292733,0.9548798249049502,-0.0018601185427555354,True
"bistable, no memory",0.715,0,0.8907413480125155,0.8802156918373971,0.9717382891002841,0.956025107051676,-0.001863426685015644,True
"bistable, no memory",0.7175,0,0.8932914352935626,0.8828631906375993,0.9725276349656534,0.9571248201719741,-0.001866614294116953,True
"bistable, no memory",0.72,0,0.8957508865704809,0.8854209751932266,0.9732847534127193,0.958181894713011,-0.0018696886082131012,True
"bistable, no memory",0.7225,0,0.8981249711834958,0.8878942177403287,0.9740116632586777,0.9591989864225982,-0.0018726562139793695,True
"bistable, no memory",0.725,0,0.9004184998678699,0.8902876405103385,0.9747102011919547,0.9601785101393114,-0.0018755231248348374,True
"bistable, no memory",0.7275,0,0.9026358780412311,0.8926055680497442,0.975382043382527,0.9611226684861185,-0.0018782948475515387,True
"bistable, no memory",0.73,0,0.904781151427702,0.8948519720122238,0.9760287239392654,0.9620334763701859,-0.0018809764392846275,True
"bistable, no memory",0.7325,0,0.9068580453201531,0.8970305097019171,0.9766516507554919,0.9629127820092472,-0.0018835725566501912,True
"bistable, no memory",0.735,0,0.9088699985290365,0.8991445573979969,0.9772521191778912,0.9637622850637347,-0.0018860874981612955,True
"bistable, no memory",0.7375,0,0.9108201928683384,0.9011972392961927,0.977831323851099,0.9645835523435714,-0.001888525241085423,True
"bistable, no memory",0.74,0,0.9127115788731528,0.9031914527495762,0.978390369025081,0.9653780314717219,-0.0018908894735914408,True
"bistable, no memory",0.7425,0,0.9145468983193823,0.9051298903690778,0.9789302775607138,0.9661470628177546,-0.001893183622899228,True
"bistable, no memory",0.745,0,0.9163287040169523,0.907015059446794,0.9794519988277108,0.9668918899597199,-0.0018954108800211904,True
"bistable, no memory",0.7475,0,0.9180593772680927,0.9088492990867124,0.9799564156558538,0.9676136688884852,-0.0018975742215851159,True
"bistable, no memory",0.75,0,0.9197411433176212,0.9106347953639815,0.9804443504736875,0.9683134761329792,-0.0018996764291470264,True
"bistable, no memory",0.7525000000000001,0,0.9213760850695123,0.9123735947821271,0.9809165707470197,0.9689923159557636,-0.0019017201063368902,True
"bistable, no memory",0.755,0,0.9229661553009219,0.9140676162552581,0.9813737938117468,0.9696511267446293,-0.0019037076941261523,True
"bistable, no memory",0.7575000000000001,0,0.924513187569356,0.9157186618074429,0.9818166911808767,0.9702907867064116,-0.001905641484461695,True
"bistable, no memory",0.76,0,0.9260189059793043,0.9173284261525955,0.9822458923935112,0.970912118953119,-0.00190752363247413,True
"bistable, no memory",0.7625000000000001,0,0.9274849339502746,0.9188985052942464,0.9826619884635255,0.9715158960571119,-0.0019093561674378432,True
"bistable, no memory",0.765,0,0.9289128021077873,0.9204304042645649,0.9830655349773015,0.9721028441409305,-0.0019111410026347341,True
"bistable, no memory",0.7675000000000001,0,0.9303039554018322,0.9219255441052406,0.9834570548828797,0.9726736465580657,-0.0019128799442522902,True
"bistable, no memory",0.77,0,0.9316597595429059,0.923385268178707,0.9838370410070035,0.9732289472131243,-0.0019145746994286322,True
"bistable, no memory",0.7725,0,0.9329815068336238,0.9248108478862791,0.9842059583315685,0.9737693535632522,-0.0019162268835420297,True
"bistable, no memory",0.775,0,0.9342704214635991,0.9262034878596601,0.9845642460567879,0.9742954393370763,-0.0019178380268294987,True
"bistable, no memory",0.7775,0,0.9355276643265218,0.9275643306836748,0.9849123194748064,0.9748077470026869,-0.0019194095804081523,True
"bistable, no memory",0.78,0,0.9367543374108944,0.9288944612007343,0.9852505716744598,0.9753067900121261,-0.001920942921763618,True
"bistable, no memory",0.7825,0,0.9379514878094748,0.9301949104412585,0.9855793750952687,0.9757930548463911,-0.0019224393597618433,True
"bistable, no memory",0.785,0,0.9391201113869625,0.9314666592188585,0.9858990829465138,0.9762670028819871,-0.0019239001392337032,True
"bistable, no memory",0.7875,0,0.9402611561407366,0.9327106414244434,0.9862100305053311,0.9767290720975093,-0.0019253264451759209,True
"bistable, no memory",0.79,0,0.9413755252853335,0.9339277470493702,0.9865125363060895,0.9771796786365292,-0.0019267194066066667,True
"bistable, no memory",0.7925,0,0.942464080087817,0.9351188249642804,0.9868069032318924,0.9776192182411506,-0.0019280801001097712,True
"bistable, no memory",0.795,0,0.9435276424780876,0.936284685477226,0.9870934195177817,0.9780480675689431,-0.0019294095530976094,True
"bistable, no memory",0.7975,0,0.9445669974555044,0.9374261026920507,0.9873723596741556,0.978466585404525,-0.0019307087468193804,True
"bistable, no memory",0.8,0,0.9455828953108267,0.9385438166856841,0.9876439853379492,0.9788751137758045,-0.0019319786191385332,True
"bistable, no memory",0.8025,0,0.9465760536804395,0.9396385355209855,0.987908546058312,0.9792739789837975,-0.0019332200671005493,True
"bistable, no memory",0.805,0,0.9475471594480118,0.9407109371100074,0.9881662800227876,0.9796634925539727,-0.0019344339493100149,True
"bistable, no memory",0.8075,0,0.9484968705071539,0.9417616709409815,0.9884174147293602,0.9800439521162307,-0.0019356210881339424,True
"bistable, no memory",0.81,0,0.9494258173972423,0.9427913596809688,0.9886621676091792,0.9804156422198851,-0.001936782271746553,True
"bistable, no memory",0.8125,0,0.9503346048233401,0.9438006006648908,0.9889007466042775,0.9807788350893506,-0.001937918256029175,True
"bistable, no memory",0.8150000000000001,0,0.9512238130700548,0.9447899672805979,0.9891333507041565,0.9811337913256715,-0.0019390297663375684,True
"bistable, no memory",0.8175,0,0.9520939993182005,0.9457600102586698,0.9893601704447353,0.9814807605585061,-0.0019401174991477504,True
"bistable, no memory",0.8200000000000001,0,0.9529456988722715,0.9467112588748033,0.9895813883728052,0.9818199820527278,-0.0019411821235903392,True
"bistable, no memory",0.8225,0,0.9537794263059749,0.9476442220718924,0.9897971794788402,0.9821516852734063,-0.0019422242828824687,True
"bistable, no memory",0.8250000000000001,0,0.9545956765323731,0.9485593895082298,0.9900077116007299,0.9824760904125615,-0.0019432445956654662,True
"bistable, no memory",0.8275,0,0.9553949258045946,0.9494572325376671,0.9902131458007668,0.9827934088807709,-0.0019442436572557433,True
"bistable, no memory",0.8300000000000001,0,0.9561776326525113,0.950338205127032,0.9904136367180036,0.983103843766424,-0.001945222040815639,True
"bistable, no memory",0.8325,0,0.9569442387603009,0.951202744715621,0.9906093328978967,0.9834075902651536,-0.0019461802984503762,True
"bistable, no memory",0.835,0,0.9576951697893672,0.952051273021158,0.9908003771009857,0.9837048360817527,-0.0019471189622367088,True
"bistable, no memory",0.8375,0,0.9584308361507099,0.9528841967962245,0.9909869065922005,0.9839957618066778,-0.0019480385451883873,True
"bistable, no memory",0.84,0,0.9591516337304604,0.95370190853881,0.991169053412244,0.9842805412690472,-0.0019489395421630753,True
"bistable, no memory",0.8425,0,0.9598579445720041,0.9545047871603335,0.9913469446323786,0.9845593418678865,-0.0019498224307150053,True
"bistable, no memory",0.845,0,0.9605501375177994,0.9552931986141828,0.9915207025938272,0.9848323248832175,-0.001950687671897249,True
"bistable, no memory",0.8475,0,0.9612285688137598,0.9560674964875878,0.9916904451328961,0.9850996457684479,-0.0019515357110171999,True
"bistable, no memory",0.85,0,0.9618935826788197,0.9568280225593878,0.9918562857928397,0.9853614544254071,-0.0019523669783485245,True
"bistable, no memory",0.8525,0,0.9625455118420931,0.9575751073260604,0.9920183340233959,0.9856178954632491,-0.001953181889802616,True
"bistable, no memory",0.855,0,0.9631846780498421,0.9583090704981847,0.9921766953688511,0.9858691084423549,-0.001953980847562302,True
"bistable, no memory",0.8575,0,0.9638113925442942,0.9590302214693305,0.9923314716454198,0.9861152281042687,-0.0019547642406803675,True
"bistable, no memory",0.86,0,0.964425956516185,0.9597388597592215,0.9924827611086666,0.9863563845886189,-0.001955532445645231,True
"bistable, no memory",0.8625,0,0.9650286615327663,0.9604352754328699,0.9926306586116355,0.9865927036379066,-0.0019562858269159575,True
"bistable, no memory",0.865,0,0.9656197899428693,0.9611197494972464,0.9927752557543033,0.9868243067909668,-0.0019570247374285864,True
"bistable, no memory",0.8675,0,0.9661996152605103,0.9617925542769359,0.9929166410249257,0.9870513115658501,-0.001957749519075638,True
"bistable, no memory",0.87,0,0.9667684025284029,0.962453953770123,0.9930548999338018,0.9872738316328173,-0.0019584605031605037,True
"bistable, no memory",0.8725,0,0.9673264086626419,0.963104203986141,0.9931901151399407,0.9874919769780804,-0.001959158010828302,True
"bistable, no memory",0.875,0,0.9678738827797346,0.9637435532657386,0.993322366571081,0.9877058540588833,-0.001959842353474668,True
"bistable, no memory",0.8775000000000001,0,0.9684110665070651,0.9643722425851274,0.9934517315374809,0.9879155659504679,-0.001960513833133831,True
"bistable, no memory",0.88,0,0.968938194277803,0.9649905058448015,0.9935782848398632,0.9881212124854306,-0.001961172742847254,True
"bistable, no memory",0.8825000000000001,0,0.9694554936111945,0.9655985701440469,0.993702098871874,0.9883228903859421,-0.001961819367013993,True
"bistable, no memory",0.885,0,0.9699631853791086,0.9661966560419959,0.9938232437173892,0.9885206933892638,-0.0019624539817238856,True
"bistable, no memory",0.8875000000000001,0,0.9704614840596477,0.9667849778060192,0.9939417872429762,0.988714712366968,-0.0019630768550745596,True
"bistable, no memory",0.89,0,0.9709505979785815,0.9673637436482005,0.994057795185801,0.988905035438238,-0.0019636882474732267,True
"bistable, no memory",0.8925000000000001,0,0.9714307295393079,0.9679331559505788,0.994171331237247,0.9890917480776003,-0.001964288411924135,True
"bistable, no memory",0.895,0,0.9719020754419949,0.9684934114798034,0.9942824571224955,0.9892749332174126,-0.001964877594302494,True
"bistable, no memory",0.8975,0,0.9723648268925189,0.9690447015918005,0.9943912326763011,0.9894546713454166,-0.0019654560336156484,True
"bistable, no memory",0.9,0,0.9728191698017741,0.9695872124270173,0.9944977159151794,0.9896310405976353,-0.0019660239622522175,True
"bistable, no memory",0.9025,0,0.9732652849758814,0.970121125096759,0.994601963106208,0.989804116846882,-0.0019665816062198515,True
"bistable, no memory",0.905,0,0.9737033482978059,0.9706466158611162,0.9947040288326339,0.9899739737871291,-0.0019671291853722572,True
"bistable, no memory",0.9075,0,0.9741335309008412,0.9711638562989354,0.9948039660564599,0.9901406830139666,-0.0019676669136260514,True
"bistable, no memory",0.91,0,0.9745559993344095,0.9716730134702669,0.9949018261781797,0.9903043141013672,-0.0019681949991680117,True
"bistable, no memory",0.9125,0,0.9749709157225812,0.97217425007169,0.9949976590938148,0.990464934674961,-0.0019687136446532266,True
"bistable, no memory",0.915,0,0.9753784379157004,0.97266772458489,0.9950915132493985,0.9906226104820091,-0.001969223047394625,True
"bistable, no memory",0.9175,0,0.9757787196354815,0.9731535914188476,0.9951834356930448,0.9907774054582531,-0.0019697233995443516,True
"bistable, no memory",0.92,0,0.9761719106139111,0.9736320010459651,0.995273472124728,0.9909293817918092,-0.001970214888267389,True
"bistable, no memory",0.9225,0,0.9765581567262789,0.974103100132449,0.9953616669438952,0.9910785999842601,-0.0019706976959078487,True
"bistable, no memory",0.925,0,0.9769376001186334,0.9745670316632364,0.9954480632950216,0.9912251189090938,-0.0019711720001482917,True
"bistable, no memory",0.9275,0,0.977310379329946,0.9750239350617419,0.9955327031112168,0.9913689958676265,-0.0019716379741624326,True
"bistable, no memory",0.93,0,0.9776766294092489,0.9754739463046899,0.9956156271559816,0.9915102866425385,-0.001972095786761561,True
"bistable, no memory",0.9325,0,0.978036482027997,0.9759171980322701,0.9956968750632065,0.9916490455491459,-0.0019725456025349963,True
"bistable, no memory",0.935,0,0.9783900655878843,0.9763538196538469,0.9957764853755022,0.9917853254845214,-0.0019729875819848555,True
"bistable, no memory",0.9375,0,0.978737505324345,0.9767839374494461,0.9958544955809455,0.9919191779745727,-0.0019734218816554313,True
"bistable, no memory",0.9400000000000001,0,0.9790789234059403,0.9772076746672158,0.9959309421483158,0.9920506532191812,-0.0019738486542574254,True
"bistable, no memory",0.9425,0,0.9794144390298318,0.9776251516170579,0.9960058605608997,0.9921798001354933,-0.0019742680487872897,True
"bistable, no memory",0.9450000000000001,0,0.9797441685135284,0.9780364857606131,0.9960792853489302,0.9923066663994595,-0.0019746802106419105,True
"bistable, no memory",0.9475,0,0.9800682253830799,0.9784417917977696,0.9961512501207279,0.9924312984857013,-0.00197508528172885,True
"bistable, no memory",0.9500000000000001,0,0.9803867204578851,0.978841181749859,0.9962217875926048,0.9925537417057899,-0.001975483400572356,True
"bistable, no memory",0.9525,0,0.9806997619322728,0.9792347650396938,0.9962909296175906,0.9926740402450112,-0.001975874702415341,True
"bistable, no memory",0.9550000000000001,0,0.9810074554539996,0.9796226485685886,0.9963587072130352,0.9927922371976874,-0.0019762593193174993,True
"bistable, no memory",0.9575,0,0.9813099041998115,0.9800049367905082,0.9964251505871419,0.9929083746011268,-0.0019766373802497642,True
"bistable, no memory",0.96,0,0.9816072089481958,0.9803817317834664,0.9964902891644773,0.9930224934682604,-0.0019770090111852446,True
"bistable, no memory",0.9625,0,0.9818994681494555,0.9807531333183042,0.9965541516105092,0.9931346338190307,-0.0019773743351868193,True
"bistable, no memory",0.965,0,0.9821867779932199,0.9811192389249596,0.9966167658552112,0.993244834710587,-0.001977733472491525,True
"bistable, no memory",0.9675,0,0.9824692324735091,0.9814801439563439,0.996678159115783,0.9933531342663431,-0.0019780865405918864,True
"bistable, no memory",0.97,0,0.9827469234514565,0.9818359416499257,0.996738357918518,0.9934595697039473,-0.0019784336543143205,True
"bistable, no memory",0.9725,0,0.9830199407157949,0.9821867231871272,0.996797388119864,0.9935641773622155,-0.0019787749258947437,True
"bistable, no memory",0.975,0,0.9832883720411965,0.982532577750619,0.9968552749267056,0.9936669927270702,-0.0019791104650514956,True
"bistable, no memory",0.9775,0,0.9835523032445674,0.9828735925796148,0.9969120429159078,0.9937680504565339,-0.0019794403790557094,True
"bistable, no memory",0.98,0,0.9838118182393745,0.9832098530232377,0.9969677160531496,0.9938673844048137,-0.001979764772799218,True
"bistable, no memory",0.9825,0,0.9840669990880955,0.9835414425920539,0.9970223177110787,0.9939650276455188,-0.0019800837488601194,True
"bistable, no memory",0.985,0,0.9843179260528652,0.9838684430078362,0.9970758706868186,0.9940610124940499,-0.001980397407566081,True
"bistable, no memory",0.9875,0,0.9845646776443961,0.9841909342516424,0.9971283972188516,0.9941553705291917,-0.0019807058470554953,True
"bistable, no memory",0.99,0,0.9848073306692424,0.9845089946102696,0.9971799190033083,0.9942481326139467,-0.0019810091633365528,True
"bistable, no memory",0.9925,0,0.9850459602754791,0.9848227007211594,0.9972304572096851,0.9943393289156403,-0.001981307450344349,True
"bistable, no memory",0.995,0,0.9852806399968532,0.9851321276158056,0.9972800324960159,0.9944289889253264,-0.0019816007999960664,True
"bistable, no memory",0.9975,0,0.9855114417954789,0.9854373487617374,0.9973286650235181,0.9945171414765268,-0.0019818893022443486,True
"bistable, no memory",1.0,0,0.9857384361031261,0.9857384361031261,0.9973763744707371,0.9946038147633272,-0.0019821730451289074,True
bistable + memory,0.0,0,0.002065321079727394,0.0,0.0020653210797273937,0.0054886299075283165,-0.000747527157075648,True
bistable + memory,0.0025,0,0.002097193113076574,0.00016169569106218765,0.002120736500166379,0.005573035415716244,-0.0007474865993371845,True
bistable + memory,0.005,0,0.0021295750769899976,0.00030553444433142,0.0021773861858068013,0.005658782202731574,-0.0007474452683936931,True
bistable + memory,0.0075,0,0.002162474680706704,0.0004351055695586929,0.0022352950614776706,0.00574589024492991,-0.0007474031637772109,True
bistable + memory,0.01,0,0.0021958999786888013,0.0005531234203246351,0.0022944887466792505,0.0058343804167820135,-0.0007473602762535493,True
bistable + memory,0.0125,0,0.0022298593200330624,0.0006616793234519474,0.00235499352092079,0.0059242743561091615,-0.0007473165928718412,True
bistable + memory,0.015,0,0.002264361315630275,0.0007624112173839309,0.002416836304567505,0.006015594376353502,-0.0007472720987049376,True
bistable + memory,0.0175,0,0.0022994148166945814,0.0008566207406525848,0.002480044649710458,0.0061083634089716425,-0.0007472267775617495,True
bistable + memory,0.02,0,0.002335028900791349,0.0009453558302798984,0.002544646737731828,0.006202604965685152,-0.0007471806123142968,True
bistable + memory,0.0225,0,0.002371212862943053,0.0010294701286294007,0.0026106713814880163,0.006298343114168899,-0.0007471335850593824,True
bistable + memory,0.025,0,0.002407976210259714,0.0011096664563408822,0.0026781480307800434,0.006395602463057037,-0.0007470856772014288,True
bistable + memory,0.0275,0,0.0024453286590735727,0.0011865291243850595,0.0027471067802401945,0.006494408153560158,-0.0007470368694944101,True
bistable + memory,0.03,0,0.0024832801338940886,0.0012605482913167962,0.002817578379053847,0.00659478585587892,-0.0007469871420609829,True
bistable + memory,0.0325,0,0.002521840767716269,0.001332138560760321,0.0028895942421225886,0.006696761769174736,-0.0007469364743980752,True
bistable + memory,0.035,0,0.0025610209033584885,0.0014016533482024566,0.0029631864623983067,0.006800362624237485,-0.0007468848453739273,True
bistable + memory,0.0375,0,0.0026008310956018715,0.001469396099210097,0.003038387824200879,0.006905615688244553,-0.0007468322332194396,True
bistable + memory,0.04,0,0.0026412821139691024,0.001535629136028548,0.003115231817389116,0.00701254877117985,-0.000746778615515499,True
bistable + memory,0.0425,0,0.002682384946025954,0.0016005806978743847,0.0031937526522940627,0.007121190233601877,-0.0007467239691773006,True
bistable + memory,0.045,0,0.0027241508011210435,0.00166445059131632,0.003273985275351886,0.007231568995535201,-0.0007466682704363107,True
bistable + memory,0.0475,0,0.0027665911145023482,0.0017274147609446142,0.0033559653853938464,0.0073437145463207745,-0.0007466114948202607,True
bistable + memory,0.05,0,0.0028097175517655323,0.0017896290138633966,0.003439729450565398,0.007457656955304145,-0.000746553617131436,True
bistable + memory,0.0525,0,0.002853542013601525,0.001851232075552426,0.0035253147258576542,0.007573426883273466,-0.0007464946114234131,True
bistable + memory,0.055,0,0.002898076640819789,0.0019123481133183971,0.0036127592712425953,0.007691055594582924,-0.000746434450976353,True
bistable + memory,0.0575,0,0.002943333819630559,0.0019730888327456385,0.003702101970409743,0.007810574969915305,-0.0007463731082708915,True
bistable + memory,0.06,0,0.0029893261871746565,0.0020335552293705146,0.003793382550107161,0.00793201751965138,-0.0007463105549606628,True
bistable + memory,0.0625,0,0.003036066637293459,0.0020938390602023857,0.0038866416000935427,0.008055416397824323,-0.0007462467618434467,True
bistable + memory,0.065,0,0.003083568326534754,0.0021540240862413652,0.003981920593711368,0.00818080541664549,-0.0007461816988309335,True
bistable + memory,0.0675,0,0.0031318446803928132,0.002214187126750614,0.004079261909093991,0.008308219061594846,-0.0007461153349170724,True
bistable + memory,0.07,0,0.0031809093997830227,0.0022743989579653893,0.0041787088510217745,0.00843769250707434,-0.0007460476381449696,True
bistable + memory,0.0725,0,0.003230776467753039,0.002334725082602495,0.004280305673444432,0.008569261632626921,-0.000745978575572284,True
bistable + memory,0.075,0,0.0032814601564340132,0.0023952263915576737,0.004384097602688758,0.008702963039727727,-0.0007459081132350719,True
bistable + memory,0.0775,0,0.0033329750342364134,0.002455959735234819,0.004490130861372446,0.008838834069156672,-0.0007458362161100147,True
bistable + memory,0.08,0,0.0033853359732962185,0.0025169784188075976,0.004598452693046481,0.00897691281896461,-0.0007457628480749654,True
bistable + memory,0.0825,0,0.003438558157178153,0.0025783326331942527,0.004709111387590126,0.009117238163047603,-0.0007456879718677426,True
bistable + memory,0.085,0,0.0034926570888433976,0.0026400698314956762,0.004822156307383982,0.009259849770345689,-0.0007456115490430825,True
bistable + memory,0.08750000000000001,0,0.0035476485988901454,0.0027022350590022873,0.004937637914288188,0.009404788124684727,-0.0007455335399276805,True
bistable + memory,0.09,0,0.003603548854076076,0.0027648712435366313,0.005055607797454391,0.009552094545281742,-0.0007454539035732193,True
bistable + memory,0.0925,0,0.003660374366132489,0.002828019451804178,0.005176118702001532,0.009701811207935663,-0.0007453725977072952,True
bistable + memory,0.095,0,0.003718142000880725,0.002891719116526147,0.005299224558587289,0.009853981166927532,-0.0007452895786821309,True
bistable + memory,0.0975,0,0.003776868987661968,0.00295600823838685,0.005424980513908358,0.010008648377655282,-0.0007452048014209797,True
bistable + memory,0.1,0,0.00383657292909252,0.0030209235662145826,0.005553442962164797,0.010165857720030593,-0.0007451182193620932,True
bistable + memory,0.10250000000000001,0,0.0038972718111571023,0.003086500758304833,0.005684669577525084,0.010325655022666322,-0.0007450297844001387,True
bistable + memory,0.105,0,0.003958984013653697,0.0031527745273692695,0.0058187193476305875,0.010488087087885282,-0.0007449394468249326,True
bistable + memory,0.1075,0,0.00402172832100404,0.003219778771237641,0.005955652608179976,0.01065320171758249,-0.0007448471552573564,True
bistable + memory,0.11,0,0.004085523933444763,0.003287546691140629,0.006095531078636052,0.010821047739975009,-0.0007447528565823068,True
bistable + memory,0.1125,0,0.00415039047861503,0.00335611089914962,0.006238417899099803,0.010991675037275514,-0.0007446564958785282,True
bistable + memory,0.115,0,0.0042163480235572134,0.003425503516136203,0.006384377668398307,0.01116513457432721,-0.0007445580163451679,True
bistable + memory,0.11750000000000001,0,0.004283417087148288,0.003495756261433747,0.00653347648343591,0.011341478428240355,-0.0007444573592248692,True
bistable + memory,0.12,0,0.004351618652980366,0.003566900535229808,0.006685781979860171,0.01152075981907234,-0.0007443544637232433,True
bistable + memory,0.1225,0,0.004420974182709883,0.0036389674945873393,0.006841363374096862,0.0117030331415957,-0.0007442492669244973,True
bistable + memory,0.125,0,0.004491505629896008,0.0037119881238809986,0.007000291506811026,0.01188835399820083,-0.0007441417037030398,True
bistable + memory,0.1275,0,0.004563235454349826,0.003785993300339045,0.007162638887853826,0.012076779232982364,-0.0007440317066308275,True
bistable + memory,0.13,0,0.004636186637017271,0.003861013855299457,0.007328479742758352,0.012268366967061529,-0.0007439192058802288,True
bistable + memory,0.1325,0,0.004710382695419686,0.003937080631718079,0.0074978900608502815,0.012463176635198499,-0.000743804129122169,True
bistable + memory,0.135,0,0.004785847699677454,0.004014224538406066,0.007670947645043121,0.012661269023752673,-0.000743686401419276,True
bistable + memory,0.1375,0,0.004862606289143416,0.00409247660142139,0.007847732163391224,0.012862706310051342,-0.0007435659451137744,True
bistable + memory,0.14,0,0.004940683689674326,0.004171868012994002,0.008028325202477683,0.013067552103230868,-0.0007434426797098108,True
bistable + memory,0.14250000000000002,0,0.005020105731570039,0.004252430178325045,0.00821281032271815,0.013275871486617512,-0.0007433165217499291,True
bistable + memory,0.145,0,0.005100898868211913,0.004334194760566817,0.008401273115666163,0.013487731061719318,-0.0007431873846853294,True
bistable + memory,0.1475,0,0.005183090195433622,0.004417193724260924,0.008593801263410052,0.013703198993904027,-0.0007430551787395944,True
bistable + memory,0.15,0,0.005266707471659381,0.004501459377486651,0.008790484600156337,0.013922345059842198,-0.0007429198107654794,True
bistable + memory,0.1525,0,0.005351779138846767,0.004587024412950017,0.008991415176099958,0.014145240696799547,-0.0007427811840943899,True
bistable + memory,0.1525,1,0.7854109506457962,0.6731778556891045,0.8605648566327168,0.9070648102265216,0.0013611071318209472,False
bistable + memory,0.1525,2,0.8541468959790486,0.7320916208335249,0.9080463133196381,0.939819104483491,-0.0006638145597774206,True
bistable + memory,0.155,0,0.005438334344273134,0.004673921948224761,0.009196687323686796,0.014371959053866476,-0.000742639198378109,True
bistable + memory,0.155,1,0.7649552131906323,0.6574330914585418,0.8467322049043216,0.8966802201839538,0.002704568494903773,False
bistable + memory,0.155,2,0.8691881449444316,0.7470150400132348,0.9185611554832837,0.9465779020179137,-0.0008839591867259883,True
bistable + memory,0.1575,0,0.005526402963207331,0.004762185565340745,0.009406397726380456,0.014602575045218955,-0.00074249374942234,True
bistable + memory,0.1575,1,0.7491581718698934,0.6455610016113156,0.8361545246593999,0.8884451801011083,0.004274492418174076,False
bistable + memory,0.1575,2,0.8795944546869459,0.7579599322292107,0.9258318263909333,0.9511735618101395,-0.0010151296829935077,True
bistable + memory,0.16,0,0.005616015622510292,0.0048518493499009,0.009620645490050756,0.014837165405508931,-0.0007423447290115563,True
bistable + memory,0.16,1,0.7355818650712458,0.6354918920701907,0.8271346362670798,0.881212162948327,0.006218979366743843,False
bistable + memory,0.16,2,0.8878036993135159,0.7670010361239878,0.9315550126506402,0.954753587154709,-0.001109335165819103,True
bistable + memory,0.1625,0,0.0057072037252112115,0.004942947929896452,0.009839532217108867,0.015075808747489488,-0.0007421920247246812,True
bistable + memory,0.1625,1,0.7233799122238791,0.6265115828721138,0.819080946391897,0.8745847272331918,0.008676986096415895,False
bistable + memory,0.1625,2,0.8946621677186612,0.7748573071514054,0.9363218173021368,0.9577143914298232,-0.0011830606127695414,True
bistable + memory,0.165,0,0.005799999476108313,0.005035516514379751,0.010063162083520519,0.01531858562198511,-0.0007420355197410334,True
bistable + memory,0.165,1,0.7121385163898839,0.6182733765026617,0.8117029832928491,0.8683699258815528,0.011802109199137961,False
bistable + memory,0.165,2,0.9005835612033026,0.7818799663169952,0.9404222244312995,0.9602488892853219,-0.001243782497865768,True
bistable + memory,0.1675,0,0.0058944359084464795,0.005129590932145917,0.010291641918836754,0.015565578580324594,-0.000741875092635952,True
bistable + memory,0.1675,1,0.7016186347634108,0.6105786274730293,0.8048321731319673,0.8624567793050268,0.015750225205797247,False
bistable + memory,0.1675,2,0.905806823167483,0.7882719463855222,0.9440243227617533,0.9624680236335839,-0.001295542244468073,True
bistable + memory,0.17,0,0.0059905469117268444,0.005225207670567284,0.010525081289389303,0.015816872239360454,-0.0007417106171654941,True
bistable + memory,0.17,1,0.6916673848992938,0.6033014645093892,0.7983601704830453,0.8567746068196593,0.02063978896390354,False
bistable + memory,0.17,2,0.9104847330567645,0.7941631842978449,0.9472359750341082,0.9644424342791931,-0.0013407727489050958,True
bistable + memory,0.17250000000000001,0,0.006088367260707283,0.005322403914719403,0.010763592584807212,0.016072553349207278,-0.0007415419620395393,True
bistable + memory,0.17250000000000001,1,0.6821799812364968,0.596356502031145,0.7922123256257501,0.8512751610158473,0.026494720359040172,False
bistable + memory,0.17250000000000001,2,0.9147219699982323,0.7996429232215638,0.9501313505885998,0.9662203235877536,-0.0013810503936324877,True
bistable + memory,0.17500000000000002,0,0.006187932645655637,0.005421217586932347,0.011007291108019259,0.016332710863837707,-0.0007413689906825877,True
bistable + memory,0.17500000000000002,1,0.6730808937925881,0.5896828856756091,0.7863345322154528,0.8459238021080502,0.0332062045948634,False
bistable + memory,0.17500000000000002,2,0.918593954251054,0.8047756795691337,0.9527640775616408,0.9678362821657245,-0.0014174529075106162,True
bistable + memory,0.1775,0,0.0062892797039221255,0.005521687386898367,0.01125629516891807,0.01659743601468516,-0.0007411915609815041,True
bistable + memory,0.1775,1,0.6643135493750332,0.583235588050295,0.7806860275783147,0.8406946833129008,0.0405516923703388,False
bistable + memory,0.1775,2,0.922157146126845,0.8096099588847037,0.9551744424474935,0.969316103503021,-0.0014507478664997095,True
bistable + memory,0.18,0,0.006392446052900923,0.005623852832464154,0.011510726181871333,0.01686682238741016,-0.000741009525019403,True
bistable + memory,0.18,1,0.6558342708276792,0.5769802969158467,0.775235149313431,0.8355679230132049,0.04826195925471137,False
bistable + memory,0.18,2,0.9254551068623837,0.8141833784713054,0.957393633343867,0.9706796118211791,-0.0014814997909930758,True
bistable + memory,0.1825,0,0.006497470324455648,0.005727754301234903,0.011770708767277387,0.01714096600199759,-0.0007408227287947996,True
bistable + memory,0.1825,1,0.6476084999345939,0.5708902366287327,0.7699566866208688,0.8305278458343878,0.056087588185925234,False
bistable + memory,0.1825,2,0.9285222758233485,0.818525855996914,0.9594463884631371,0.9719424210007737,-0.0015101346719815921,True
bistable + memory,0.185,0,0.006604392200888043,0.005833433073116677,0.01203637085737432,0.01741996539636232,-0.000740631011925127,True
bistable + memory,0.185,1,0.6396083329959814,0.5649440993280332,0.7648301493087775,0.8255618371975626,0.06383287814431698,False
bistable + memory,0.185,2,0.9313864350250856,0.8226616876564375,0.961352726956437,0.9731170800241062,-0.0015369807101474045,True
bistable + memory,0.1875,0,0.006713252452534494,0.005940931373924331,0.012307843806525214,0.017703921713652555,-0.0007404342073336056,True
bistable + memory,0.1875,1,0.6318108512465583,0.5591246471208481,0.7598385930959536,0.8206595687734796,0.07135994406836232,False
bistable + memory,0.1875,2,0.9340703788006866,0.826610954690873,0.9631291234345825,0.9742138475090604,-0.0015622950308573041,True
bistable + memory,0.19,0,0.006824092977080132,0.006050292420183039,0.01258526250621536,0.01799293879345131,-0.0007402321409184324,True
bistable + memory,0.19,1,0.6241969536508785,0.5534177377212642,0.754967796924556,0.8158124580060204,0.0785786572269692,False
bistable + memory,0.19,2,0.9365930810824636,0.8303905058593938,0.9647893304714112,0.9752412321655638,-0.0015862817523283567,True
bistable + memory,0.1925,0,0.006936956840686567,0.006161560465253958,0.012868765505013143,0.018287123267090637,-0.0007400246312031451,True
bistable + memory,0.1925,1,0.6167505188599247,0.5478116270874865,0.750205671185039,0.8110132807672814,0.08543378006940758,False
bistable + memory,0.1925,2,0.9389705335130354,0.8340146623659445,0.9663449701876705,0.9762063801126907,-0.001609104513191799,True
bistable + memory,0.195,0,0.007051888321035236,0.0062747808469170475,0.013158495133761616,0.01858658465730598,-0.0007398114889669564,True
bistable + memory,0.195,1,0.6094577895516133,0.5422964588754944,0.7455418221357937,0.8062558873130212,0.0918940205495084,False
bistable + memory,0.195,2,0.9412163611638198,0.8374957354640422,0.9678059696330958,0.9771153588876551,-0.0016308953259063553,True
bistable + memory,0.1975,0,0.0071689329523954865,0.006390000036547934,0.013454597636285592,0.01889143548247403,-0.0007395925168537511,True
bistable + memory,0.1975,1,0.6023069110422639,0.5368638832487741,0.7409672248113875,0.8015349897907609,0.09794398446076791,False
bistable + memory,0.1975,2,0.94334228397429,0.8408444142386201,0.9691808876728636,0.9779733698944049,-0.0016517609143956865,True
bistable + memory,0.2,0,0.007288137572833708,0.006507265690030096,0.013757223305917693,0.019201791365693183,-0.0007393675089583625,True
bistable + memory,0.2,1,0.5952875794143913,0.5315067673342779,0.7364739730438615,0.7968460004659849,0.10357863268032405,False
bistable + memory,0.2,2,0.9453584686669845,0.8440700613098077,0.9704771647539806,0.9787849101263285,-0.0016717872736232557,True
bistable + memory,0.2025,0,0.007409550373687693,0.006626626700548781,0.014066526628166421,0.019517771148983017,-0.0007391362503886244,True
bistable + memory,0.2025,1,0.588390768982918,0.5262189719290754,0.7320550854203215,0.7921849066350336,0.10879957663716626,False
bistable + memory,0.2025,2,0.9472738013164708,0.8471809418862111,0.9717013167283245,0.9795538971944068,-0.001691042930164854,True
bistable + memory,0.20500000000000002,0,0.007533220951439129,0.006748133253419364,0.014382666429871403,0.019839497012898378,-0.0007388985168015939,True
bistable + memory,0.20500000000000002,1,0.5816085182809672,0.5209951769613208,0.7277043525532654,0.7875481725566507,0.11361263404217367,False
bistable + memory,0.20500000000000002,2,0.9490961013913601,0.8501844036933749,0.9728590873558084,0.9802837673287335,-0.0017095812193712804,True
bistable + memory,0.20750000000000002,0,0.007659200362126129,0.006871836883109597,0.014705806035213941,0.02016709460187351,-0.0007386540739122378,True
bistable + memory,0.20750000000000002,1,0.5749337599084228,0.5158307434050274,0.7234162153580662,0.782932661603983,0.11802622346980889,False
bistable + memory,0.20750000000000002,2,0.9508322919264038,0.8530870201047619,0.9739555697931029,0.9809775531514676,-0.0017274417902463947,True
bistable + memory,0.21,0,0.00778754117844792,0.006997790532623291,0.0150361134289763,0.02050069315563408,-0.000738402676972697,True
bistable + memory,0.21,1,0.5683601837354106,0.5107216028431162,0.7191856669416821,0.7783355737690872,0.12205031107777385,False
bistable + memory,0.21,2,0.9524885363326832,0.8558947053053636,0.9749953044636438,0.9816379460889743,-0.0017446514848992497,True
bistable + memory,0.2125,0,0.007918297549724323,0.007126048615421571,0.015373761427470075,0.020840425647037943,-0.000738144070220164,True
bistable + memory,0.2125,1,0.5618821258031295,0.5056641682717417,0.7150081727071416,0.7737543949766696,0.12569572007121868,False
bistable + memory,0.2125,2,0.9540703495036109,0.85861280791749,0.9759823587041417,0.9822673469662196,-0.0017612247078646417,True
bistable + memory,0.215,0,0.0080515252648845,0.007256667080067775,0.015718927857583442,0.021186428926731567,-0.0007378779862912306,True
bistable + memory,0.215,1,0.5554944772583015,0.5006552614149438,0.7108796046788624,0.769186855589445,0.12897367916411034,False
bistable + memory,0.215,2,0.9555826888805647,0.861246187840375,0.976920392182231,0.98286790740077,-0.0017771634031273893,True
bistable + memory,0.2175,0,0.008187281818672149,0.0073897034777931,0.01607179574442894,0.02153884387503688,-0.0007376041456003733,True
bistable + memory,0.2175,1,0.5491926090754009,0.4956920530092321,0.7067961870506431,0.764630896145093,0.13189552929756057,False
bistable + memory,0.2175,2,0.957030029724069,0.8637992798629942,0.9778127110830788,0.9834415639561379,-0.0017924568027237356,True
bistable + memory,0.22,0,0.008325626481267702,0.007525217033191842,0.0164325535081072,0.021897815561512463,-0.0007373222556801214,True
bistable + memory,0.22,1,0.542972309344298,0.4907720133761116,0.7027544506782615,0.760084638838946,0.1344725357496211,False
bistable + memory,0.22,2,0.9584164278129124,0.866276146749551,0.9786623133426253,0.983990066540002,-0.001807081215403157,True
bistable + memory,0.2225,0,0.008466620371543322,0.007663268718268642,0.016801395170139947,0.02226349341266652,-0.0007370320104802083,True
bistable + memory,0.2225,1,0.5368297306499488,0.4858928712279613,0.6987511947660334,0.7555463636131785,0.13671577081564912,False
bistable + memory,0.2225,2,0.9597455720445731,0.8686805238682701,0.9794719266776485,0.9845150021861604,-0.0018210002985311253,True
bistable + memory,0.225,0,0.008610326534182453,0.0078039213300747316,0.017178520570165355,0.022636031388333946,-0.0007367330896228461,True
bistable + memory,0.225,1,0.5307613456257982,0.4810525791170377,0.6947834543878599,0.7510144879698675,0.13863604396512327,False
bistable + memory,0.225,2,0.961020828855248,0.8710158569685027,0.9802440407716313,0.9850178151024402,-0.0018341664836597359,True
bistable + memory,0.2275,0,0.008756810020913122,0.00794723957218604,0.01756413559353267,0.023015588167267755,-0.0007364251576109654,True
bistable + memory,0.2275,1,0.5247639091786862,0.47624928428503494,0.690848472776804,0.7464875498174532,0.1402438640526947,False
bistable + memory,0.2275,2,0.9622452799616275,0.8732853343623029,0.9809809346818255,0.9854998236745641,-0.0018465244104190477,True
bistable + memory,0.23,0,0.008906137976123541,0.008093290140294012,0.017958452410480826,0.023402327342537693,-0.0007361078629861135,True
bistable + memory,0.23,1,0.5188344261983644,0.4714813039337172,0.6869436775398466,0.7419641928055972,0.14154942322104946,False
bistable + memory,0.23,2,0.963421754611212,0.8754919145024843,0.9816847003102538,0.9859622349704795,-0.0018580171385731343,True
bistable + memory,0.2325,0,0.009058379727149131,0.00824214181219909,0.018361689727637073,0.023796417627373393,-0.0007357808374323308,True
bistable + memory,0.2325,1,0.5129701238060622,0.466747104138184,0.6830666601249868,0.7374431537146253,0.14256259549936492,False
bistable + memory,0.2325,2,0.9645528572865951,0.8776383497471221,0.9823572626108069,0.9864061571783976,-0.001868595234097904,True
bistable + memory,0.23500000000000001,0,0.009213606879542792,0.008393865542518147,0.018774073052628067,0.024198033072139333,-0.0007354436948221228,True
bistable + memory,0.23500000000000001,1,0.5071684273829611,0.4620452817793985,0.6792151579996778,0.7329232515515515,0.143292945360626,False
bistable + memory,0.23500000000000001,2,0.9656409916226851,0.8797272069444892,0.9830003970726999,0.9868326103259328,-0.0018782274233238672,True
bistable + memory,0.23750000000000002,0,0.009371893417665013,0.008548534562440483,0.01919583497265707,0.02460735329318248,-0.000735096030200237,True
bistable + memory,0.23750000000000002,1,0.5014269397646773,0.45737454899322466,0.6753870391023881,0.7284033780714438,0.14374974303112062,False
bistable + memory,0.23750000000000002,2,0.9666883811505613,0.8817608853509681,0.9836157449176907,0.9872425355609104,-0.0018869099002561858,True
bistable + memory,0.24,0,0.009533315810957364,0.00870622448489257,0.019627215447967725,0.0250245637143524,-0.000734737418700707,True
bistable + memory,0.24,1,0.49574342310194097,0.4527337197278,0.6715802882098845,0.7238824894952732,0.1439419843905869,False
bistable + memory,0.24,2,0.9676970873675428,0.8837416322991258,0.9842048263675824,0.9876368032219668,-0.0018946708251029168,True
bistable + memory,0.2425,0,0.009697953126292524,0.00886701341549981,0.02006846212118785,0.02544985582205803,-0.0007343674143921346,True
bistable + memory,0.2425,1,0.490115782977926,0.4481216980757736,0.6677929949268198,0.7193595992367727,0.14387841402156104,False
bistable + memory,0.2425,2,0.9686690255427266,0.8856715569577197,0.9847690522744585,0.9880162198856065,-0.001901568070021302,True
bistable + memory,0.245,0,0.009865887146826062,0.009030982069764189,0.02051983064362609,0.02588342743479492,-0.0007339855490458618,True
bistable + memory,0.245,1,0.48454205444464826,0.44353746810737466,0.6640233430552508,0.714833771483782,0.14356755046680736,False
bistable + memory,0.245,2,0.9696059785952635,0.8875526424653075,0.9853097343549777,0.9883815345433618,-0.0019076811852450544,True
bistable + memory,0.2475,0,0.010037202497810843,0.009198213896910798,0.020981585019681774,0.026325482988154285,-0.0007335913308211542,True
bistable + memory,0.2475,1,0.4790203896985775,0.4389800849778689,0.6602696011426948,0.7103041155059411,0.1430177131043889,False
bistable + memory,0.2475,2,0.9705096093248715,0.8893867566709458,0.9858280942289882,0.9887334440362427,-0.00191310080634672,True
bistable + memory,0.25,0,0.010211986779873734,0.009368795210893333,0.021453997970623806,0.02677623383640959,-0.0007331842428610739,True
bistable + memory,0.25,1,0.4735490471621906,0.4344486671212757,0.6565301140403998,0.705769780581842,0.14223705029781397,False
bistable + memory,0.25,2,0.9713814712274318,0.8911756616765428,0.9863252714295291,0.9890725978523036,-0.0019179188995859507,True
bistable + memory,0.2525,0,0.01039033071029656,0.009542815329089321,0.021937351319098432,0.027235898571867825,-0.0007327637417921395,True
bistable + memory,0.2525,1,0.46812638177606336,0.4299423893733055,0.6528032953304177,0.7012299514559995,0.14123356865534648,False
bistable + memory,0.2525,2,0.9722230180906348,0.8929210223438586,0.9868023305242987,0.989399602375839,-0.0019222218180736687,True
bistable + memory,0.255,0,0.010572328272890605,0.009720366719261238,0.02243193639584155,0.0277047033632756,-0.0007323292561202798,True
bistable + memory,0.255,1,0.46275083633698133,0.4254604768917622,0.6490876205020011,0.6966838442500183,0.14001516335921566,False
bistable + memory,0.255,2,0.9730356125336717,0.8946244139033218,0.9872602674665876,0.9897150246625769,-0.0019260864976655132,True
bistable + memory,0.2575,0,0.0107580768771052,0.009901545155409128,0.022938054470196742,0.028182882314680954,-0.0007318801845149357,True
bistable + memory,0.2575,1,0.4574209337429155,0.42100219976338393,0.6453816207758691,0.6921307027638256,0.13858964961632092,False
bistable + memory,0.2575,2,0.9738205336295631,0.896287328780672,0.9877000152755417,0.9900193958036391,-0.0019295791392408195,True
bistable + memory,0.26,0,0.01094767752706777,0.01008644988319497,0.02345601720617922,0.02867067784627495,-0.0007314158939724385,True
bistable + memory,0.26,1,0.452135270026637,0.4165668682031383,0.6416838774897423,0.6875697951122809,0.13696479534629494,False
bistable + memory,0.26,2,0.9745789837277254,0.8979111827399313,0.9881224491306141,0.9903132139314759,-0.0019327554634747098,True
bistable + memory,0.2625,0,0.01114123500131562,0.010275183795679755,0.02398614714597923,0.029168341098873188,-0.0007309357178489868,True
bistable + memory,0.2625,1,0.4468925080770666,0.41215382826606933,0.6379930169708338,0.68300041065025,0.13514835526610405,False
bistable + memory,0.2625,2,0.9753120945769764,0.899497320426724,0.9885283909526225,0.9905969469130548,-0.001935661768265131,True
bistable + memory,0.265,0,0.011338858044048838,0.01046785362018095,0.02452877822296704,0.029676132363846794,-0.0007304389537526827,True
bistable + memory,0.265,1,0.4416913719618897,0.40776245800348637,0.6343077058312031,0.6784218571456867,0.1331481065555984,False
bistable + memory,0.265,2,0.9760209328346878,0.9010470203838782,0.988918613533444,0.9908710347689929,-0.0019383362764925308,True
bistable + memory,0.2675,0,0.011540659568810254,0.010664570117131853,0.02508425630644757,0.030194321540477596,-0.000729924861283114,True
bistable + memory,0.2675,1,0.43653064177701173,0.4033921640050112,0.6306266466303858,0.673833458165606,0.13097188629606588,False
bistable + memory,0.2675,2,0.9767065050356547,0.9025614996011317,0.9892938442676785,0.9911358918517996,-0.0019408104862399158,True
bistable + memory,0.27,0,0.011746756875583443,0.010865448291906577,0.025652939780619822,0.030723188622896098,-0.0007293926596058824,True
bistable + memory,0.27,1,0.43140914895853155,0.3990423782761341,0.6269485738568197,0.6692345506442686,0.12862763086238152,False
bistable + memory,0.27,2,0.9773697620840656,0.9040419176522703,0.9896547685322948,0.9913919088117799,-0.0019431103878533424,True
bistable + memory,0.2725,0,0.011957271882393837,0.011070607620665323,0.02623520016042393,0.03126302421896355,-0.000728841524848335,True
bistable + memory,0.2725,1,0.4263257720014231,0.394712555407756,0.6232722501855473,0.6646244826066116,0.12612341741525607,False
bistable + memory,0.2725,2,0.9780116033233524,0.9054893804658576,0.9900020327540956,0.991639454375238,-0.0019452575009762606,True
bistable + memory,0.275,0,0.01217233137260245,0.01128017229137548,0.02683142274721214,0.03181413010368464,-0.0007282705873013987,True
bistable + memory,0.275,1,0.42127943253627,0.39040216999991323,0.6195964629746477,0.660002611023006,0.12346750757760161,False
bistable + memory,0.275,2,0.9786328802314259,0.9069049437696449,0.9903362471995952,0.9918788769563288,-0.001947269730267837,True
bistable + memory,0.2775,0,0.012392067259198326,0.011494271461276963,0.027442007327461253,0.032376819809988334,-0.0007276789284110101,True
bistable + memory,0.2775,1,0.4162690917214844,0.38611071430671656,0.6159200209670335,0.6553682997739986,0.12066839328045947,False
bistable + memory,0.2775,2,0.979234399782605,0.9082896162435795,0.9906579885174468,0.9921105061210976,-0.0019491620585635118,True
bistable + memory,0.28,0,0.012616616867524941,0.011713039532184959,0.02806736891805693,0.032951419259992336,-0.000727065577540983,True
bistable + memory,0.28,1,0.41129374691357046,0.3818376960736065,0.6122417511677402,0.6507209177057773,0.11773484461896586,False
bistable + memory,0.28,2,0.9798169275122877,0.9096443624119382,0.9909678020597527,0.9923346539198712,-0.0019509471026644006,True
bistable + memory,0.28250000000000003,0,0.01284612323802117,0.011936616445163983,0.02870793856202948,0.03353826744017936,-0.0007264295084873909,True
bistable + memory,0.28250000000000003,1,0.4063524285823683,0.3775826365414655,0.6085604958697406,0.6460598367588423,0.11467595935515673,False
bistable + memory,0.28250000000000003,2,0.9803811903158777,0.9109701053013253,0.9912662040053265,0.9925516161021122,-0.001952635556813512,True
bistable + memory,0.28500000000000003,0,0.013080735450718122,0.012165147996262572,0.029364164179008674,0.03413771712425853,-0.0007257696357225094,True
bistable + memory,0.28500000000000003,1,0.4014441974419237,0.3733450685950343,0.6048751098037409,0.6413844301537602,0.11150121342782691,False
bistable + memory,0.28500000000000003,2,0.9809278790096254,0.9122677288880512,0.9915536833051761,0.9927616732261098,-0.0019542365460712046,True
bistable + memory,0.28750000000000003,0,0.01332060897341492,0.012398786175173742,0.030036511475101342,0.03475013564787566,-0.0007250848103441629,True
bistable + memory,0.28750000000000003,1,0.3965681417707745,0.36912453503552467,0.6011844573893768,0.6366940706189921,0.1082205114649277,False
bistable + memory,0.28750000000000003,2,0.9814576506776951,0.9135380803556046,0.9918307034680615,0.9929650916743705,-0.0019557579081710356,True
bistable + memory,0.29,0,0.01356590603565869,0.012637689528882173,0.03072546491738097,0.03537590573976978,-0.0007243738157037979,True
bistable + memory,0.29,1,0.3917233748981295,0.3649205869593882,0.5974874100668487,0.6319881286466481,0.10484423582712543,False
bistable + memory,0.29,2,0.9819711308268915,0.9147819721805285,0.992097704201892,0.9931621245842767,-0.0019572064189065643,True
bistable + memory,0.2925,0,0.013816796030882608,0.012882023552580007,0.031431528778726306,0.03601542641446378,-0.0007236353626838157,True
bistable + memory,0.2925,1,0.38690903283467426,0.36073278222692556,0.5937828436892854,0.627265970762659,0.10138329213214861,False
bistable + memory,0.2925,2,0.98246891536799,0.916000184062912,0.9923551029249172,0.993353012702458,-0.0019585879730156315,True
bistable + memory,0.295,0,0.014073455949311663,0.013131961110380959,0.032155228259357994,0.03666911393212436,-0.0007228680845915422,True
bistable + memory,0.295,1,0.3821242720286411,0.3565606840058489,0.5900696359570886,0.6225269577982652,0.09784914851805189,False
bistable + memory,0.295,2,0.9829515724404465,0.9171934647158999,0.9926032961590925,0.9935379851703473,-0.0019599077299774516,True
bistable + memory,0.2975,0,0.014336070844535403,0.013387682888642493,0.03289711069211402,0.03733740283184721,-0.000722070531633689,True
bistable + memory,0.2975,1,0.37736826722938344,0.3524038593761016,0.5863466638761949,0.617770443149969,0.09425386511568105,False
bistable + memory,0.2975,2,0.9834196440953766,0.918362533527033,0.9928426608166279,0.9937172602475464,-0.0019611702320903256,True
bistable + memory,0.3,0,0.01460483433697338,0.013649377885021848,0.03365774683928368,0.03802074704532088,-0.0007212411649311542,True
bistable + memory,0.3,1,0.37264020944200615,0.3482618779831833,0.582612801222611,0.6129957710151195,0.09061010935918595,False
bistable + memory,0.3,2,0.9838736478500538,0.919508082102854,0.9930735553895279,0.9938910459788874,-0.0019623795005835466,True
bistable + memory,0.3025,0,0.014879949157828688,0.013917243936749412,0.03443773228969997,0.03871962109861356,-0.0007203783500295128,True
bistable + memory,0.3025,1,0.36793930395766616,0.344134310727971,0.5788669159957385,0.608202274590157,0.08693115194886102,False
bistable + memory,0.3025,2,0.9843140781257353,0.9206307757069954,0.9932963210508854,0.9940595408104352,-0.0019635391142568217,True
bistable + memory,0.305,0,0.01516162773754437,0.014191488292008695,0.035237688965787946,0.039434521410722324,-0.0007194803498554031,True
bistable + memory,0.305,1,0.36326476844501177,0.34002072848159764,0.5751078678429475,0.6033892742182215,0.08323083762214865,False
bistable + memory,0.305,2,0.9847414075793601,0.9217312546009049,0.9935112826757599,0.9942229341591017,-0.001964652274162267,True
bistable + memory,0.3075,0,0.015450092843253629,0.014472328228773104,0.03605826675139707,0.04016596769854038,-0.0007185453170632573,True
bistable + memory,0.3075,1,0.35861583108884343,0.3359207008143153,0.5713345054375177,0.598556075472294,0.07952352457069875,False
bistable + memory,0.3075,2,0.9851560883385604,0.9228101352954302,0.9937187497886729,0.994381406940058,-0.001965721857085891,True
bistable + memory,0.31,0,0.015745578270258423,0.01475999172597554,0.036900145252534454,0.04091450449905787,-0.0007175712857101394,True
bistable + memory,0.31,1,0.35399172876252705,0.33183379472749736,0.567545663791512,0.5937019671593311,0.07582398659931017,False
bistable + memory,0.31,2,0.9855585531484481,0.9238680117206498,0.993919017444024,0.9945351320556877,-0.0019667504599983824,True
bistable + memory,0.3125,0,0.016048329593189394,0.015054718192485357,0.03776403570457999,0.04168070282092832,-0.000716556162188964,True
bistable + memory,0.3125,1,0.34939170522092045,0.3277595733779742,0.5637401614843005,0.588826219229911,0.07214727321883492,False
bistable + memory,0.3125,2,0.9859492164377768,0.924905456320616,0.9941123670451094,0.994684274849437,-0.0019677404371894417,True
bistable + memory,0.315,0,0.016358604983210352,0.01535675926005442,0.038650683041243326,0.042465161939046085,-0.0007154977153416418,True
bistable + memory,0.315,1,0.34481500930062847,0.32369759478378174,0.5599167977863464,0.5839280805767345,0.06850852503921723,False
bistable + memory,0.315,2,0.9863284753113162,0.9259230210790184,0.9942990671068526,0.9948289935275855,-0.0019686939314456963,True
bistable + memory,0.3175,0,0.016676676098443317,0.015666379647180272,0.039560868142440316,0.04326851134750848,-0.0007143935656638195,True
bistable + memory,0.3175,1,0.340260893114268,0.31964741050012596,0.5560743496564345,0.5790067767039067,0.06492274521667779,False
bistable + memory,0.3175,2,0.986696710474604,0.9269212384812096,0.9944793739668741,0.994969439551652,-0.001969612900355963,True
bistable + memory,0.32,0,0.01700282905572554,0.015983858101739638,0.040495410280472224,0.04409141288832542,-0.0007132411735013312,True
bistable + memory,0.32,1,0.3357286102250824,0.3156085642538965,0.552211568588771,0.5740615072471928,0.06140453224230242,False
bistable + memory,0.32,2,0.9870542870966394,0.9279006224175224,0.9946535324490717,0.9951057580038891,-0.0019704991386113565,True
bistable + memory,0.3225,0,0.017337365492888536,0.016309488431288714,0.04145516978642762,0.044934563075529906,-0.0007120378261253255,True
bistable + memory,0.3225,1,0.33121741378769887,0.31158059052441595,0.5483271772842279,0.5690914433233923,0.05796778467030361,False
bistable + memory,0.3225,2,0.9874015556155444,0.9288616690323432,0.9948217764834953,0.9952380879280781,-0.0019713542969977994,True
bistable + memory,0.325,0,0.017680603731995932,0.01664358063113303,0.042441050961657074,0.04579869563698932,-0.0007107806235575961,True
bistable + memory,0.325,1,0.3267265546400543,0.30756301305725603,0.5444198661174388,0.5640957246845384,0.05462539376152347,False
bistable + memory,0.325,2,0.987738852491753,0.9298048575230115,0.99498432968595,0.9953665626476276,-0.00197217989864436,True
bistable + memory,0.3275,0,0.018032880055422904,0.01698646212166823,0.043454005262562864,0.04668458429928396,-0.0007094664629997593,True
bistable + memory,0.3275,1,0.3222552793304857,0.303555343296855,0.5404882893683642,0.5590734566497518,0.05138894446204863,False
bistable + memory,0.3275,2,0.9880665009128566,0.9307306508922429,0.9951414059004429,0.9954913100627901,-0.0019729773529846336,True
bistable + memory,0.33,0,0.018394550108340596,0.017338479108118813,0.04449503479088202,0.04759304584458045,-0.0007080920216990873,True
bistable + memory,0.33,1,0.3178028280626872,0.2995570787223273,0.5365310611832997,0.5540237067841867,0.048268447548767614,False
bistable + memory,0.33,2,0.9883848114538558,0.9316394966574476,0.9952932097073083,0.9956124529286404,-0.0019737479678037825,True
bistable + memory,0.3325,0,0.01876599044313005,0.01769999807769872,0.04556519612622857,0.04852494347258036,-0.000706653738059314,True
bistable + memory,0.3325,1,0.31336843253960855,0.29556770106920033,0.5325467512259596,0.5489455012905001,0.04527212525229488,False
bistable + memory,0.3325,2,0.9886940826962336,0.9325318275200274,0.9954399368995995,0.9957301091153137,-0.0019744929596762673,True
bistable + memory,0.335,0,0.019147600223544406,0.018071407451436473,0.04666560454301816,0.049481190505478514,-0.0007051477907759131,True
bistable + memory,0.335,1,0.308951313685377,0.29158667441780894,0.5285338799741356,0.5438378210735576,0.04240626883471117,False
bistable + memory,0.335,2,0.9889946018089566,0.9334080619974656,0.9955817749300986,0.995844391851861,-0.001975213463045078,True
bistable + memory,0.3375,0,0.01953980310913172,0.01845311941051264,0.04779743866017932,0.05046275447955951,-0.0007035700757414781,True
bistable + memory,0.3375,1,0.30455067922191603,0.2876134431266783,0.5244909136113655,0.5386995974335226,0.03967517981710291,False
bistable + memory,0.3375,2,0.9892866450942346,0.9342686050207881,0.9957189033311006,0.9959554099549625,-0.001975910538149492,True
bistable + memory,0.34,0,0.019943049343604073,0.018845571920026085,0.04896194557944424,0.05147066167376447,-0.0007019161804264725,True
bistable + memory,0.34,1,0.3001657210739891,0.28364742958631545,0.5204162584558226,0.5335297073358641,0.037081197916337905,False
bistable + memory,0.34,2,0.9895704785006301,0.9351138484997618,0.9958514941089395,0.9960632680436261,-0.0019765851779730476,True
bistable + memory,0.3425,0,0.020357818074590583,0.019249230976733454,0.050160446576733846,0.05250600213347916,-0.0007001813553927954,True
bistable + memory,0.3425,1,0.2957956125728841,0.2796880317653746,0.5163082548601048,0.5283269681990187,0.03462480982969592,False
bistable + memory,0.3425,2,0.9898463581058805,0.935944171858,0.9959797121150591,0.9961680667409083,-0.0019772383143545676,True
bistable + memory,0.34500000000000003,0,0.020784619936664812,0.019664593111612123,0.05139434342148903,0.05356993525718559,-0.0006983604825403762,True
bistable + memory,0.34500000000000003,1,0.291439505424687,0.2757346205169807,0.5121651705053899,0.5230901321311193,0.03230482540402097,False
bistable + memory,0.34500000000000003,2,0.9901145305715986,0.936759942539974,0.9961037153952826,0.9962699028635952,-0.0019778708233816524,True
bistable + memory,0.34750000000000003,0,0.021223999934843737,0.020092188183227402,0.05266512541109886,0.0546636960248021,-0.0006964480396183644,True
bistable + memory,0.34750000000000003,1,0.28709652640397676,0.2717865366080009,0.5079851930012848,0.5178178795361176,0.030118602645273454,False
bistable + memory,0.34750000000000003,2,0.9903752335718357,0.9375615164917601,0.9962236555187982,0.9963688696007114,-0.0019784835301667617,True
bistable + memory,0.35000000000000003,0,0.02167654067210357,0.020532582504022324,0.0539743772222685,0.05578860195990344,-0.0006944380604497975,True
bistable + memory,0.35000000000000003,1,0.2827657737275814,0.2678430874280202,0.5037664216881071,0.5125088119963145,0.02806230098969932,False
bistable + memory,0.35000000000000003,2,0.9906286961973276,0.9383492386172251,0.9963396778882528,0.9964650566816469,-0.0019790772130901966,True
bistable + memory,0.3525,0,0.022142865972088102,0.02098638234902482,0.055323787698801474,0.05694606093406596,-0.0006923240902185351,True
bistable + memory,0.3525,1,0.27844631305555767,0.2639035433275098,0.49950685852083226,0.5071614443223414,0.02613114308661256,False
bistable + memory,0.3525,2,0.9908751393370958,0.939123443211202,0.9964519220322408,0.9965585505346297,-0.0019796526075812277,True
bistable + memory,0.355,0,0.02262364495739657,0.0214542379053714,0.05671515971652451,0.058137579940947114,-0.0006900991350455237,True
bistable + memory,0.355,1,0.27413717305747887,0.25996713352585815,0.49520439789277926,0.5017741956423181,0.024319668327516634,False
bistable + memory,0.355,2,0.9911147760389405,0.939884454371107,0.9965605218813647,0.9966494344362087,-0.0019802104094977465,True
bistable + memory,0.3575,0,0.023119596655011447,0.02193684773184684,0.05815042129182467,0.059364774991177954,-0.0006877556049327667,True
bistable + memory,0.3575,1,0.26983734047106145,0.25603304151922096,0.49085681523146274,0.4963453793785045,0.022621965552895078,False
bistable + memory,0.3575,2,0.9913478118502423,0.9406325863883263,0.9966656060289614,0.9967377886523634,-0.001980751278155842,True
bistable + memory,0.36,0,0.023631495214051917,0.022434963810808783,0.05963163813161251,0.06062938230774446,-0.0006852852489707187,True
bistable + memory,0.36,1,0.265545754566647,0.25210039990504457,0.4864617541677748,0.4908731919312071,0.021031876868825423,False
bistable + memory,0.36,2,0.9915744451403747,0.941368144120609,0.9967672979774936,0.996823690571804,-0.0019812758390531557,True
bistable + memory,0.3625,0,0.02416017583773806,0.022949397291005688,0.06116102786088071,0.061933271036552495,-0.0006826790814793375,True
bistable + memory,0.3625,1,0.2612613009144633,0.2481682845240562,0.4820167120413913,0.4853556998547378,0.019543168619322843,False
bistable + memory,0.3625,2,0.9917948674059329,0.9420914233466117,0.9968657163715421,0.996907214831982,-0.0019817846863235985,True
bistable + memory,0.365,0,0.024706541552038663,0.02348102503969304,0.06274097621124579,0.06327845773001071,-0.0006799272974730772,True
bistable + memory,0.365,1,0.25698280433108023,0.2442357078006621,0.4775190234581316,0.47979082526710665,0.018149668878708402,False
bistable + memory,0.365,2,0.9920092635598872,0.9428027111036552,0.9969609752182493,0.9969884334382911,-0.001982278384955658,True
bistable + memory,0.3675,0,0.025271570959005805,0.024030797147123705,0.06437405551232457,0.06466712291491702,-0.0006770191754905557,True
bistable + memory,0.3675,1,0.25270902085604696,0.24030161113810014,0.47296584155662535,0.47417632918173885,0.016845373203532722,False
bistable + memory,0.3675,2,0.9922178122056882,0.9435022860096782,0.9970531840960164,0.9970674158769027,-0.001982757472802137,True
bistable + memory,0.37,0,0.025856327154660352,0.02459974555727521,0.06606304590064839,0.06610163012258445,-0.0006739429653901959,True
bistable + memory,0.37,1,0.24843862857789367,0.2363648561939333,0.46835411656882064,0.46850979238286283,0.01562452185775442,False
bistable + memory,0.37,2,0.9924206858972757,0.9441904185703061,0.9971424483521847,0.9971442292216444,-0.001983222462405342,True
bistable + memory,0.3725,0,0.026461968031322725,0.02518899403735441,0.06781095975221262,0.06758454784281402,-0.0006706857581577082,True
bistable + memory,0.3725,1,0.24417021708873493,0.23242421482285508,0.4636805711675458,0.46278859338259554,0.01448165244923113,False
bistable + memory,0.3725,2,0.9926180513858671,0.9448673714718853,0.9972288692903865,0.9972189382353004,-0.001983673842658518,True
bistable + memory,0.375,0,0.02708975823493623,0.025799769747558314,0.06962106996023074,0.06911867496910942,-0.0006672333340632609,True
bistable + memory,0.375,1,0.23990227529612135,0.2284783574248775,0.45894167197891433,0.45700988289198735,0.013411632082526947,False
bistable + memory,0.375,2,0.9928100698543425,0.9455333998612787,0.997312544348198,0.9972916054656856,-0.001984112080321683,True
bistable + memory,0.3775,0,0.027741083112513144,0.026433416734962356,0.07149694282666949,0.07070707043729613,-0.0006635699845981038,True
bistable + memory,0.3775,1,0.2356331772562491,0.22452583937460477,0.45413359649038104,0.451170554103534,0.012409672930370251,False
bistable + memory,0.3775,2,0.9929968971399821,0.946188751613159,0.9973935672656846,0.9973622913368164,-0.001984537621407573,True
bistable + memory,0.38,0,0.028417465067851214,0.027091411755603263,0.07344247652482613,0.07235308793280068,-0.0006596783024453749,True
bistable + memory,0.38,1,0.23136116560969522,0.2205650851271555,0.4492521943966449,0.44526720790961544,0.011471334712504753,False
bistable + memory,0.38,2,0.993178683946258,0.9468336675854943,0.997472028245381,0.9974310542354814,-0.001984950892451539,True
bistable + memory,0.3825,0,0.029120582851307343,0.027775382932797354,0.07546194633448529,0.07406041676608759,-0.000655538932206837,True
bistable + memory,0.3825,1,0.22708433209323614,0.21659436949233296,0.44429294218132753,0.4392961119570809,0.010592517067178243,False
bistable + memory,0.3825,2,0.9933555760443313,0.9474683818638656,0.9975480141042206,0.9974979505934899,-0.0019853523016774206,True
bistable + memory,0.385,0,0.02985229445028916,0.028487131895802025,0.07756005817041334,0.0758331303089861,-0.0006511302725885979,True
bistable + memory,0.385,1,0.22280059446049022,0.21261179543261552,0.4392508894131887,0.43325315214499655,0.00976944429163286,False
bistable + memory,0.385,2,0.9935277144648638,0.9480931219952224,0.9976216084178846,0.9975630349658614,-0.001985742240070049,True
bistable + memory,0.3875,0,0.030614664433343423,0.02922866022277937,0.07974201234628196,0.07767574377193551,-0.0006464281180639868,True
bistable + memory,0.3875,1,0.2185076689579471,0.2086152675607133,0.4341205948143336,0.42713377478528863,0.008998644467358608,False
bistable + memory,0.3875,2,0.993695235680705,0.9487081092116371,0.9976928916580129,0.9976263601051921,-0.001986121082363659,True
bistable + memory,0.39,0,0.03140999684955588,0.03000220125233111,0.0820135800782779,0.07959328361927054,-0.0006414052244221092,True
bistable + memory,0.39,1,0.21420303725414624,0.2046024602721456,0.4288960495957309,0.4209329171289439,0.008276924603031281,False
bistable + memory,0.39,2,0.9938582717809823,0.9493135586445827,0.9977619413226884,0.997687977032429,-0.00198648918795451,True
bistable + memory,0.3925,0,0.03224087512138035,0.030810258652728195,0.08438119599150587,0.08159137161814313,-0.0006360307777010165,True
bistable + memory,0.3925,1,0.20988390638340054,0.2005707791234639,0.4235705847965344,0.41464492326195923,0.007601343134045123,False
bistable + memory,0.3925,2,0.9940169506370873,0.9499096795302374,0.9978288320605812,0.997747935104258,-0.0019868469017449634,True
bistable + memory,0.395,0,0.03311021082960601,0.03165565358270452,0.08685207092972105,0.08367632747219671,-0.0006302697392409162,True
bistable + memory,0.395,1,0.2055471598049069,0.1965173136220216,0.4181367583263116,0.4082634414197431,0.006969180909275539,False
bistable + memory,0.395,2,0.9941713960610084,0.9504966754062648,0.9978936357891068,0.9978062820772998,-0.0019871945549254783,True
bistable + memory,0.3975,0,0.03402130392854112,0.03254158289501317,0.08943433080686025,0.08585529531638723,-0.000624082030146181,True
bistable + memory,0.3975,1,0.2011892970387374,0.19243877897587225,0.4125862159713514,0.401781297443388,0.00637791165867523,False
bistable + memory,0.3975,2,0.9943217279564445,0.9510747443005154,0.9979564218069401,0.9978630641693002,-0.0019875324657003066,True
bistable + memory,0.4,0,0.034977917830525354,0.033471691703852016,0.09213718926220296,0.0881364012154159,-0.0006174215050486811,True
bistable + memory,0.4,1,0.19680635843920968,0.1883314434824973,0.4069095186029056,0.39519033723519065,0.005825172845843664,False
bistable + memory,0.4,2,0.9944680624630928,0.9516440789120505,0.9980172569011926,0.9979183261174784,-0.0019878609399619383,True
bistable + memory,0.4025,0,0.03598437408984369,0.034450164883539476,0.09497116477560127,0.09052895147957904,-0.0006102346457495737,True
bistable + memory,0.4025,1,0.19239383037518903,0.1841910369887937,0.40109592493061225,0.3884812283994546,0.005308737737241916,False
bistable + memory,0.4025,2,0.994610512094487,0.9522048667848749,0.9980762054495494,0.9979721112341969,-0.001988180271918918,True
bistable + memory,0.405,0,0.03704567329984326,0.035481843884206034,0.09794835711655912,0.09304368550644045,-0.0006024588769503607,True
bistable + memory,0.405,1,0.18794652420318264,0.18001263403639348,0.39513311492704406,0.38164320736003265,0.004826489430157214,False
bistable + memory,0.405,2,0.9947491858697326,0.952757290474735,0.9981333295176428,0.9980244614600996,-0.0019884907446810576,True
bistable + memory,0.40750000000000003,0,0.038167651621944076,0.03657237795765613,0.10108280427111317,0.0956931026508499,-0.0005940203637687649,True
bistable + memory,0.40750000000000003,1,0.18345841961420323,0.1757905025989955,0.38900683277915055,0.37466375245194156,0.004376397441565483,False
bistable + memory,0.40750000000000003,2,0.9948841894394673,0.9533015277093244,0.9981886889519144,0.9980754174148542,-0.0019887926308057493,True
bistable + memory,0.41000000000000003,0,0.039357186637183295,0.03772842300969173,0.10439095052571576,0.0984918914428779,-0.0005848310855494082,True
bistable + memory,0.41000000000000003,1,0.17892245866346945,0.17151790519528284,0.3827004186871533,0.36752815466736405,0.003956497241806643,False
bistable + memory,0.41000000000000003,2,0.9950156252063544,0.953837751542215,0.9982423414682136,0.9981250184456341,-0.0019890861928086147,True
bistable + memory,0.41250000000000003,0,0.04062247288445686,0.03895790773574765,0.10789227126044951,0.10145750323506635,-0.0005747848779530272,True
bistable + memory,0.41250000000000003,1,0.17433027011848695,0.1671868327204321,0.37619418395831716,0.3602189439745109,0.0035648728005846226,False
bistable + memory,0.41250000000000003,2,0.9951435924403886,0.9543661305008087,0.9982943427363542,0.9981733026734546,-0.001989371683641457,True
bistable + memory,0.41500000000000004,0,0.04197339817852935,0.04027039705025935,0.11161012387885617,0.10461093446580919,-0.0005637519693315442,True
bistable + memory,0.41500000000000004,1,0.16967179303218172,0.1627876409856789,0.36946455996810407,0.3527151070224289,0.003199641783840298,False
bistable + memory,0.41500000000000004,2,0.9952681873892948,0.9548868287286032,0.9983447464608446,0.9982203070374835,-0.0019896493471401855,True
bistable + memory,0.4175,0,0.043422069624358114,0.04167760001878157,0.11557293390370238,0.10797781841635302,-0.0005515712597082375,True
bistable + memory,0.4175,1,0.1649347506242821,0.15830854275679698,0.3624829119591634,0.3449909953541523,0.002858942477460238,False
bistable + memory,0.4175,2,0.9953895033842615,0.955400006122028,0.9983936044579899,0.9982660673374276,-0.0019899194184450856,True
bistable + memory,0.42,0,0.04498356899445405,0.0431940991716294,0.11981589348755894,0.11158999058431106,-0.000538039108123427,True
bistable + memory,0.42,1,0.16010389480400028,0.1537348784126203,0.35521384042909854,0.33701476000521646,0.0025409207612093693,False
bistable + memory,0.42,2,0.9955076309412547,0.9559058184621101,0.9984409667295551,0.9983106182740993,-0.0019901821243956145,True
bistable + memory,0.4225,0,0.04667707258125525,0.04483843157069368,0.1243834724041984,0.11548780573262774,-0.0005228925175609652,True
bistable + memory,0.4225,1,0.1551598862218127,0.14904803485185217,0.34761267004081164,0.3287460344285028,0.0022437143619454696,False
bistable + memory,0.4225,2,0.9956226578581291,0.9564044175412029,0.9984868815331649,0.9983539934882549,-0.00199043768390169,True
bistable + memory,0.425,0,0.048527575970091455,0.046634753617385796,0.1293332745521147,0.11972370093284528,-0.0005057829287989258,True
bistable + memory,0.425,1,0.15007756940455363,0.14422378066011374,0.33962159302394457,0.32013237142647455,0.001965429800354816,False
bistable + memory,0.425,2,0.9957346693077507,0.9568959512850064,0.9985313954496066,0.9983962255977933,-0.0019906863082932427,True
bistable + memory,0.4275,0,0.050568677287659305,0.04861552716135235,0.13474224360123993,0.1243679360610829,-0.00048623341347269817,True
bistable + memory,0.4275,1,0.14482318941871264,0.1392295799775109,0.3311634634361853,0.3111035026323237,0.0017041039815016065,False
bistable + memory,0.4275,2,0.9958437479273241,0.9573805638700873,0.9985745534471921,0.9984373462333989,-0.0019909282016496587,True
bistable + memory,0.43,0,0.052847338394084176,0.05082611386592752,0.1407172486552428,0.12951839803548917,-0.00046356451745320807,True
bistable + memory,0.43,1,0.13934963059367172,0.13401999811066617,0.3221312114118899,0.30156153425118526,0.0014576348873086705,False
bistable + memory,0.43,2,0.9959499739041164,0.9578583958371059,0.9986163989433288,0.9984773860727064,-0.0019911635611105784,True
bistable + memory,0.4325,0,0.05543266728313692,0.05333324865125792,0.1474145545977511,0.1353186560271116,-0.0004367556704786106,True
bistable + memory,0.4325,1,0.13358763404014407,0.12852822806821046,0.31236837272953516,0.29136289182940894,0.0012236476121233507,False
bistable + memory,0.4325,2,0.9960534250577462,0.9583295841999336,0.9986569738634337,0.9985163748730613,-0.001991392577169404,True
bistable + memory,0.435,0,0.05843385069886303,0.05624233887378121,0.15507946335898593,0.14199476685311055,-0.00040415829910576327,True
bistable + memory,0.435,1,0.1274278649553941,0.12264879136098336,0.3016294474613733,0.2802815148428948,0.000999211365821414,False
bistable + memory,0.435,2,0.9961541769192059,0.9587942625508453,0.9986963186973266,0.9985543415029429,-0.00199161543395072,True
bistable + memory,0.4375,0,0.06204252267786281,0.059738329951174646,0.16413969631406514,0.14994208511419505,-0.0003628081202831087,True
bistable + memory,0.4375,1,0.12067854400584721,0.11619667235776211,0.28948651749390003,0.26792204654255525,0.0007801545865262259,False
bistable + memory,0.4375,2,0.9962523028067747,0.9592525611619565,0.9987344725532231,0.99859131397212,-0.0019918323094727745,True
bistable + memory,0.44,0,0.066659079134332,0.06420751930627426,0.1754829436004211,0.15998361074362613,-0.00030634243166272496,True
bistable + memory,0.44,1,0.11293913266983327,0.10878550432295674,0.2750516971315625,0.2534614863894949,0.0005589838119038017,False
bistable + memory,0.44,2,0.9963478738989646,0.9597046070830658,0.9987714732094445,0.9986273194605952,-0.001992043375896025,True
bistable + memory,0.4425,0,0.0734920223836476,0.07081543884754546,0.19176930246319715,0.17459336102849016,-0.0002149356523079447,True
bistable + memory,0.4425,1,0.10300098864454799,0.09924968691864007,0.25566469467473457,0.2344258180191606,0.0003148195372885653,False
bistable + memory,0.4425,2,0.9964409593046435,0.9601505242360602,0.9988073571639547,0.9986623843464001,-0.0019922487997586953,True
bistable + memory,0.445,0,0.9965316261304622,0.9605904335060234,0.9988421596818302,0.998696534232293,-0.001992448742200214,True
bistable + memory,0.4475,0,0.99661993954571,0.9610244528291876,0.9988759148407566,0.9987297939714125,-0.001992643359173303,True
bistable + memory,0.45,0,0.9967059628447179,0.961452697277863,0.9989086555746506,0.9987621876919354,-0.0019928328016454856,True
bistable + memory,0.4525,0,0.9967897575069198,0.9618752791424666,0.9989404137154929,0.9987937388207854,-0.0019930172157906463,True
bistable + memory,0.455,0,0.9968713832546727,0.9622923080107693,0.9989712200334522,0.9988244701064337,-0.0019931967431712884,True
bistable + memory,0.4575,0,0.9969508981089419,0.9627038908444745,0.999001104275385,0.9988544036408376,-0.001993371520912053,True
bistable + memory,0.46,0,0.9970283584429382,0.9631101320532373,0.9990300952017819,0.9988835608805497,-0.0019935416818650286,True
bistable + memory,0.4625,0,0.997103819033804,0.9635111335662249,0.999058220622232,0.9989119626670425,-0.0019937073547673474,True
bistable + memory,0.465,0,0.9971773331124241,0.9639069949013142,0.9990855074294739,0.9989396292462747,-0.0019938686643915203,True
bistable + memory,0.4675,0,0.9972489524114507,0.9642978132320248,0.9991119816320949,0.998966580287539,-0.001994025731688929,True
bistable + memory,0.47000000000000003,0,0.9973187272116104,0.9646836834522676,0.9991376683859403,0.9989928349016216,-0.0019941786739268766,True
bistable + memory,0.47250000000000003,0,0.9973867063863717,0.965064698239002,0.9991625920242899,0.9990184116582991,-0.001994327604819546,True
bistable + memory,0.47500000000000003,0,0.9974529374450389,0.9654409481128752,0.9991867760868552,0.999043328603207,-0.001994472634653225,True
bistable + memory,0.47750000000000004,0,0.9975174665743389,0.9658125214969268,0.9992102433476514,0.9990676032741034,-0.0019946138704060984,True
bistable + memory,0.48,0,0.9975803386785616,0.9661795047734252,0.9992330158417891,0.9990912527165526,-0.001994751415862907,True
bistable + memory,0.4825,0,0.9976415974183137,0.9665419823389114,0.9992551148912382,0.9991142934990561,-0.001994885371724751,True
bistable + memory,0.485,0,0.9977012852479457,0.9669000366575156,0.9992765611296027,0.9991367417276512,-0.0019950158357142965,True
bistable + memory,0.4875,0,0.9977594434516956,0.9672537483126058,0.9992973745259526,0.9991586130599995,-0.0019951429026766098,True
bistable + memory,0.49,0,0.9978161121786162,0.9676031960568414,0.9993175744077515,0.9991799227189895,-0.0019952666646758767,True
bistable + memory,0.4925,0,0.9978713304763169,0.9679484568606748,0.9993371794829186,0.9992006855058666,-0.001995387211088175,True
bistable + memory,0.495,0,0.9979251363235813,0.9682896059593702,0.9993562078610605,0.9992209158129176,-0.0019955046286905414,True
bistable + memory,0.4975,0,0.9979775666618949,0.9686267168985859,0.9993746770739106,0.9992406276357195,-0.0019956190017464816,True
bistable + memory,0.5,0,0.9980286574259296,0.9689598615785724,0.9993926040950044,0.999259834584977,-0.001995730412088125,True
bistable + memory,0.5025000000000001,0,0.9980784435730257,0.9692891102970391,0.9994100053586268,0.9992785498979594,-0.001995838939195166,True
bistable + memory,0.505,0,0.9981269591117063,0.9696145317907312,0.9994268967780592,0.9992967864495566,-0.0019959446602707703,True
bistable + memory,0.5075000000000001,0,0.9981742371292639,0.9699361932757674,0.9994432937631541,0.9993145567629663,-0.001996047650314559,True
bistable + memory,0.51,0,0.9982203098184539,0.9702541604867762,0.999459211237268,0.9993318730200288,-0.0019961479821928407,True
bistable + memory,0.5125,0,0.9982652085033257,0.9705684977148767,0.9994746636535752,0.9993487470712202,-0.0019962457267061946,True
bistable + memory,0.515,0,0.9983089636642277,0.9708792678445421,0.9994896650107888,0.9993651904453208,-0.001996340952654541,True
bistable + memory,0.5175,0,0.998351604962014,0.9711865323893835,0.9995042288683134,0.9993812143587674,-0.0019964337268998044,True
bistable + memory,0.52,0,0.9983931612614829,0.9714903515268921,0.9995183683608515,0.9993968297247033,-0.0019965241144262883,True
bistable + memory,0.5225,0,0.9984336606540722,0.9717907841321709,0.9995320962124842,0.999412047161737,-0.001996612178398846,True
bistable + memory,0.525,0,0.9984731304798471,0.9720878878106997,0.9995454247502495,0.9994268770024199,-0.0019966979802189654,True
bistable + memory,0.5275,0,0.9985115973487939,0.9723817189301496,0.9995583659172357,0.9994413293014547,-0.001996781579578847,True
bistable + memory,0.53,0,0.9985490871614546,0.9726723326512975,0.9995709312852106,0.9994554138436418,-0.0019968630345135545,True
bistable + memory,0.5325,0,0.9985856251289198,0.972959782958053,0.9995831320668024,0.9994691401515764,-0.001996942401451343,True
bistable + memory,0.535,0,0.9986212357922062,0.9732441226866386,0.9995949791272531,0.9994825174931032,-0.0019970197352622188,True
bistable + memory,0.5375,0,0.9986559430410364,0.9735254035539463,0.999606482995757,0.9994955548885371,-0.001997095089304824,True
bistable + memory,0.54,0,0.9986897701320467,0.9738036761850942,0.9996176538764026,0.9995082611176608,-0.001997168515471689,True
bistable + memory,0.5425,0,0.9987227397064387,0.9740789901402184,0.9996285016587337,0.9995206447265037,-0.0019972400642329587,True
bistable + memory,0.545,0,0.9987548738070959,0.9743513939405124,0.9996390359279422,0.9995327140339135,-0.001997309784678624,True
bistable + memory,0.5475,0,0.9987861938951834,0.974620935093549,0.9996492659747075,0.9995444771379245,-0.00199737772455932,True
bistable + memory,0.55,0,0.9988167208662462,0.9748876601178978,0.9996592008046961,0.9995559419219311,-0.0019974439303257693,True
bistable + memory,0.5525,0,0.9988464750658288,0.9751516145670723,0.9996688491477344,0.9995671160606748,-0.0019975084471669105,True
bistable + memory,0.555,0,0.9988754763046246,0.9754128430528137,0.9996782194666656,0.9995780070260476,-0.0019975713190467574,True
bistable + memory,0.5575,0,0.9989037438731769,0.9756713892677432,0.9996873199659044,0.9995886220927218,-0.0019976325887400477,True
bistable + memory,0.56,0,0.998931296556143,0.9759272960073972,0.9996961585996984,0.9995989683436085,-0.0019976922978667405,True
bistable + memory,0.5625,0,0.9989581526461386,0.9761806051916664,0.9997047430801109,0.9996090526751547,-0.001997750486925367,True
bistable + memory,0.5650000000000001,0,0.9989843299571732,0.9764313578856549,0.9997130808847294,0.99961888180248,-0.001997807195325327,True
bistable + memory,0.5675,0,0.9990098458376937,0.9766795943199815,0.9997211792641165,0.9996284622643631,-0.001997862461418142,True
bistable + memory,0.5700000000000001,0,0.9990347171832441,0.976925353910532,0.9997290452490079,0.9996378004280772,-0.0019979163225276957,True
bistable + memory,0.5725,0,0.9990589604487594,0.9771686752776915,0.9997366856572679,0.9996469024940857,-0.001997968814979537,True
bistable + memory,0.5750000000000001,0,0.9990825916605013,0.9774095962650586,0.9997441071006138,0.9996557745005982,-0.001998019974129236,True
bistable + memory,0.5775,0,0.9991056264276483,0.9776481539576684,0.9997513159911122,0.9996644223279922,-0.001998069834389867,True
bistable + memory,0.58,0,0.9991280799535529,0.977884384699731,0.9997583185474613,0.9996728517031084,-0.0019981184292586153,True
bistable + memory,0.5825,0,0.9991499670466744,0.9781183241119076,0.9997651208010633,0.9996810682034173,-0.0019981657913425684,True
bistable + memory,0.585,0,0.9991713021311976,0.9783500071081273,0.9997717286018946,0.9996890772610671,-0.001998211952383702,True
bistable + memory,0.5875,0,0.9991920992573511,0.9785794679119711,0.9997781476241825,0.999696884166815,-0.001998256943283099,True
bistable + memory,0.59,0,0.9992123721114265,0.9788067400726245,0.9997843833718942,0.999704494073842,-0.0019983007941244235,True
bistable + memory,0.5925,0,0.9992321340255195,0.9790318564804171,0.9997904411840459,0.9997119120014624,-0.001998343534196682,True
bistable + memory,0.595,0,0.9992513979869895,0.9792548493819628,0.9997963262398349,0.9997191428387233,-0.0019983851920162897,True
bistable + memory,0.5975,0,0.9992701766476548,0.9794757503949044,0.9998020435636076,0.9997261913479029,-0.0019984257953484666,True
bistable + memory,0.6,0,0.9992884823327286,0.9796945905222829,0.999807598029661,0.9997330621679085,-0.001998465371227998,True
bistable + memory,0.6025,0,0.9993063270495031,0.9799114001665388,0.9998129943668903,0.9997397598175791,-0.0019985039459793586,True
bistable + memory,0.605,0,0.9993237224957916,0.980126209143153,0.9998182371632844,0.9997462886988935,-0.001998541545236254,True
bistable + memory,0.6075,0,0.9993406800681321,0.9803390466939409,0.9998233308702752,0.9997526531000863,-0.001998578193960562,True
bistable + memory,0.61,0,0.9993572108697664,0.9805499415000118,0.9998282798069462,0.9997588571986802,-0.0019986139164607213,True
bistable + memory,0.6125,0,0.9993733257183923,0.9807589216943967,0.9998330881641053,0.9997649050644285,-0.0019986487364095783,True
bistable + memory,0.615,0,0.9993890351537051,0.9809660148743576,0.9998377600082261,0.999770800662178,-0.001998682676861713,True
bistable + memory,0.6175,0,0.9994043494447271,0.9811712481133892,0.9998422992852622,0.9997765478546512,-0.0019987157602702386,True
bistable + memory,0.62,0,0.9994192785969371,0.981374647972919,0.9998467098243391,0.99978215040515,-0.0019987480085031394,True
bistable + memory,0.6225,0,0.9994338323592022,0.9815762405137117,0.9998509953413286,0.9997876119801857,-0.001998779442859105,True
bistable + memory,0.625,0,0.9994480202305189,0.9817760513069931,0.9998551594423067,0.9997929361520351,-0.001998810084082926,True
bistable + memory,0.6275000000000001,0,0.9994618514665699,0.981974105445293,0.999859205626904,0.9997981264012255,-0.0019988399523804363,True
bistable + memory,0.63,0,0.9994753350861012,0.9821704275530241,0.9998631372915471,0.9998031861189517,-0.0019988690674330265,True
bistable + memory,0.6325000000000001,0,0.9994884798771246,0.9823650417967933,0.9998669577325979,0.9998081186094264,-0.001998897448411733,True
bistable + memory,0.635,0,0.9995012944029522,0.9825579718954635,0.9998706701493941,0.9998129270921657,-0.0019989251139909477,True
bistable + memory,0.6375000000000001,0,0.999513787008065,0.9827492411299656,0.9998742776471911,0.9998176147042116,-0.001998952082361704,True
bistable + memory,0.64,0,0.999525965823824,0.9829388723528694,0.9998777832400132,0.9998221845022947,-0.0019989783712446117,True
bistable + memory,0.6425,0,0.9995378387740244,0.9831268879977201,0.9998811898534141,0.9998266394649358,-0.0019990039979024105,True
bistable + memory,0.645,0,0.999549413580302,0.9833133100881487,0.9998845003271497,0.9998309824944929,-0.0019990289791521794,True
bistable + memory,0.6475,0,0.9995606977673921,0.9834981602467597,0.9998877174177686,0.9998352164191502,-0.001999053331377193,True
bistable + memory,0.65,0,0.9995716986682457,0.9836814597037998,0.9998908438011186,0.999839343994854,-0.001999077070538441,True
bistable + memory,0.6525,0,0.9995824234290105,0.9838632293056218,0.9998938820747781,0.9998433679071963,-0.0019991002121858424,True
bistable + memory,0.655,0,0.9995928790138757,0.9840434895229407,0.9998968347604085,0.9998472907732465,-0.001999122771469131,True
bistable + memory,0.6575,0,0.99960307220979,0.9842222604588924,0.9998997043060344,0.9998511151433355,-0.0019991447631484403,True
bistable + memory,0.66,0,0.999613009631048,0.9843995618568959,0.9999024930882537,0.999854843502789,-0.0019991662016045964,True
bistable + memory,0.6625,0,0.9996226977237599,0.9845754131083306,0.9999052034143768,0.9998584782736165,-0.0019991871008491263,True
bistable + memory,0.665,0,0.999632142770198,0.9847498332600277,0.9999078375245006,0.9998620218161539,-0.001999207474533986,True
bistable + memory,0.6675,0,0.9996413508930291,0.984922841021583,0.9999103975935186,0.9998654764306621,-0.001999227335961023,True
bistable + memory,0.67,0,0.9996503280594327,0.9850944547724957,0.9999128857330678,0.9998688443588825,-0.0019992466980911718,True
bistable + memory,0.6725,0,0.9996590800851126,0.9852646925691397,0.9999153039934155,0.9998721277855519,-0.001999265573553411,True
bistable + memory,0.675,0,0.9996676126381989,0.985433572151565,0.9999176543652891,0.9998753288398758,-0.0019992839746534566,True
bistable + memory,0.6775,0,0.9996759312430479,0.9856011109501437,0.9999199387816471,0.999878449596963,-0.00199930191338223,True
bistable + memory,0.68,0,0.9996840412839423,0.9857673260920545,0.9999221591193984,0.9998814920792218,-0.0019993194014240935,True
bistable + memory,0.6825,0,0.9996919480086932,0.9859322344076198,0.9999243172010668,0.9998844582577201,-0.0019993364501648555,True
bistable + memory,0.685,0,0.999699656532145,0.9860958524364883,0.9999264147964042,0.9998873500535072,-0.001999353070699562,True
bistable + memory,0.6875,0,0.9997071718395916,0.9862581964336777,0.9999284536239569,0.9998901693389028,-0.001999369273840081,True
bistable + memory,0.6900000000000001,0,0.9997144987900992,0.9864192823754733,0.9999304353525806,0.9998929179387509,-0.0019993850701224684,True
bistable + memory,0.6925,0,0.9997216421197443,0.9865791259651899,0.9999323616029114,0.9998955976316405,-0.0019994004698141543,True
bistable + memory,0.6950000000000001,0,0.9997286064447648,0.9867377426388008,0.9999342339487912,0.9998982101510937,-0.001999415482920914,True
bistable + memory,0.6975,0,0.9997353962646303,0.9868951475704343,0.9999360539186499,0.9999007571867243,-0.00199943011919367,True
bistable + memory,0.7000000000000001,0,0.9997420159650292,0.9870513556777439,0.9999378229968447,0.9999032403853635,-0.0019994443881350948,True
bistable + memory,0.7025,0,0.9997484698207817,0.9872063816271556,0.9999395426249597,0.9999056613521575,-0.0019994582990060556,True
bistable + memory,0.705,0,0.999754761998672,0.987360239838991,0.9999412142030653,0.9999080216516355,-0.0019994718608318646,True
bistable + memory,0.7075,0,0.9997608965602105,0.987512944492477,0.9999428390909404,0.9999103228087509,-0.001999485082408377,True
bistable + memory,0.71,0,0.9997668774643214,0.987664509530636,0.999944418609256,0.9999125663098933,-0.001999497972307927,True
bistable + memory,0.7125,0,0.9997727085699615,0.9878149486650686,0.9999459540407248,0.9999147536038759,-0.0019995105388850892,True
bistable + memory,0.715,0,0.9997783936386704,0.9879642753806225,0.9999474466312147,0.9999168861028962,-0.0019995227902823106,True
bistable + memory,0.7175,0,0.9997839363370542,0.9881125029399586,0.9999488975908292,0.9999189651834708,-0.0019995347344353735,True
bistable + memory,0.72,0,0.9997893402392055,0.9882596443880121,0.9999503080949553,0.9999209921873476,-0.00199954637907872,True
bistable + memory,0.7225,0,0.9997946088290599,0.9884057125563518,0.9999516792852802,0.9999229684223937,-0.001999557731750636,True
bistable + memory,0.725,0,0.9997997455026901,0.9885507200674399,0.9999530122707762,0.999924895163458,-0.0019995687997983024,True
bistable + memory,0.7275,0,0.9998047535705445,0.9886946793387993,0.9999543081286573,0.9999267736532149,-0.001999579590382703,True
bistable + memory,0.73,0,0.9998096362596227,0.9888376025870811,0.9999555679053067,0.9999286051029838,-0.001999590110483407,True
bistable + memory,0.7325,0,0.9998143967155988,0.9889795018320463,0.9999567926171767,0.9999303906935271,-0.001999600366903233,True
bistable + memory,0.735,0,0.9998190380048881,0.9891203889004547,0.9999579832516606,0.9999321315758296,-0.0019996103662727766,True
bistable + memory,0.7375,0,0.9998235631166603,0.9892602754298668,0.99995914076794,0.9999338288718554,-0.0019996201150548295,True
bistable + memory,0.74,0,0.9998279749648016,0.9893991728723631,0.9999602660978058,0.9999354836752862,-0.0019996296195486794,True
bistable + memory,0.7425,0,0.9998322763898244,0.9895370924981767,0.9999613601464553,0.9999370970522408,-0.001999638885894294,True
bistable + memory,0.745,0,0.9998364701607305,0.9896740453992482,0.9999624237932647,0.999938670041975,-0.001999647920076402,True
bistable + memory,0.7475,0,0.9998405589768256,0.9898100424927022,0.9999634578925402,0.9999402036575659,-0.001999656727928459,True
bistable + memory,0.75,0,0.9998445454694833,0.989945094524241,0.9999644632742443,0.9999416988865736,-0.0019996653151365213,True
bistable + memory,0.7525000000000001,0,0.9998484322038703,0.9900792120714708,0.9999654407447034,0.999943156691692,-0.0019996736872430003,True
bistable + memory,0.755,0,0.9998522216806216,0.9902124055471494,0.9999663910872916,0.9999445780113779,-0.001999681849650341,True
bistable + memory,0.7575000000000001,0,0.9998559163374767,0.9903446852023648,0.9999673150630967,0.9999459637604667,-0.001999689807624587,True
bistable + memory,0.76,0,0.9998595185508696,0.9904760611296415,0.9999682134115639,0.9999473148307706,-0.0019996975662988623,True
bistable + memory,0.7625000000000001,0,0.9998630306374838,0.990606543265982,0.9999690868511237,0.999948632091663,-0.001999705130676764,True
bistable + memory,0.765,0,0.9998664548557614,0.990736141395839,0.9999699360797975,0.9999499163906462,-0.0019997125056356512,True
bistable + memory,0.7675000000000001,0,0.999869793407377,0.9908648651540228,0.9999707617757884,0.9999511685539062,-0.00199971969592987,True
bistable + memory,0.77,0,0.9998730484386742,0.9909927240285482,0.9999715645980528,0.9999523893868518,-0.00199972670619388,True
bistable + memory,0.7725,0,0.9998762220420627,0.9911197273634151,0.9999723451868557,0.9999535796746404,-0.0019997335409453094,True
bistable + memory,0.775,0,0.9998793162573831,0.9912458843613329,0.9999731041643101,0.999954740182691,-0.0019997402045879207,True
bistable + memory,0.7775,0,0.9998823330732334,0.9913712040863825,0.9999738421348988,0.9999558716571835,-0.001999746701414506,True
bistable + memory,0.78,0,0.999885274428264,0.9914956954666233,0.9999745596859838,0.9999569748255442,-0.0019997530356097126,True
bistable + memory,0.7825,0,0.9998881422124395,0.9916193672966432,0.9999752573882972,0.9999580503969212,-0.0019997592112527833,True
bistable + memory,0.785,0,0.9998909382682664,0.991742228240052,0.9999759357964209,0.9999590990626455,-0.0019997652323202313,True
bistable + memory,0.7875,0,0.9998936643919918,0.9918642868319238,0.9999765954492499,0.9999601214966815,-0.001999771102688458,True
bistable + memory,0.79,0,0.9998963223347705,0.9919855514811864,0.9999772368704436,0.9999611183560652,-0.0019997768261362813,True
bistable + memory,0.7925,0,0.9998989138038019,0.9921060304729575,0.9999778605688622,0.9999620902813324,-0.001999782406347412,True
bistable + memory,0.795,0,0.9999014404634392,0.9922257319708346,0.9999784670389924,0.9999630378969349,-0.001999787846912873,True
bistable + memory,0.7975,0,0.9999039039362687,0.9923446640191323,0.9999790567613586,0.9999639618116457,-0.001999793151333339,True
bistable + memory,0.8,0,0.999906305804164,0.9924628345450759,0.9999796302029239,0.999964862618956,-0.0019997983230214296,True
bistable + memory,0.8025,0,0.9999086476093102,0.9925802513609444,0.9999801878174778,0.9999657408974596,-0.001999803365303934,True
bistable + memory,0.805,0,0.9999109308552061,0.9926969221661724,0.9999807300460137,0.9999665972112286,-0.001999808281423994,True
bistable + memory,0.8075,0,0.9999131570076367,0.9928128545494042,0.9999812573170949,0.9999674321101806,-0.0019998130745432097,True
bistable + memory,0.81,0,0.9999153274956243,0.9929280559905059,0.99998177004721,0.9999682461304342,-0.001999817747743709,True
bistable + memory,0.8125,0,0.9999174437123532,0.9930425338625357,0.9999822686411179,0.9999690397946577,-0.0019998223040301544,True
bistable + memory,0.8150000000000001,0,0.9999195070160734,0.9931562954336723,0.9999827534921834,0.9999698136124072,-0.0019998267463317058,True
bistable + memory,0.8175,0,0.999921518730978,0.9932693478691024,0.9999832249827012,0.9999705680804577,-0.00199983107750392,True
bistable + memory,0.8200000000000001,0,0.9999234801480621,0.9933816982328701,0.999983683484213,0.9999713036831246,-0.001999835300330621,True
bistable + memory,0.8225,0,0.9999253925259564,0.9934933534896857,0.9999841293578139,0.9999720208925771,-0.0019998394175257074,True
bistable + memory,0.8250000000000001,0,0.9999272570917423,0.9936043205066998,0.9999845629544497,0.9999727201691444,-0.001999843431734913,True
bistable + memory,0.8275,0,0.9999290750417462,0.9937146060552375,0.9999849846152064,0.9999734019616144,-0.0019998473455375386,True
bistable + memory,0.8300000000000001,0,0.9999308475423108,0.9938242168124991,0.9999853946715906,0.9999740667075222,-0.0019998511614481157,True
bistable + memory,0.8325,0,0.9999325757305508,0.9939331593632234,0.9999857934458032,0.9999747148334354,-0.0019998548819180582,True
bistable + memory,0.835,0,0.9999342607150874,0.9940414402013191,0.9999861812510024,0.9999753467552286,-0.001999858509337233,True
bistable + memory,0.8375,0,0.9999359035767632,0.9941490657314608,0.9999865583915623,0.9999759628783527,-0.001999862046035533,True
bistable + memory,0.84,0,0.9999375053693422,0.9942560422706528,0.9999869251633215,0.9999765635980975,-0.001999865494284374,True
bistable + memory,0.8425,0,0.9999390671201887,0.9943623760497612,0.9999872818538267,0.9999771492998464,-0.001999868856298178,True
bistable + memory,0.845,0,0.9999405898309313,0.9944680732150143,0.9999876287425664,0.9999777203593259,-0.0019998721342358067,True
bistable + memory,0.8475,0,0.9999420744781098,0.9945731398294728,0.9999879661012017,0.9999782771428488,-0.0019998753302019603,True
bistable + memory,0.85,0,0.9999435220138033,0.994677581874468,0.9999882941937861,0.9999788200075491,-0.0019998784462485425,True
bistable + memory,0.8525,0,0.9999449333662478,0.9947814052510152,0.9999886132769832,0.9999793493016151,-0.001999881484375991,True
bistable + memory,0.855,0,0.9999463094404313,0.9948846157811936,0.9999889236002745,0.9999798653645119,-0.001999884446534575,True
bistable + memory,0.8575,0,0.9999476511186807,0.9949872192095021,0.999989225406164,0.9999803685272017,-0.001999887334625655,True
bistable + memory,0.86,0,0.9999489592612285,0.9950892212041847,0.9999895189303752,0.9999808591123575,-0.0019998901505029155,True
bistable + memory,0.8625,0,0.9999502347067675,0.9951906273585309,0.9999898044020429,0.9999813374345703,-0.0019998928959735662,True
bistable + memory,0.865,0,0.9999514782729935,0.9952914431921516,0.9999900820439,0.9999818038005531,-0.001999895572799508,True
bistable + memory,0.8675,0,0.9999526907571288,0.9953916741522238,0.9999903520724581,0.999982258509338,-0.0019998981826984765,True
bistable + memory,0.87,0,0.9999538729364392,0.9954913256147181,0.9999906146981835,0.9999827018524693,-0.0019999007273451518,True
bistable + memory,0.8725,0,0.9999550255687326,0.9955904028855953,0.9999908701256679,0.9999831341141912,-0.0019999032083722395,True
bistable + memory,0.875,0,0.9999561493928477,0.9956889112019821,0.9999911185537947,0.9999835555716315,-0.0019999056273715256,True
bistable + memory,0.8775000000000001,0,0.9999572451291303,0.9957868557333241,0.9999913601758997,0.9999839664949799,-0.0019999079858949156,True
bistable + memory,0.88,0,0.9999583134798962,0.9958842415825131,0.9999915951799274,0.9999843671476616,-0.0019999102854554177,True
bistable + memory,0.8825000000000001,0,0.9999593551298838,0.9959810737869952,0.9999918237485839,0.9999847577865079,-0.001999912527528138,True
bistable + memory,0.885,0,0.9999603707466955,0.9960773573198554,0.9999920460594836,0.999985138661921,-0.0019999147135512244,True
bistable + memory,0.8875000000000001,0,0.9999613609812259,0.9961730970908802,0.9999922622852934,0.9999855100180356,-0.001999916844926795,True
bistable + memory,0.89,0,0.9999623264680821,0.9962682979476024,0.9999924725938718,0.9999858720928757,-0.001999918923021849,True
bistable + memory,0.8925000000000001,0,0.9999632678259913,0.9963629646763205,0.9999926771484043,0.9999862251185084,-0.001999920949169144,True
bistable + memory,0.895,0,0.9999641856581984,0.9964571020031037,0.9999928761075351,0.9999865693211926,-0.0019999229246680517,True
bistable + memory,0.8975,0,0.9999650805528553,0.9965507145947728,0.9999930696254941,0.9999869049215252,-0.00199992485078541,True
bistable + memory,0.9,0,0.9999659530833982,0.9966438070598653,0.9999932578522224,0.9999872321345828,-0.0019999267287563243,True
bistable + memory,0.9025,0,0.9999668038089164,0.9967363839495785,0.999993440933492,0.99998755117006,-0.001999928559784977,True
bistable + memory,0.905,0,0.9999676332745127,0.9968284497586979,0.9999936190110227,0.9999878622324049,-0.001999930345045392,True
bistable + memory,0.9075,0,0.9999684420116517,0.9969200089265046,0.9999937922225964,0.9999881655209492,-0.001999932085682202,True
bistable + memory,0.91,0,0.9999692305385046,0.9970110658376675,0.9999939607021683,0.9999884612300382,-0.001999933782811379,True
bistable + memory,0.9125,0,0.9999699993602795,0.9971016248231171,0.9999941245799727,0.9999887495491543,-0.001999935437520958,True
bistable + memory,0.915,0,0.9999707489695477,0.9971916901609026,0.9999942839826291,0.9999890306630402,-0.001999937050871735,True
bistable + memory,0.9175,0,0.9999714798465595,0.9972812660770329,0.9999944390332424,0.999989304751816,-0.001999938623897952,True
bistable + memory,0.92,0,0.9999721924595528,0.9973703567463016,0.9999945898515017,0.9999895719910965,-0.0019999401576079605,True
bistable + memory,0.9225,0,0.9999728872650546,0.9974589662930965,0.9999947365537771,0.9999898325521034,-0.0019999416529848774,True
bistable + memory,0.925,0,0.9999735647081733,0.9975470987921924,0.9999948792532112,0.9999900866017754,-0.0019999431109872074,True
bistable + memory,0.9275,0,0.9999742252228856,0.9976347582695311,0.9999950180598097,0.9999903343028751,-0.0019999445325494694,True
bistable + memory,0.93,0,0.9999748692323149,0.9977219487029856,0.9999951530805311,0.999990575814095,-0.0019999459185827935,True
bistable + memory,0.9325,0,0.9999754971490022,0.9978086740231075,0.999995284419369,0.9999908112901573,-0.001999947269975511,True
bistable + memory,0.935,0,0.9999761093751725,0.9978949381138654,0.9999954121774374,0.9999910408819154,-0.0019999485875937186,True
bistable + memory,0.9375,0,0.9999767063029923,0.9979807448133656,0.9999955364530507,0.9999912647364493,-0.0019999498722818474,True
bistable + memory,0.9400000000000001,0,0.999977288314821,0.998066097914559,0.9999956573418012,0.9999914829971608,-0.001999951124863193,True
bistable + memory,0.9425,0,0.9999778557834571,0.9981510011659386,0.9999957749366358,0.9999916958038653,-0.0019999523461404533,True
bistable + memory,0.9450000000000001,0,0.9999784090723778,0.9982354582722198,0.9999958893279305,0.999991903292882,-0.001999953536896245,True
bistable + memory,0.9475,0,0.9999789485359709,0.9983194728950108,0.9999960006035606,0.9999921055971212,-0.0019999546978935996,True
bistable + memory,0.9500000000000001,0,0.9999794745197632,0.9984030486534684,0.9999961088489722,0.9999923028461688,-0.0019999558298764647,True
bistable + memory,0.9525,0,0.9999799873606434,0.9984861891249447,0.9999962141472492,0.9999924951663716,-0.001999956933570173,True
bistable + memory,0.9550000000000001,0,0.9999804873870759,0.9985688978456188,0.9999963165791791,0.9999926826809159,-0.0019999580096819146,True
bistable + memory,0.9575,0,0.9999809749193134,0.9986511783111184,0.9999964162233174,0.9999928655099085,-0.0019999590589011877,True
bistable + memory,0.96,0,0.9999814502696014,0.99873303397713,0.9999965131560495,0.999993043770453,-0.0019999600819002416,True
bistable + memory,0.9625,0,0.9999819137423798,0.9988144682599979,0.9999966074516522,0.9999932175767244,-0.001999961079334514,True
bistable + memory,0.965,0,0.9999823656344764,0.9988954845373115,0.9999966991823508,0.999993387040044,-0.0019999620518430443,True
bistable + memory,0.9675,0,0.9999828062352989,0.9989760861484827,0.9999967884183775,0.999993552268949,-0.0019999630000488927,True
bistable + memory,0.97,0,0.9999832358270198,0.9990562763953127,0.9999968752280266,0.9999937133692635,-0.0019999639245595314,True
bistable + memory,0.9725,0,0.9999836546847578,0.9991360585425495,0.9999969596777084,0.9999938704441658,-0.0019999648259672424,True
bistable + memory,0.975,0,0.999984063076754,0.9992154358184322,0.9999970418320018,0.9999940235942544,-0.001999965704849497,True
bistable + memory,0.9775,0,0.9999844612645441,0.9992944114152292,0.9999971217537047,0.9999941729176132,-0.0019999665617693196,True
bistable + memory,0.98,0,0.9999848495031258,0.9993729884897647,0.9999971995038843,0.9999943185098739,-0.0019999673972756586,True
bistable + memory,0.9825,0,0.9999852280411228,0.9994511701639359,0.999997275141925,0.9999944604642774,-0.0019999682119037306,True
bistable + memory,0.985,0,0.9999855971209437,0.9995289595252216,0.9999973487255747,0.999994598871734,-0.001999969006175373,True
bistable + memory,0.9875,0,0.9999859569789384,0.9996063596271813,0.9999974203109909,0.9999947338208813,-0.0019999697805993706,True
bistable + memory,0.99,0,0.9999863078455489,0.999683373489946,0.9999974899527845,0.9999948653981411,-0.001999970535671787,True
bistable + memory,0.9925,0,0.9999866499454564,0.999760004100698,0.9999975577040632,0.9999949936877746,-0.001999971271876281,True
bistable + memory,0.995,0,0.9999869834977275,0.9998362544141476,0.9999976236164726,0.9999951187719376,-0.0019999719896844213,True
bistable + memory,0.9975,0,0.9999873087159519,0.999912127352993,0.9999976877402372,0.9999952407307312,-0.0019999726895559805,True
bistable + memory,1.0,0,0.9999876258083817,0.9999876258083817,0.9999977501241999,0.9999953596422552,-0.001999973371939237,True
