draw,area_baseline,area_neutralized,memory_attributable_area,multiplier_gain,multiplier_w_g,multiplier_w_alpha,multiplier_w_m,multiplier_w_l,multiplier_w_c,multiplier_threshold,multiplier_tau_m,multiplier_tau_l,multiplier_tau_c,multiplier_delta_m,multiplier_decay_l,multiplier_consolidate_c,multiplier_recover_c
0,0.5093412974987112,0.022592048265507477,0.4867492492332037,1.0061641950147902,1.0231508867297998,0.9449883053921044,0.8960990258801171,1.0713688811612356,0.8286187783202804,1.1418735195778478,0.8087313261825566,0.880942092119249,1.1894583243066585,1.0701161765699918,1.0034901451524074,1.0936736269179845,1.1757344067446152
1,0.5852626731941277,0.06512165777799145,0.5201410154161363,1.10777138665483,1.0428476707632222,0.9182674397062948,1.019598566593921,1.0684429851056438,0.9343428668256384,1.1236079642762702,0.940953560337129,0.9402091397781176,0.8990468322666496,1.1245400977406135,1.0187639097810248,0.8984922881156783,1.0483571031923153
2,0.4546556917059183,0.002410514452926359,0.45224517725299196,0.8137647375510267,1.0870087399666462,0.8630491684897272,0.818734441718962,0.9667856818831375,0.8153210202077554,1.1329932078039726,1.1861168099637935,0.9806797676326353,1.1102400603809965,0.9135096421017456,1.0574116701510459,0.8103834471248221,1.0777936612682608
3,0.46560021687109027,0.0675391417528326,0.39806107511825767,1.0259560318615535,1.1861230250416015,1.0979498968987547,0.851718169916745,1.195764583418838,1.1681937835584582,0.9391408203622359,0.9689466750243587,1.1560842504569382,0.9523415482415413,0.8567893117218726,1.0392355895524796,1.0612735638953328,0.8471226859050771
4,0.3907269955920744,0.027943351236554705,0.3627836443555197,1.1058854233036055,1.0332514754318465,1.1431088767947015,0.9897824678393156,0.9900402865792314,0.9276878693899603,0.8194962266613436,1.190659587453685,1.1814511015974913,1.0510891373657198,0.9057230750381704,0.8344620061097683,0.8054005405128339,1.1421716193607634
5,0.5663911101100612,0.008129347209742262,0.5582617629003189,1.1269822114485428,0.8087122696064849,0.8646586609150014,1.1638426119302412,0.9984638548553164,0.9591378760046019,1.0972704646650147,0.8960324256080815,0.8191249223548338,0.9433526994753649,1.1202036703702505,1.0683581739129184,1.038346822937619,1.118346310399274
6,0.4022229877444106,6.0429272168615235e-05,0.402162558472242,0.8647193570414069,0.8237071050089163,1.0819327704635646,0.8914619085621965,0.936710616133772,1.1379691804148833,1.1906725640446356,1.0874310000501117,1.099837834098953,0.9616529323733604,0.8898538408591863,0.9698335202540405,1.1108340172027165,0.9421828828920242
7,0.46889193820146735,0.04670873212333028,0.4221832060781371,1.1956389256226063,0.9381629497556905,0.9219640976300435,1.1109364915396656,1.1520509804967989,1.1180250685801383,0.802433840181801,1.0003777399224647,0.8440971940822992,1.1369037690652997,1.142003499564643,0.9666675314336248,1.1795233175340964,1.068657870056685
8,0.43305107065010284,0.0005394395147505997,0.43251163113535224,1.0080812638220862,0.8504089088051496,1.0693982433046714,1.0931706772992493,0.8838067500137398,1.103298704255233,1.18583345328379,0.9927889761335059,0.9161706855993292,1.0494500468606134,1.1387513741682163,0.9394005299431694,0.8553766767952415,0.9990876623086145
9,0.3809868834516351,0.03984892777047947,0.3411379556811556,0.8963878469254403,1.173396297640604,0.9810326737897803,0.9897288239764166,1.0622777547052444,0.971809439779633,0.8239457445229317,1.0236512117842806,0.8823075525214713,1.1074853003005787,1.150326502583748,0.8358848876834942,0.831430505887399,1.176878026230685
10,0.43123720797630954,5.519554327285816e-05,0.43118201243303667,0.8117804996694842,0.8669879581869048,0.9434206654580153,1.0061193908284445,1.1226438326870536,1.1907575697752706,0.970310941165898,0.8941920483589189,1.1750490763891788,1.0977497037029154,1.103286314793917,0.8555195989010134,0.8974956117892275,1.0283626974075692
11,0.4626664155111985,0.015829120749340796,0.44683729476185774,0.9723580772176539,1.0125823353622017,0.957935993625652,0.9891274245209417,0.839608949987416,0.8646623451037257,1.0882266788696324,0.879350952320902,1.1776883968678493,0.9355373691509985,0.9744248654131593,1.1225154441865024,1.157571277362381,0.9627563469805788
12,0.4819875604050131,0.04751330841421547,0.43447425199079764,1.0896141653111708,1.039280264412333,0.952833420751107,1.1992627302032854,1.0486870473706393,0.8304817719969702,0.9510088852729347,0.8782428235069282,0.9446401469931203,1.037410210862455,1.040387687499262,1.021531956930215,0.8101364594973988,0.9674620803753924
13,0.4905998053635354,0.0007301115361127917,0.4898696938274226,0.8183362185670238,0.9869428496017562,0.8342884675027648,0.8905879643633566,1.1658187917484457,1.0715551597341215,0.9336841576079472,1.099092951833897,0.8645214103059204,0.8681545862754919,1.0770879307581431,1.0843605950756425,0.9881972660915013,1.1841020174133678
14,0.49735482686806476,0.007151617683880746,0.49020320918418403,1.0809327786853404,0.8489697846816066,0.8728725092033288,1.0445667076111291,0.8661588410588119,1.1445639753829266,0.9627373868266049,0.9339193645086191,0.8201094243753837,0.8979012206675395,1.182677664408574,0.9225014084386672,0.8108547219034274,0.8115040259415208
15,0.4933819652971101,0.03269994078445719,0.4606820245126529,0.9195587574539892,1.1024085375299035,0.9229706557902277,0.9878238818878531,1.0555460565855355,0.8530435670693604,1.0397359012477438,0.9209632823729875,0.8042541005377121,0.8644605920787178,0.9404411898990922,1.062586372399772,0.8051962754711953,1.0967152865055758
16,0.5136102289115596,0.1070937627747096,0.40651646613685,1.1117311061942765,1.1834643474432731,1.0604965089619474,0.8275176594166198,0.9908906809351794,0.8454977154104708,1.0879105880854034,0.9654921576815136,1.0012741522625301,1.188462260489154,0.8276966917702149,0.9773184255907621,1.056478738696812,1.1547613561807675
17,0.3689718543629187,0.0002558572416976766,0.368715997121221,0.9220033956454781,0.84567837894288,1.0655038885363117,1.0740418686353295,1.0012567925912683,0.9437113481721505,0.8776446989802245,0.9355243081226005,1.014680818931304,1.0311034747747057,0.9113386113000653,1.1150637230726934,1.0548740354539825,1.1770365516319572
18,0.4728509598533273,0.045609087561959985,0.42724187229136734,0.9348419961350277,1.1814818946561128,0.9670041557219157,1.0774163260972882,0.85931430715111,1.074140052920574,1.0007543521970108,0.8307209390938157,0.81405302578562,1.0600240351541401,0.8713219539396916,0.941496061312499,1.027320378836321,1.0185995396972758
19,0.5120597679281209,0.0225833254149986,0.48947644251312233,1.198925991788621,0.8781275763203537,1.0026532086161513,0.8357441362489666,1.1040638569103156,0.9701928458577421,1.0194539928220263,0.8774661670675699,1.0042331760011158,1.0620834530975614,1.0400389366546594,0.8694691088629105,1.154797794349125,1.080040747481051
20,0.5793985504873277,0.07174269762652036,0.5076558528608073,1.0881686140979177,1.0634820878051183,0.8268527048687653,1.0739120318233761,0.8230037909778796,1.1205198334134785,1.0032836309658235,0.8849735077473403,1.014631144711947,0.908703078378306,1.0550659340669335,0.979565028972627,1.08672724536651,0.8878592322719677
21,0.4045970295827397,0.0074607199688653736,0.3971363096138743,1.1097951011111782,0.8473996209381593,1.0923388551486715,0.982012045977782,1.013484131828479,0.9983020672711252,0.8973369884106811,0.8457730880708899,1.076506163147206,1.1480477478258542,1.0865615579825039,1.0971322438285593,0.8378349116923687,0.9173235472067585
22,0.45856471706524987,0.040069161044414374,0.4184955560208355,1.088373266811228,0.9788651718330903,0.9669818005999562,1.0084215880491414,1.1361759111993537,0.9934692524739517,0.8358866503947977,0.8213370022330728,1.1457388620070805,0.8130453569323383,0.9759049957131982,1.0345842219247265,0.9082896950070971,0.8185726574012386
23,0.4967797313975636,0.017427519336127566,0.479352212061436,1.1009412671485845,0.8982009221612027,0.8879275809510326,0.8456927010322263,1.0225535446986485,0.9310139368920539,0.8950871182376814,0.8735011877745595,0.8040967172708098,0.9860844282820256,1.1567313230789922,0.9380265272879089,0.9020741822845522,0.8241940797859248
24,0.4785905319195552,0.017003747300435443,0.4615867846191197,1.1950546990896402,0.8216219818337102,1.0808011579447023,1.1158273517100539,1.008710793325251,0.9235375765173747,1.0628678468244208,1.1530727466382518,0.8443240869291828,0.8194558314416119,0.9397651055545492,1.1151473458797638,1.0645760286397203,1.1911706275168874
25,0.378717266730119,0.0007947690646172509,0.3779224976655018,0.9856794366508607,0.9202068443526357,1.194273910299657,0.8241995814823957,0.9690992412164765,0.8225273235830376,1.165687653033296,1.0089248856146549,1.0464139438143587,0.9051963133437495,0.8792182421224917,1.1275364530163916,0.9207039697040428,1.0460782954185999
26,0.39976430996631157,0.011412563230252717,0.3883517467360589,0.8661684413412567,1.0710620256764158,1.086668896210002,1.0592984166269934,0.9668253343650032,1.149827301695981,0.9540449896214352,0.9998339279383756,0.8019747174383804,1.192793488041654,1.1859909192025762,0.8152017001959991,1.0834024286919655,0.9213789325638128
27,0.5407433177821099,0.009005414541394391,0.5317379032407156,1.0030904744183697,0.9143309611071584,0.8399712923012621,0.9821255859869041,1.167399225486181,0.8692662652476942,1.0307716455730929,0.8601430030888614,1.0485109165700846,1.0185941136574368,1.082754425851578,0.9232935750469512,1.0279132610627866,1.0617424809047926
28,0.4168311549923955,0.0026980687378568833,0.4141330862545386,1.1314416256163662,0.8751458020570612,1.08687444138222,0.9125390508923532,1.004116660017751,1.1102157028066868,0.8615040426509092,1.1685231936487723,0.8780849045559725,1.0041563541752776,0.9776066900301925,0.8455503006549063,0.9590827655184624,0.9226618841115469
29,0.2946223037743435,0.0039044510442869333,0.29071785273005657,0.8110533024083929,1.1721506640666872,1.1495004175860162,1.0235671150415493,1.0643218037075357,0.8590324246128446,0.8152302630418672,0.9202986442261628,1.1804907441839738,0.826778607119629,0.844826986628595,0.94417931047978,1.1996181486237572,1.0213805129027367
30,0.4196437400786753,0.0001344472075764047,0.4195092928710989,0.838502177547073,0.8727742457805583,0.9293511969300818,0.8550714816925431,1.0142603666825907,0.9089352130787766,1.0701712953152676,0.9162728862155857,1.1884701692266626,0.8198255222239753,0.8177729654474143,0.951617616492938,0.9190038906922177,1.0144416988928393
31,0.35573371230345807,0.00034055498253237346,0.3553931573209257,0.8640769729545933,0.9208445121421036,1.180756901511089,0.8132634935586267,0.8076778675392116,1.030020042354339,1.1863513133121424,0.945594613213307,0.9899999538408981,0.8004357977986942,0.8903917583428443,1.0480252334150917,1.079240434938759,1.0823639702618777
32,0.44331208735375,0.07927713935227693,0.36403494800147307,1.084342330487374,1.1543038904311964,1.057986889660079,0.9773859122679045,0.8123823516734615,0.9048658023830266,0.9213521546093364,1.0192886248784085,1.1895541199429045,0.8695964942705382,0.9130784810055543,0.8053131156100436,0.825300518613981,0.9489187517613694
33,0.5043821630456398,0.04968418895801685,0.4546979740876229,1.0796118308467815,1.0799414059248977,1.034878386303772,0.8327870754992219,1.0719479531705987,0.9891998626585174,0.9687240226698746,0.9992013368134076,1.1021862231329584,0.923660488658248,0.8131405242941769,1.0969208165029345,0.9106050902687963,1.066929349028729
34,0.428600000140582,0.006031217628825905,0.4225687825117561,1.1072730278142846,0.8840848076005546,1.190687177729228,0.893546888742009,0.9770243015539708,1.018517358669885,1.1797016478934617,0.8787605320617732,0.9341261592228279,0.8865367693392302,0.8297211028470273,0.9109616869867293,0.9674793119608005,0.9550165019645948
35,0.37393722430169324,0.000909779679907433,0.37302744462178583,0.8609963721937206,0.9949890560718765,0.9964567448426281,0.8630063861387562,0.8155604093369435,0.984195313854332,0.9553827792763758,1.170042575117038,1.0132496839954832,1.031292356468305,0.9774260580589409,1.0771212118051503,0.9322056085893913,0.9208711727683886
36,0.37516491313563055,0.006997302623032235,0.36816761051259833,0.9627772272085642,0.9528635524153539,1.0369026873316392,0.8474336989093929,0.8029497985162788,1.0017265184598259,0.9224575976492477,1.025452966665357,0.9678253401588051,1.094131363331766,1.1538477573287866,0.8298555183407678,0.9732203235746412,1.1783022352720625
37,0.6041811792211229,0.07796970764994494,0.526211471571178,1.1605403996645522,1.0612194400994266,0.9102416825883977,0.9079992003995486,1.142065431565901,0.8444935689736872,1.0512295718665556,1.0366054078250886,1.0365604964757138,1.0496994643891613,0.9483816634799713,0.9901049310369163,0.8899815505028242,1.1246244328338633
38,0.4544014979727048,0.023900518033668963,0.43050097993903585,1.0584478569456497,1.020438691971037,1.0354092949438496,1.1268631208611501,0.9087277037801582,1.0393069430724298,1.0331435992524418,0.9059422355174728,1.112548589113595,1.0166357543515225,0.8259749220330798,0.9907154246718494,0.945320125697189,0.9729335022402232
39,0.41789893138131096,0.0007698572928503066,0.41712907408846067,0.8737837773238393,0.9208777532092121,1.0576561348405826,0.8752122115741382,1.0689876669845657,0.9678343392612833,1.0927050863889982,0.9981912299735896,0.891620377532207,1.0764369090521524,1.0194800943056102,1.0950959936910323,1.1921767710073818,0.9353757243444901
40,0.39341866495404,4.1480230088258006e-05,0.3933771847239517,0.8228600497204462,0.8392423619977448,0.9125751453851797,0.8086001431128225,0.9122443317435022,1.1157559759147355,0.9840498928900916,1.027152238161829,0.8803705432717142,1.134441654725453,1.0265707478101642,1.083707891009345,0.8549782629850787,0.9303597953027898
41,0.5288923465291949,0.04912034950208842,0.4797719970271065,1.1527083544441372,0.9998699166514101,0.9000247693403337,0.9317696631167395,0.801818214630061,1.050218255601147,1.0189502459949817,1.1811867657193165,0.988682178689938,1.0420820241782265,0.9722135798216276,1.0558519655644334,1.096046181912371,1.0772014304060284
42,0.5011667463811312,0.04831690270889435,0.4528498436722369,1.1643311867637294,0.9814457636058483,0.9612133976165853,0.8159415291735053,0.8465203184130994,1.169355206774789,0.929215938365895,0.939947311886906,0.8664067370883033,0.939175491311143,1.1387907876059096,0.9193018310111155,1.1332443412445714,0.8461437906866834
43,0.501246670859531,0.11371386501442891,0.3875328058451021,1.176901044959534,1.1690200959474701,1.0918059184993218,1.0475461476198062,1.1756577952187723,0.9709241563163103,0.9330137371687404,1.0634906175125323,1.1139136801622989,0.9888020978289924,0.997722109805839,0.815350311465046,0.9945080833350486,1.0322503779222985
44,0.4939370716092143,0.014791984470421063,0.4791450871387932,0.8849958329483564,1.0771145000610778,0.8530217402532675,1.0460602270583457,0.9136132936040807,1.1295982038494878,0.9697850729181132,0.8828951457567852,0.9792211052257673,1.1032462621309447,0.8012492074112411,0.8847615629053424,1.0839239010235302,0.8817948975608522
45,0.5497003024413525,0.01630261137183052,0.533397691069522,0.8672337888532986,1.1190779505793054,0.8452700648748586,1.156314363024016,0.9592803961623462,1.1657626976280284,1.067306478015658,0.8539747992884201,0.8601460467776381,0.9527666308750216,0.8676191459384704,1.0432279486934761,1.0512489061351775,0.9778434631599016
46,0.6787582123244668,0.13785698372932667,0.5409012285951401,1.1330506260211688,1.1927055747765147,0.9041154108192654,0.9458168132117226,1.120692641401634,0.950227919087344,1.197510696195071,0.973523962455083,0.9455765909073937,1.180713318091828,1.1155533516049563,0.9072375891888708,1.1142002266035254,0.9580993757346992
47,0.6271893620612665,0.04679266813265981,0.5803966939286067,1.0242907196942208,1.0903037273295908,0.8967344346983038,0.9872853753308429,1.140501042201136,1.0412075584616334,1.1316867852871026,1.1909639423654916,1.1883348520834636,0.844931650893413,0.8708483702469579,1.0127525285277337,1.172079311579921,1.0211550533539977
48,0.6076462600022263,0.058617031636673714,0.5490292283655526,1.1582777942642164,1.001761225330922,0.833889288435691,0.8499051361709462,1.02914172640903,1.1361333394025814,0.9630164013313138,0.8456535877988216,1.0446627853625166,0.8304039869791514,1.1007118760825545,1.0823566451022568,0.8021864531213015,0.9304723651320513
49,0.4048661471723221,0.011178285201784748,0.39368786197053734,0.8345262940540193,1.1153394068424813,1.074670065867825,1.1221840528848175,1.0449803798133988,1.117773822523712,0.9655341190570697,1.0131409859715157,0.8568676841271201,0.8975332525485252,0.9189262577471479,0.8424953737019498,0.804664629913607,0.924048006544091
50,0.515686044642642,0.015832664384804015,0.499853380257838,0.894625818990088,1.0793767386621715,0.9344853006324292,1.0112765463796738,1.1292173003191392,1.1859419259170423,0.9929012780137495,1.1942778499626578,0.9723844130807944,0.8285217838271972,0.9211096196146377,0.8312452524982488,0.9952484200194409,1.09664937319162
51,0.6453338569235401,0.04989551725314201,0.595438339670398,1.1462713752698943,1.0152607839772632,0.8984569169056654,0.8358869727308418,1.1612364079282456,1.1880290017255473,1.1644662815406357,1.111876218771035,1.199790844758735,0.978588251774517,0.8933360445528574,1.1517274222484835,1.1927344922794436,0.9675901763513465
52,0.5350239216693224,0.07979358671338162,0.45523033495594084,1.081539033964473,1.1543165755545388,1.0003408364379933,0.8265856684477964,1.067983245328602,0.9888862907490631,0.9620058048589322,0.989508390187119,0.9624058715432869,1.1262133024808834,1.0102809295756825,0.9285407061935859,0.8208478058704416,0.8030974083639197
53,0.48400559144931865,6.000867591117156e-06,0.48399959058172753,0.8384127158265011,0.9277743697899152,0.8830627335333165,0.9094784826649067,1.0372068145893,1.05056000359622,1.1954916806593512,1.0759278663895946,0.9049109542681419,1.0846937230972837,0.8947012725269572,1.0335075222007457,1.0955109220276358,0.9437268096024471
54,0.4632275520151963,0.018848353699591473,0.4443791983156048,1.0250033632505742,0.9825077007848326,1.1565087272996324,1.0446933400467429,1.1643078952720944,0.8394882349546227,1.1774077475941636,1.1835740924191174,1.13399540233454,0.8282297401843419,1.027365377069387,1.0342074495794176,1.1079064367267604,0.8234832289507489
55,0.35587347714599515,0.0004863758066308443,0.3553871013393643,0.9608581058167605,0.9191000059738074,1.1702071198745196,0.8436402509409199,0.9725745139858933,0.8480963848534683,0.9561965964182896,0.8659181262038194,0.9491694450850195,1.1219333300058674,0.9952997852363643,0.9717471022720269,0.997872298340676,1.118177567209725
56,0.4383953031298546,0.02077273579993061,0.417622567329924,1.039452025074315,1.0019876313009501,1.0839402181963838,0.8233481226304245,0.8475793949703908,1.0928021506960905,1.0649227013872125,0.9875272751493818,0.855595776922958,0.8440393989916154,0.8960051831740563,1.0582441812012453,0.8381929577172677,1.084962310778089
57,0.4116158012629818,7.251290285125502e-05,0.41154328836013054,0.8547874458366207,0.8361299764102952,0.888927537378312,1.0488865935804863,0.937748044782787,0.9429189982605214,1.1221365100458383,0.8104981376769917,1.168558651492444,1.18525656322131,1.1525599300725236,0.8495452602285997,0.8480561942658024,0.8401861619142348
58,0.5270718821747885,0.0011155255128058213,0.5259563566619827,0.9818611981994142,0.8899209941548043,0.9562595163330978,1.1939903679072295,1.139375772764983,1.0341526112520238,1.1067101161939177,1.108607271074374,1.0832086655631559,1.0954929194735168,1.1846506592587431,0.8262335417945263,1.1742715898695903,1.048839573765235
59,0.47138813705515703,0.001210573567656177,0.47017756348750084,1.0022885618141182,0.8979021132186924,0.9349220208989181,0.8752866709955681,1.0688437111405837,1.1743322233206155,0.8836820520053549,0.8860665771411967,1.1799068035947873,1.0906445485933407,1.0726818984047055,0.9490370686642742,1.1447914780127746,0.879482398201272
60,0.5620333803954236,0.014128079426680897,0.5479053009687427,1.1300183946909463,0.8433158405695604,0.8726865346905619,1.1140150913479916,1.0882865956152825,0.9551737326941283,1.0699940402502615,1.136140385744561,1.1684643531440966,1.0703118291134328,0.9729982319931045,0.8168847735444484,0.8747848120889432,1.0046650027093913
61,0.5120198836868345,0.04870238218620917,0.46331750150062534,1.015022621391425,1.1315426197614769,1.034569268335409,1.1902913671927442,0.890023582142767,1.181872674119404,1.1222107760632507,0.9208407618851495,0.8468060655646041,1.171882294410695,0.9771102806083208,1.072555153871509,1.0404327318645636,0.8280434040477064
62,0.47031840665364766,0.02893862674523377,0.44137977990841387,1.1065053048450013,0.9362894812985239,1.0486470148849834,0.9362206954892972,0.9644581496476853,1.0756253254616575,0.9642788074606005,0.8256085143770283,1.1915761561920175,0.8354746108105693,0.8053920885616837,0.8571819174729403,1.1729512277766716,1.1245833242877157
63,0.4235941879498729,0.033923045893174554,0.38967114205669834,1.004683286381603,1.0291436556959312,1.0189660107848573,0.8093483602634567,1.0333946202644944,0.8355114832888603,0.8816610461790926,0.8023978895762384,0.8641104302384442,0.959584896986963,1.1602782033537888,1.1128198083472434,1.1300608917078763,0.9360928379195665
64,0.4294682787772912,0.0005053569623228088,0.4289629218149684,0.8712967394865838,0.9258702524695737,1.0031890036625946,0.9601533101903917,0.9444255432088815,1.1187933136977775,1.1577111336031156,0.8686490361204471,0.9020354029294063,1.1494010051489074,0.9063738007466106,0.9434756332298138,1.005161050699973,1.0073627664405884
65,0.41335910271943804,0.023180719876058985,0.3901783828433791,1.047675094941237,1.0457788098573468,1.1552124706743983,1.079110464853345,0.8408007881453052,0.9695825330228595,1.0148117499743654,1.0446149696006304,0.8913322501188293,0.842665066045676,1.056163776926537,0.8294689381872756,1.0283501867280065,0.8730007980450573
66,0.5036609903030855,0.03190738865077744,0.47175360165230806,0.8759600199664597,1.1475961497596001,0.8500850968963585,0.9191123374790613,0.8461705739458428,0.8118303858878956,1.195766919444241,1.038276915536061,1.1322019787342792,0.8441429195160551,0.9581847135423744,0.8613809891085067,0.9945324473354736,0.862373167632972
67,0.5267845141092311,0.0197680267604435,0.5070164873487876,1.1262502198192865,0.9077216238859729,0.8874210999130268,0.8550325685383838,0.9331164009363848,0.8804629816740552,1.1007874857898614,1.1344066685147551,0.8896965035303117,0.9583036176232955,1.0518123189913455,1.0888614431309636,1.0366571766841723,1.1768126896568694
68,0.49974993428643855,0.01239537816271367,0.48735455612372486,1.035884287354545,0.9024268629099618,0.862036453328954,1.181708752809376,0.8500131448234325,0.8759058030316261,0.991472168736635,1.174458889974202,1.0936908112093957,0.8312462061740148,1.1407031074946519,1.137102215807158,1.1437630517476887,0.9669214797343237
69,0.47470234666772415,0.02082975688306788,0.4538725897846563,1.163569312135255,0.8976179220693765,0.9659133733578482,0.8088405716234783,0.8242059981820925,0.871528720760702,1.068523947739948,1.1368435862119373,0.9014176073590353,1.0152541659878553,0.9654639193373498,1.072356804624802,1.1142180136569149,0.930013552591656
70,0.42553726560343685,0.00011414152750121831,0.42542312407593563,0.8937524416383705,0.8243116150229787,1.0008497584674674,0.8552849557917891,1.1101870519389994,0.8341169444941978,1.1574991081517267,0.9798673938942215,0.847133977189603,0.8776990058605462,0.8479975579493224,0.934249497390461,0.92172028198465,0.960257112716564
71,0.5503583239281494,0.03694097179022786,0.5134173521379216,0.8865199157981962,1.1691438807521561,0.8320184778348398,0.9256778881915269,0.9654451998587941,0.9503823037584739,1.0487966053575986,1.1122624105409913,0.8685891373199599,1.0036434073714158,0.8563754155098865,0.8608688105837619,1.1199327086611217,1.0801409656809604
72,0.60982042250006,0.07762035150760141,0.5322000709924586,1.1354473257912658,1.078370628524105,1.0107033993815169,1.196359536697867,1.1914138868045874,1.0965613291909964,1.1421940143613738,0.8422664602538525,1.1916587511047942,0.9494756701457702,1.176593126666527,1.0784214590602708,1.0116031420759295,1.0820771518720822
73,0.40139636538441487,0.00012286617412300268,0.4012734992102919,0.8895496231906708,0.8284777374989339,0.9202670077719911,1.0837084100002534,0.9790821447359472,0.9586944996978481,0.9071247059447264,0.9103138711019803,0.9167329945028175,1.1128516245188518,0.8887927256314798,1.1020071555133688,0.8863042000049639,1.0419587848392486
74,0.5060177942773645,0.07797138302772949,0.428046411249635,1.0637894354824118,1.175854905987634,1.0840420796009613,0.8852602899630769,0.9185239057955364,1.0662487920850467,1.1062423066252456,0.9039332399952092,0.8052963397896511,1.039490033185133,1.1675429474356305,1.0207309690615234,0.9065648203766383,1.1636498567151787
75,0.5794204711374475,0.00925127952005941,0.5701691916173881,1.0060366436334578,0.9158937686229217,0.8797753864457136,1.0523703777600355,1.1813102821528338,1.115073441469789,1.1612502574434422,0.8603119282654453,1.1420918886615863,0.8313971270157139,0.9290807971580163,0.9764641333751829,0.9805956494902224,0.9346027461925757
76,0.4343560046566151,0.0009323452121253665,0.43342365944448974,1.1615092003165322,0.8153804058163804,1.1451608198029206,1.0459357915660212,1.149141356515655,0.8904088877182038,1.0128512629117514,0.9701778994659997,0.9971228023523532,1.0094943445487228,1.0670750929739228,0.9418712231119034,1.1919542253267903,1.1627524430823564
77,0.3804486390141869,0.022271357956930277,0.35817728105725666,1.0350127141414989,1.0376516517910424,1.1878502158856585,1.0969965803419301,1.0937496997216891,0.8003227333707095,0.915012326452667,0.8827551610172492,0.9940303875427571,1.1940848348973412,0.8382288565906023,1.0419199244930404,0.8784430204526005,0.8567433307791065
78,0.4408774123441855,0.012086903771256496,0.428790508572929,1.1071247098056043,0.8395469617064717,1.0081460247498042,0.8305392386111109,0.8039332359704996,1.1805225728431108,0.9527788762308615,0.939090839097647,0.8786384919560204,0.8383016569894156,0.8640495534330079,0.9409717357020879,1.02512231800432,1.049306352501923
79,0.6183106920348808,0.017172388231418048,0.6011383038034627,1.1929351828425958,0.8353930841878989,0.8681820660523285,0.9998756664200971,1.1668619307771813,1.0320082711997964,1.1080250276958492,1.0266218367220594,0.8953282863215865,0.894724494999838,0.8115184364782855,1.0210311095283715,0.8875625636201357,0.9371086570130682
80,0.4351012746048984,0.002163829556150939,0.4329374450487474,1.110617456144082,0.8715814261132446,1.0489562659512217,0.8729996017002242,1.169333505401633,0.9026275189595704,0.8422704803069299,1.0062104704439006,0.9885662910795755,0.9088921789459729,0.9868876335074476,0.8565967668252015,0.8068961993050076,1.179883030932964
81,0.5351989858774339,0.016727065551176992,0.5184719203262569,1.0030905725489654,0.9807844041983039,0.8954781388332,1.1504024988027879,1.1225390978132337,0.9737173678224261,1.042737448343227,0.8191434630953309,0.8404054452258835,1.1464534558221635,1.0419501117992893,0.9451763221467662,0.9113683151049795,1.0955149706405427
82,0.4338946196300511,0.07590482221422333,0.35798979741582776,1.1556458757638168,1.0631148136982518,1.1182304298818435,1.0620237107705581,1.0723666922093231,1.1773122614096208,0.859900741377181,1.0289098160018355,1.08537867795501,0.8389085047401126,0.8223319410014447,1.0281775342442434,1.0215566449744087,1.1987833059787567
83,0.5346683881934216,1.2489480592947818e-05,0.5346558987128286,0.984332338570949,1.0047086257354851,0.8104947125346064,0.8046516747263701,0.880539741351246,0.8557403787146485,1.135229262330447,1.1587597663436586,0.890999666348469,1.0205932836667297,1.0207998318548206,0.97004339530529,1.185135166499355,1.080860278831541
84,0.5243607451668975,0.044132064031847766,0.4802286811350497,1.0386496752963008,1.0535779917235297,1.008710985153104,1.145488016614647,1.0952357645786133,1.0352244273597395,1.1437409032501185,0.8242093673119544,0.9944044042062612,1.018671275846251,0.9329802530475751,0.9527575360484623,0.9783101845114786,0.8247488893806032
85,0.5465256399546199,0.023935312354245293,0.5225903276003746,0.8807576458981534,1.1779894116346132,0.9029962324309166,1.0672828250320403,1.0624568090168423,1.107506745803268,1.0717063903106396,1.0737557358915009,0.9470676098245805,0.8797197252649722,1.159526265783927,0.8354776856658966,0.8654759788486954,0.8073181399363699
86,0.41601625145437365,0.017739969666773686,0.3982762817876,0.8957537718075749,1.1060580192545324,1.0329065983583838,1.1205811498012719,1.1033552066339634,1.0521506996541294,0.8987214537788468,0.8008195366393243,1.1874130664218776,0.9628600736887944,0.9528358971683478,0.9810108913978453,0.9098588819251775,0.8951557072817338
87,0.5878996561705615,0.07694228984638794,0.5109573663241735,1.1611872887077335,1.0387030572015525,0.8373464921362375,1.094432957593901,0.9266791912049295,0.879141353942826,1.0766076030767033,1.028882935699292,1.0559339987959624,1.0890293387106516,0.8294458976421301,0.8258523325802656,0.9070536688453666,0.8784695610765862
88,0.36719313408099574,0.00037804889853969233,0.36681508518245604,0.899612253215914,0.8824626523298075,1.0753882263788272,1.0542017044610845,0.9406241512324002,0.8377252291297987,1.0264593248987086,0.8314982367922341,0.959630819040988,1.0132705037211673,1.1574870432107698,1.0571010196306405,0.9810224038784443,1.0968780929142594
89,0.4478855486814472,0.05316707873931516,0.39471846994213206,1.1018273782474406,1.0937569302357397,1.0329045838706987,1.0819574937348015,0.9765735032947925,0.8339953080932736,0.9180834311608623,0.8493746999583092,1.1750654630132245,0.9499614768947927,0.8605600644773248,0.80635736740282,0.874217872067043,0.8642405595974785
90,0.5244939560807848,0.01775828319223752,0.5067356728885473,1.1923844298346034,0.8317797784829233,0.8505194209301168,1.0143318247856008,0.8969043392474653,1.1647954206349576,0.9031475486600132,1.1294749410109843,0.8546824637943237,1.129300605578202,0.9587172883245282,1.193626332872816,0.9431684198871338,1.008080176964422
91,0.37736157384641167,0.0143289899197129,0.3630325839266988,0.9528430785342092,0.9956086616467679,1.1442388753315367,1.0897221738415122,1.0394058887679087,0.9930076642671642,0.8783771689445821,0.8595008765291983,1.092827374984045,0.8081263846195378,0.9756982438095232,0.9249370930775752,0.8139131122907007,0.9144896462622472
92,0.47409239104592216,0.0320998675135397,0.44199252353238244,0.9819303945946253,1.0819050548411056,0.8228998438360609,0.8069795860919979,0.9168269176859974,1.0464887602128714,0.8155458384848453,0.836266348572605,1.190867616728549,1.17162193297392,1.1054560268653344,0.8013389965771566,0.9705439937437375,1.0348248891735128
93,0.5382568280143668,0.04473321994355367,0.49352360807081314,0.9138010870863617,1.1999990183077616,1.0379362856233683,1.1103527078305082,1.141556494563933,1.1191772863611438,1.184313058878481,1.031029487928701,0.9478876036974065,1.0752529428500832,0.978768143795682,0.9628982186671986,1.0196450594160076,0.8748172400645995
94,0.4485955028973033,0.04733098461198785,0.40126451828531545,1.197950817978942,0.9543374308581019,1.1946400117189593,1.1084703513298646,0.9995802438165317,0.9985153969924208,1.0235608517785943,1.1382619530484968,0.8244160261603602,0.9181592237839507,0.8724145971332811,1.0405190639365238,0.9501255949402099,1.1523907617666977
95,0.33843112014001964,0.012455119573082605,0.32597600056693704,0.9251297879362478,1.013689105322425,1.1787470578024983,0.9890372610676167,0.9619702885279056,0.8218052599155529,0.8668542720456999,1.1944676280777067,0.8181507103486033,1.1006846073375056,0.9387518625715825,0.96587464278438,1.1611361280815222,0.911827854189928
96,0.6017970915976001,0.04259947182985721,0.5591976197677428,1.1980689589290037,0.9054266088633004,0.8926831643025881,0.8070528636016758,1.1653346904225574,0.9835419304871946,1.1240810193364925,1.0744600549465821,0.9811971159410946,0.9175421040817601,1.0176260901295409,1.014749254342136,0.8999204546741716,0.8196956134270506
97,0.40100340471746027,0.0046888906668508005,0.39631451405060947,0.825417340453023,1.046844544745466,0.9615255441771284,0.8384928455123056,0.8518345490991519,0.8801097156190708,1.1886500457805553,0.911603514443488,0.9108008277313068,0.9912463767548174,0.9842917380831944,1.1615722482137676,0.8122456053610161,1.0021606747664693
98,0.4086026880318238,0.013227234787934243,0.39537545324388956,0.9011506331668662,1.0488076706031797,1.1325482045340218,1.0205085293996043,0.9014375548040144,0.9958817954195731,1.1893505155808768,0.9102638210087565,1.1585373970501283,1.0556995277236125,0.9480482636978378,0.9751852334615535,0.9867550544454075,1.122516940579534
99,0.5603085752725306,0.04888263665236474,0.5114259386201659,1.0208843790962616,1.1255282435103524,1.0346355168335684,0.8317787388058375,1.1943968914809635,1.0747266055984486,1.091295901560858,1.154129589628779,1.0726824050174044,0.8245715475781843,1.0666066946493986,0.9329664103295864,1.069894781942393,1.1731761817102622
100,0.4088755514866269,0.01623718248750702,0.3926383689991199,0.8639688672060889,1.1402991175156658,1.041609414559427,0.9701202678447965,1.1195663969892071,0.8841665987111609,0.8959915256490157,1.1843637784568164,0.8533468392826948,0.8453589227366444,1.1873591032786712,1.1066921981490465,0.8767143050844052,0.813750936305678
101,0.40804286566512804,0.018812877919108083,0.38922998774601997,0.9525496482248864,1.0662023475323148,1.1502874264111722,0.9045311857563841,0.9141525291036463,1.0110924121167502,1.1378071162824497,0.967417530139959,1.1518189777488805,1.0969818873811432,0.9495124995270355,0.919646680708143,0.865128261003582,0.8509787521761372
102,0.5771925114746017,0.039793519314369794,0.5373989921602319,1.0858929955189347,1.001530605014418,0.9675822883371775,1.1209537216706846,1.174528284111304,1.1181813340100566,1.088646256341601,0.9888463576402767,0.8941270763967117,1.032222258934819,0.9853225874021563,1.0507836426423192,1.0573637818005825,1.190708348665014
103,0.35920241304653183,0.042973229613021795,0.31622918343351003,0.9642626970172931,1.1783979614121045,1.1719930793151625,0.8861074060298587,1.0881091348117713,1.1907785663248491,0.8412701505174004,0.8918021771098464,0.9913584460095268,1.1264232141670614,0.919592187439203,1.0594253087193777,1.044045165353693,0.9804124470471597
104,0.325309101762857,0.00020790019992748837,0.3251012015629295,0.8534674898351458,0.8717189765433735,1.115997676493829,0.9083200283668141,0.9312801796582625,0.9374716238570754,0.8577298164811243,0.8389233393308677,1.0670890123233585,0.8406827303345614,1.152225523546573,0.8384191517024943,0.8631482716817682,0.8832832655396637
105,0.4332768501518543,0.04412609498294894,0.38915075516890535,1.1854173871268443,0.9444946707957642,1.0785312486290948,1.1642917801305868,1.0974767367763631,0.9328081049597131,0.8401132703815987,0.9581072177713221,1.0744160434546135,0.8419682979176769,0.8366912921233529,0.9082782823605153,0.9207598449976078,0.9703536430042525
106,0.48172299436507665,0.012068499683663402,0.46965449468141324,0.9062542411626142,1.0490802229268157,0.8240218495520734,1.1149913115206278,0.8175789829814134,1.0168757099790837,0.9557686559128558,1.1194725840117998,0.8114066832497785,0.8777290159103295,0.9957896718339758,1.1796483068279007,0.9923848226518346,1.104400437233852
107,0.40243809598561725,0.08142557839822825,0.321012517587389,1.065956726781439,1.1988332930750398,1.1609919971571703,1.0314763351604195,1.0623437449840547,1.1175690341045528,0.8845299523579535,0.9958704308842599,1.0028515059981444,1.1443054016167848,0.9420610122838474,0.83946070561706,0.9719044755460069,0.8231947750323274
108,0.45446508797821183,0.0014424756050587287,0.4530226123731531,0.9243922151083995,0.8827322866634606,0.8582327396983492,0.9609696150789905,1.087830338821709,1.1834821160508129,0.821548656370111,0.8992686656167848,1.0671281079346262,0.9503523415514539,1.0560756458106413,1.0526122920817569,0.8257654676930689,1.0634905348586152
109,0.4960678980848125,0.04096247298090987,0.4551054251039026,1.1058972752534197,0.9857683647283331,0.8949369251692261,1.1009741058069806,0.8453924423126324,0.9597081617445099,0.911840482419222,0.9760994008470557,0.8028845162333887,1.10904205161467,0.9761339446653517,0.8267955089346906,1.1676139017543377,1.1012713294671177
110,0.49556370970812436,0.001327801875461596,0.49423590783266275,1.0487069044774384,0.855728430599893,0.9518852623070715,0.9106057694453351,1.1560910077817943,0.9457639012742718,1.0964311340036257,1.0653324885999051,1.1609851826919801,1.1927922635539292,1.071704750539031,0.902947898910178,0.8480433014775228,1.1235373842572944
111,0.5258597948664404,2.2140206374705616e-06,0.5258575808458029,1.040526640903373,0.8421182780421781,0.8923796847577098,1.1663585519373734,0.9569094387068842,0.8762863659718013,1.16810556774399,1.1475892518660977,1.0438763512330351,1.0137176722884473,1.0965950268605236,0.8648308301054659,0.9351953815563031,1.1205527201015124
112,0.33602787847374194,0.002430260011475334,0.3335976184622666,0.9102337022905858,1.0116236244026,1.1564520431139667,0.8442189700078566,0.958130351889193,0.9135449500217455,0.8383789717235534,0.8227251039676255,0.9179145841522678,0.8091923570395744,0.9191952144035442,0.9405462203076079,0.9238685206204431,0.8466538916497569
113,0.5518664993268882,0.02317873139712957,0.5286877679297587,1.060493748158776,0.9871169234939963,0.8072990465533955,0.9432655093299742,1.1512785493981534,1.0964133157788105,0.8558580334354847,0.9957598755373568,1.1208828714518622,1.061996760354377,1.0129618341222748,0.9938590505139966,0.9839031427214555,0.8083078893846749
114,0.5130332624397945,0.03416155132602495,0.4788717111137696,1.0720852888707793,1.0149369984177923,0.8641764329531941,0.9210716566377313,0.950283982788725,0.8350599633407554,0.9519927622991176,1.1837509466798848,0.8858601891824225,0.8486618077290708,1.0241087500603079,1.0190540357619848,1.132965017483735,0.8285894417849557
115,0.38293413725463377,0.07595745629053298,0.3069766809641008,1.1774822878113718,1.0446756015070553,1.141149532139115,1.1560026963064662,0.8057495132878653,1.0300970648874543,0.8242259551324405,0.915533575565984,1.034660321556569,1.1131715164412481,0.8664435393850248,0.9141779590602905,0.8794324162864973,1.1917262989301314
116,0.46235469019040565,0.004699650047297801,0.45765504014310787,0.8345781894978813,1.0666460059941163,0.8473797300593817,0.8667481847852901,0.9955205570076265,0.8469342322912681,0.9965227385692202,1.0880686249120801,0.9467491709088991,0.8576791041950904,0.9629308274060319,0.8217682287484066,0.8431698578826714,0.9825472501403064
117,0.6003583026019619,0.07727494767073191,0.5230833549312299,1.1378617073776327,1.0600675947846483,0.812366839555628,0.9628029280697104,0.8418352670277048,0.8670968728870179,1.0398859631034785,1.1558127328902932,1.0254176550787795,1.0309442026569064,0.9206291867771764,0.8004320150619162,0.8718512886341295,1.0178443904668575
118,0.3884884556686538,0.005446961112339422,0.38304149455631437,1.1147937407237027,0.8625649747068199,1.1930089213866453,0.9812941637456298,0.8894125537305795,0.9157246889882488,1.1088128654548264,1.0208601784739852,1.163202050723291,1.1273357500508092,0.9107267260339391,0.8900904295320513,1.0568175240485977,0.9977278396356536
119,0.6074564816880897,0.06490219796359686,0.5425542837244929,1.086111633350553,1.074462470513572,0.8628092733332131,0.935801756547263,0.9182608906282992,1.066752164448332,1.0950189750212895,1.0948852530600528,0.8972162360509822,0.91914045842531,1.0979517850180556,1.03617437418138,1.0649349170886167,0.9829409444896836
120,0.5224854141888582,0.07313717438036811,0.4493482398084901,1.024062944718626,1.1345132404397886,0.8070752978323235,0.995189514955604,1.004170962310003,1.1100879706416904,0.8495783380069916,1.0418077230438334,0.8199349676566301,0.942235154116179,1.0215685112777817,0.9901383909007243,1.156413124489357,1.1575562866994025
121,0.4463136786736809,0.010152932048653442,0.43616074662502746,0.8707529567189697,1.0464378713760492,1.0472624227262513,0.8119272703778531,1.1196224329167175,0.9041157025211043,1.1886425819473792,0.9811218879186866,0.8941407052937195,0.9828830515397874,0.9859634259295837,1.1455742696351694,1.075724510255411,1.180504727832572
122,0.4492120457742776,0.01926593498613337,0.4299461107881442,1.0832224068215102,0.9431861835078633,1.0562461715480032,1.0528233647654464,0.9174645585596178,1.1864588834247578,0.9483295559357682,1.1437245643818286,0.8231650817370704,0.8992842535218689,0.9396983490886524,1.0375098409974486,1.0803815271414268,0.8236684364308589
123,0.5583288810082955,0.044271350858560224,0.5140575301497352,0.9943777178382119,1.0917285452159489,0.8463103512779144,1.047931330130161,0.9229315077023365,1.1222422962924212,1.009473111885568,1.169389564050817,1.1519887613268152,0.8825922100466386,0.8452695811700688,1.0723770277671516,0.8687058560394494,1.0124251501844974
124,0.4749815341605064,0.0007577676402613012,0.4742237665202451,0.9470087546822704,0.8808444036620416,0.8609929501639662,0.983787415951688,1.197822979769825,0.8811156353535201,0.8612994732571968,1.0157475720184839,0.9597462760927653,0.9329815789431202,0.871559963133214,0.9043881709443465,1.1252854314230278,0.8453903279368717
125,0.45332441287709335,0.07913122130137547,0.3741931915757179,1.1371708640398632,1.1363826959850982,1.183310443920028,0.9771838757767123,0.9022433714010895,0.9378072468655738,1.1154127641776215,1.0530199043461916,0.9538520367369684,1.0133114231309472,1.0684996555142776,1.0269197464989563,0.9709130985117285,1.104996829708665
126,0.4991893835151088,0.011840249834395307,0.4873491336807135,1.1401526157454434,0.813667436762116,0.9814992142236387,0.8072003720350498,1.1040023462159803,1.1472645365187513,0.9894334637031733,0.9503039559899734,0.9214888121265552,1.069719151872931,0.9371759462552878,0.9389397795995478,0.9297046653480381,0.9903132789249965
127,0.5915808588096471,0.028566704934186667,0.5630141538754604,1.155899888934845,0.9450514314368219,0.9107886295289483,1.048260715152138,1.077316419176797,0.834833346183379,1.1691437055984057,0.8178900245207033,1.0244498581224053,1.0036995575755319,0.849492870559523,0.8582987728451894,1.1201066701987779,1.0163250543993085
128,0.4124705582236222,0.002168596439454918,0.4103019617841673,1.0320918354696713,0.8143284095836985,1.0040506602643153,0.9977716061126202,0.8370332892076366,1.0831525218893672,0.916023385948829,0.9926659981037849,1.1936522745585634,0.8756879552642165,0.9652931375471919,0.9104851335079635,1.0983405541999094,1.093243311863806
129,0.41272793127703983,0.0002569794330260816,0.4124709518440137,0.9804368616030865,0.8184043413350375,1.094516816653402,1.1816610155530958,1.0359550305421075,0.8949452442644257,1.0556661966521848,1.1858333719620457,1.1219993945291349,0.9274106433910689,0.8133660999639198,1.109050649613633,0.8004276914107231,1.109853479231988
130,0.4062978786058503,0.014033584508675548,0.3922642940971748,1.0359541659200322,0.9140602595683339,1.004324202835378,1.1944359156987452,0.8338105531281103,0.8453978771528512,0.9129524080754948,1.0507294992365097,0.9131498959888279,0.9823759882962794,0.8161390108642678,1.163767531674316,1.1441181543620853,1.1529711506932947
131,0.44629628466677357,0.0687244116146226,0.37757187305215095,1.16389491906004,1.0462672518782006,0.972050858710666,1.15800317546479,0.8055042129468628,0.8968341002886656,0.8612026739460136,0.8457762009806231,0.838497196146295,1.0484713056456199,0.9816429231450906,0.9831349249441587,0.9168006725279843,1.0459808200374197
132,0.3514037250651865,0.009651715388987523,0.341752009676199,0.8587492431957653,1.0604086764891352,1.1919007501696486,0.8598841089351446,0.9087421056507129,0.8991173157733959,1.1117018395835898,1.1136791873022074,1.0241159186591582,1.1505900171217818,0.9750872393842508,1.1736519990877452,0.9651837162758474,1.0642771342867232
133,0.39677001094103664,4.7195616461904396e-05,0.39672281532457476,0.8010261361664073,0.8700249037067723,0.9769109616714133,0.903136848869028,1.1123546556696386,1.1091592303954516,0.8737230888959635,1.0891636843979466,1.1799230847419941,1.1417359119541246,0.894294489385376,1.1995561338490288,1.106113427567843,0.9890199258643142
134,0.4074112197927124,0.00015662952792398904,0.4072545902647884,0.943951494503943,0.8061928343430469,1.0632019443267067,0.8220941029035055,1.1651626867168594,0.9782431526601965,0.8938812969781839,1.1076562487880453,0.8661051008861428,0.824027272812281,1.177226196521332,1.190917893146742,0.9641053415325307,1.0504685476613642
135,0.32599799546314295,0.00019246355852949677,0.3258055319046135,0.8086255027314582,0.9427458825958314,1.1750053513571106,1.1202587253581038,0.9719120581329745,0.8190037775684897,1.0012635092024351,0.9644036271734564,0.8466258910981445,1.1024266453727343,0.9465858939704317,0.9456781557368155,0.8486791212619447,1.1038719507005825
136,0.5073258940274828,0.04936815050598001,0.45795774352150287,1.1557634115215285,0.9946031553976735,1.015105665032112,0.8759140853667697,0.8993893004790796,0.8082625148087417,1.1791190564656877,0.9959536245070852,1.1970920194042711,1.0511721619328986,0.8416190368087364,1.1208162098052217,1.1454111572890218,0.9331696914599068
137,0.6717339146564673,0.10682702940817115,0.5649068852482961,1.172576159174918,1.08397654782555,0.8322482078059342,1.0371678831941509,1.0989738260245037,0.9133112326545018,1.081855779646908,0.9471512587707839,0.9379237255371893,0.8143583663053252,0.9440932006263332,1.0649008019879984,0.9551438480859233,1.1659710365287486
138,0.5022913134776448,0.021420156041094488,0.4808711574365503,1.0642119046734355,0.9893252873140386,0.9495039015887055,0.9031559910428939,0.840669662549338,0.9976701944646893,1.0956059054942051,1.1069226516537556,1.0459566433381555,0.9101976976312836,0.8672847423914278,1.0498500932765442,0.9993592186996838,0.8012123356768699
139,0.38821723546989534,0.018101459003434732,0.3701157764664606,1.0506408414356785,0.9494522404169112,1.10384126803155,1.014046642101091,0.8741165765103981,0.9829419436331822,0.9823041889068792,1.0822293649598735,0.9905154583746549,1.1241908478857463,0.8534207472873291,1.0189002110261574,0.8741198977190399,0.8839727123692838
140,0.39467720228650627,0.004957866019047527,0.38971933626745875,1.0446950365841843,0.8709006468865798,1.0388201209045658,0.9486606385779295,0.8008837795420043,0.9055650185166899,1.0448405759062411,1.1855883325867917,1.1077806214544907,1.176704879067307,0.8743626162120056,1.1775922039499664,0.9056697741385902,1.0432934184618512
141,0.3367938198927043,0.021041487862794736,0.31575233202990954,1.0122849312291444,1.0307760286729255,1.1761942089084259,0.845765101888001,0.882340434880583,0.8020947031940877,0.8166017579114773,0.9779030380756918,0.9130181815721118,1.0898846801340016,1.1214595497631563,0.9669480681540833,0.8747687712137457,1.1183112366549883
142,0.4456506202552464,0.0016500880064823041,0.44400053224876407,0.9389352882899568,0.9384435334420816,1.0294160370919025,1.1009487004578196,0.9790956783431009,1.14245403897894,1.1159946323716545,0.8889982630447096,0.9739155768831669,1.1091828814922589,1.0431430386210474,0.8451829345718037,0.8726301798145834,0.8455021512188853
143,0.44366983860016973,0.013752789543034785,0.42991704905713496,0.913867541764969,1.0494376514000616,1.004393816717463,1.15724645771592,0.875108921142411,0.9396482079920272,1.1183842956966386,0.9435916763559616,1.1377719228820085,0.8227670095605901,0.8555881755261567,1.08173373126174,0.8397353489732494,1.0509823167631422
144,0.34555867582439853,0.011578947832420805,0.3339797279919777,0.8330647845023708,1.1073870103916528,1.0244537142831724,1.0456521026364114,0.8264745395258901,1.1054762222123131,0.8304027968050407,0.8342127409549583,0.8209923419493943,0.9462011495659913,0.9777052545142009,1.1361833973345201,1.1850203079571322,0.8909015537220443
145,0.3726492302504803,0.015756676760665764,0.3568925534898145,0.8629465198210228,1.1257183376754414,1.0699595217909152,1.1502457923828073,0.9016873304814891,0.9838624507713157,0.9201023773976021,0.9528954196585475,0.882413024176988,1.1712955652453814,1.194374992071572,1.1893055976660616,1.141442240143286,0.8317195311533053
146,0.4311145736832135,0.06466827744466078,0.36644629623855274,1.0255215591965448,1.1375449289482147,1.1711721428289028,0.8622835138563629,0.9932817660559412,0.9142407316759916,1.0545231855320716,1.0148536399289299,1.110728648224742,1.1425607432910687,1.1217641196606607,0.9371762721494412,0.9078384013699964,0.8006797045124333
147,0.6795649754650898,0.14382650918071782,0.5357384662843719,1.1846697537034172,1.1911266356949928,0.9431904632212477,1.1594737411486329,1.1105841154806662,1.130406344866379,1.1266823662321324,1.1497102827329262,1.1988098024874594,1.042796348345124,0.8535162949007415,1.0396721470213974,0.9781660544910541,1.1828031402741592
148,0.3567480841692369,0.0001143498333907565,0.35663373433584616,0.8628969880342799,0.8550819235513797,1.0664061021270297,0.8796653492099569,1.0439372928412192,1.0443382271328026,0.8122381302630172,1.1129782040638379,1.0373551679422635,0.9377256822134541,0.8890364523151842,1.062337271058738,1.0445903924808821,1.1113493355786832
149,0.4257946832031945,3.329988452584819e-06,0.42579135321474193,0.804175687956804,0.827558710405969,0.9185234797500921,0.9605512628206518,1.1706979415344325,0.8862651108468494,1.188621985705986,0.9552765052450055,1.1862116118844037,1.1890721931963184,0.8458607559718243,0.8591475677769222,0.9235508718500356,0.9667560131122214
150,0.6187464474438251,0.11127164760638056,0.5074747998374446,1.1938836555400356,1.1191890922353627,0.9948546399418279,1.1298646761610522,1.080576021837087,1.131538114792513,1.1577029798609457,1.115898624768597,0.8623227186254891,1.0661264530760906,1.1357447710362467,1.0101504780510735,0.999411651196237,1.1488454719177787
151,0.5264850948111527,0.023169843870176593,0.5033152509409761,0.8404674634210282,1.1697438856418108,0.8244745305806023,1.0406291123003555,1.1238489982009923,0.8202320400307536,1.0189383212491312,0.9504874822391799,0.8098370128123851,1.0736685192949855,0.9544428548691599,0.9123030012550061,1.1527262627837191,1.1074799773272699
152,0.3825631449197977,0.009707845859532755,0.37285529906026493,0.8178028363897066,1.121091268164076,1.096629499787388,1.172298629885332,0.9354835991419785,0.9311846549844636,1.0027223222794444,1.1790869803985258,1.028999919792251,0.9452927168252632,1.0293377897413905,0.8914293131661281,0.9012133152323484,1.0983722870087793
153,0.393169209451466,0.007280275145571281,0.3858889343058947,0.894194600739689,0.9952847104782142,0.9510502603080941,1.0658654210880587,0.8746910440374296,1.0052727278334628,0.8797646548842024,1.146605899436811,1.145653176534258,1.0806112140258646,0.8023970674596212,1.0012649602744856,0.8260559393433259,0.8124009426912849
154,0.52034174509083,0.0018420356193881143,0.5184997094714419,1.0254359375582267,0.888535883530365,0.8870494230502074,0.8400632859268164,1.0585307450886594,1.0868823319385053,0.9963538431773461,1.0272237158235082,0.8022830685021931,1.087737870609868,0.9078831244516936,1.0318865693962316,1.1920741534016892,0.8067962265691448
155,0.36598342275623436,0.00015961761508024333,0.3658238051411541,0.8600470512301559,0.865726963357868,0.9647014135477776,0.8065403487226022,0.8509690034479397,0.8028216371357894,1.071005041041887,1.1359817919474549,1.179858841497179,1.0936445289809817,0.8269689411513867,0.8931668168790936,0.9803380524206081,1.125692000184762
156,0.655930847491674,0.11221877154972905,0.5437120759419449,1.1825038412761426,1.1244026033848715,0.8293983693465797,0.8293172453823652,1.1332656959153566,0.8309744161327046,1.0389475494084088,1.150502014306079,1.0721728665423553,0.8781140038928961,0.9631935294511368,1.0189882065714857,0.8280175882087467,0.9531608824997231
157,0.42082611824224975,0.04460098378267789,0.37622513445957184,1.1139448569691976,0.9955724053414511,1.1819460612883788,1.1086658497469426,0.9239020519562948,1.0252110494413167,1.066695924062436,0.8079097600203425,0.8036981877218123,0.8888025717911124,1.1750746322706807,1.1725584315184079,0.9483179549028498,0.8983802750822395
158,0.46503437531742603,0.1111178838859346,0.3539164914314914,1.1671307328098195,1.1479273034872715,1.0068493883534355,1.0233613863131181,0.8657473110170603,1.149589481103433,0.8469839357607225,1.1732373509366267,1.1690755773600894,1.162793656740651,0.9572810602159182,0.9785599921208183,0.9807187261223809,1.1535509233280903
159,0.5757659356512265,0.11630035308856815,0.45946558256265835,1.1851436461230156,1.189456734911377,1.0570513568111866,0.8126218062159026,0.9482694900954899,1.1236295130376603,1.0881742164768673,0.9409518620950443,1.0722718200818013,1.1586033598373315,1.0396538320441147,1.0877274399590078,1.0227236437985092,0.9006436565812531
160,0.4051699505504318,0.0028890721922651074,0.4022808783581667,1.1489845420159381,0.8247918827666696,1.1869067776992845,1.1776629000013108,0.8660244442396748,1.037985627341984,1.0525591932346998,0.8616255301918191,1.0763514873386766,1.0561991305894034,0.9783960307663208,0.9849143039426873,0.891541811406008,1.095288316435195
161,0.39186706485231937,0.0003827067546890893,0.39148435809763027,1.061430035241215,0.8226420025974668,1.1188467299095706,1.1946077931648726,0.9787166320920919,1.1411861372561913,0.8566624530071111,1.1678509675647197,0.8597027247836877,0.8227482003773627,1.0790524171827154,1.011415828690379,0.8887035300552109,1.0075843237102284
162,0.4794951140961601,0.04746970523919573,0.43202540885696433,0.9577368578185312,1.158963141651961,0.8609160485319839,1.1089893079208364,1.0536116617580924,1.1439104114667913,0.8573955675005664,1.0188783487248563,1.101472111605005,1.1606489521028145,0.9023467109798214,0.8422888325643579,0.9665435602146112,0.8071528939789256
163,0.5273885035993198,0.0019112841989439662,0.5254772194003758,1.1092628110082787,0.8386080831870557,0.9075257350519755,1.1313849466317971,1.1478560741276673,0.9621395761458355,0.9355343699746055,1.1388357662744575,1.1900211331788084,0.8829952558047401,1.0891804171932549,0.9140501803016179,1.0226923899124465,0.9992810994478809
164,0.4716610842760394,0.01861752413844991,0.4530435601375895,0.9179978487111238,1.093066492573169,1.0355210091329095,0.8051076393168584,1.174629493524225,0.9789369987106589,1.0667702873767153,0.815807352242173,1.1463872533145738,0.8923176091044638,1.0092124779236804,0.9507930816645632,0.8229961203713504,1.1465311813054235
165,0.5775682957016186,0.059399263018940766,0.5181690326826779,0.9404255258022491,1.1681338286832408,0.8240234230993992,1.1659037123471123,0.8218521948465465,1.1878233880398101,1.1112243358858231,1.1755418303671914,0.9398700272571698,1.0443185169277025,1.1527881398257438,1.087240699082976,0.9503538600264894,0.8233275094302568
166,0.5172190013693347,0.02822311522252967,0.48899588614680506,1.179386006216719,0.9414764962022578,0.984838740249739,1.1372940146319002,0.8438509891604834,1.0592194214841515,1.100286985654233,1.1352595952203912,0.9016257840044064,0.9501679282029787,0.9865058068089569,1.0324262268560473,0.9438892015443239,0.8214264249957972
167,0.5154573374249299,1.6326342470529572e-05,0.5154410110824594,0.8349349859861649,0.8651121596997665,0.8525066046815024,1.0119640385660915,1.182092830525625,1.144506214265724,1.1345924289971312,1.058149978301503,1.192505979362532,0.9828657113325316,0.8206022959007058,1.0191663177233108,0.9786192085175105,1.1153028031468066
168,0.43011830782301236,0.008282687431282217,0.4218356203917301,0.917344101754373,0.9747135482011161,1.037364189013975,0.8544935412670058,1.1313296304621072,0.9170353321067023,0.9902441190504091,0.8489208145251688,0.8938290783606814,1.0133126278720006,0.9407463660585242,1.0183741914080975,1.0057026311554427,0.8137233892031198
169,0.3307021254718113,1.8848485560252016e-05,0.33068327698625105,0.8146008334333129,0.8147878779938633,1.1050535068974952,0.9219790601396123,0.8095681949862883,0.9369597943592968,1.180756006704483,1.093633165408358,1.0315191603861642,1.0472273037242812,0.9128420800075112,1.0209939871356566,0.9236015738304035,1.025392037097864
170,0.4426948467500362,0.014119956673746143,0.42857489007629,0.8997672681538353,1.07286837185434,1.0684957663137375,1.1510833082232517,1.0840619327579564,0.9796672142649866,1.0528152014784862,1.1780246805342642,0.9255751067810485,0.9525105824136645,1.0406309157295335,0.8847760468561331,0.8338748645174789,0.8289215152871178
171,0.5527781849565357,0.01774048063013049,0.5350377043264053,0.8210119336702526,1.1885856338227938,0.8869831064716552,1.190717945168286,1.1981988739595575,0.9373587267863849,1.1380357964796004,0.862447461929685,0.8362032444117131,0.87999465837138,0.8323956815546751,0.924234368468605,0.9948646864557935,1.0575662131510002
172,0.5061099339858974,0.05328960402744164,0.4528203299584558,1.0835334322593724,1.088513997993604,1.0046110841794023,1.0238996207619178,0.8195244819831209,0.988728902489606,1.1640166141457575,1.0307924789497913,0.8991423261613921,1.1417869827331226,0.9746132751822155,0.804689721463697,0.8319220908032869,1.0963706386897172
173,0.4537123545198309,0.018501673524187787,0.4352106809956431,1.1029992538472528,0.9200886909637254,1.0761803751913073,0.9902813719181182,0.9397668937451491,0.9485116459250399,1.140760853374743,1.088317805151614,0.8865029362364384,1.0476708837691169,1.061195001362142,1.0235266654837671,1.109729050460841,1.1873856460218528
174,0.40118092448355575,7.83843367787438e-05,0.401102540146777,0.8936202671869083,0.8022311029605016,0.9488303187048059,1.195554070434463,0.8571456644284022,0.9431198186299614,0.9856649405833473,0.9679979803610146,0.9977848470618729,0.8382190688040587,1.1995359707821616,1.1147364672926177,1.0789403083994467,0.8645694560493888
175,0.5534096925806593,0.018202650217642925,0.5352070423630164,1.1749661006833194,0.848451090728423,0.8482370705880327,0.8029826253734369,1.0153825463005177,1.1363829065078344,0.9374816472433747,1.077906228163467,1.0887882338709325,1.0766028430315682,0.9459001397308804,1.154795142543671,0.9336020130048943,0.9470643333932109
176,0.43949706998107146,0.006388086370691571,0.4331089836103799,0.972302358069473,0.9029112597888359,0.9010353593137256,1.1949089843834106,1.0030180685576982,1.0641319750798246,0.8513814738068308,1.068985019562923,0.8880609196097592,1.0376341261419149,1.0874323331303926,1.144033763304992,0.9121688397618036,0.8950137293134647
177,0.4468305969954276,0.014151940675031761,0.4326786563203958,0.8622366772175909,1.106139123443549,0.8888294442239073,1.0031974141383626,1.0674443723219686,0.8008146325325819,0.8947546011771447,0.8818959673536271,0.8466732446612363,0.8850847031153999,0.8200367183111109,1.1383827023854347,0.9594851503594267,0.9182252438869126
178,0.31903254894644234,6.761835836420977e-05,0.3189649305880781,0.8511533779170068,0.8333804047836634,0.9259164410088647,1.1223148517423374,0.8076673427980369,0.8091411737325562,0.8029385325497428,0.86999079700512,1.138579277913221,1.094598297236337,1.1188375125311247,0.9032043067652922,0.8062210566460611,0.8192489687760222
179,0.5186938760873219,0.04024517209702712,0.47844870399029477,0.9518774208748869,1.100666194851451,0.8055786564189436,1.064332108951364,0.9577886820481906,0.9620922613023055,0.9076494461112979,1.1767284443650365,1.094719567799719,0.8731287536740413,0.9536806693362837,1.054595809254856,0.9657390862767088,1.1462233753879554
180,0.433195759396399,0.08186609958984868,0.3513296598065503,1.1407989070476643,1.1230418445436965,1.0250915735843122,1.1226502810938135,1.0396372887226963,0.8469522135193746,0.8353325575827864,0.9917230806502519,0.9205492869910664,0.9491997354097786,1.0067581015182976,1.0928198085840763,0.8970962121132604,0.9490599235264174
181,0.4774045880002792,0.002237433360590744,0.47516715463968845,0.9607601806526194,0.9114285004177672,0.8313012963253907,0.8505426483263784,0.8122965085664289,1.0035586807912085,1.010675070294689,0.889296995327999,1.1699252423963122,0.8725965245954859,0.8568493366864075,0.8599805208760011,1.0981467143207562,0.8506644288775718
182,0.6427797206681608,0.06500942230256332,0.5777702983655975,1.1814806344503148,0.9822525006476965,0.806530389927417,1.0583739957771225,1.191157623977908,1.1315973052403154,0.9218038492939522,1.0845927335311156,0.9022381007623775,0.9830909389840123,1.0151784745850856,0.964471136381635,0.9864459317425269,0.9941307658636597
183,0.5380969157578859,0.019828259554065714,0.5182686562038201,0.9226184487431501,1.1040675466802066,0.872141235010798,1.0001271311964555,0.9048073289847179,1.0501468609814646,1.1313251836423766,1.1426348843368328,0.8736320398958499,1.0484734182718185,1.0244962234331911,1.1242797485461182,1.0462819323602526,1.0771406288983723
184,0.47453762706508157,0.026952567747754945,0.4475850593173266,0.9050527323789204,1.1571139650023299,0.978752208535376,0.8177041105693871,1.04256150073962,0.8272915679012255,1.1520592502781475,0.8262936159071411,0.9034188488217191,1.0566872707981148,1.0732939427879595,1.0735359687650643,0.9136112483236382,0.823662153862336
185,0.4391665950521093,0.019971031353651785,0.4191955636984575,0.9305198973787228,1.0967745658763142,0.8608191158785583,0.8076267064112768,0.9549846561904645,0.8728603739087417,0.8696137374560409,0.8694248530352492,1.1184350180926486,1.1779497777009276,0.9329259090256297,0.9605105351083167,0.8916318826525241,1.126411952473796
186,0.380835964886915,7.837874100791784e-05,0.3807575861459071,0.8324192363470362,0.8572228483738569,0.8637105784740661,0.8432961640786627,0.9141380055230017,0.9065044716547805,0.8351094441514648,0.9256424429504888,1.0990973653707452,0.8996139741666505,1.04352137452335,0.9934081719798019,1.0296619367715423,0.8952226881275201
187,0.6669490757894646,1.6556613598708046e-09,0.6669490741338032,1.0662223544206957,1.1146756789106929,0.8076614588789648,0.8171217570683168,1.0025368734899347,1.003671135882754,1.1718916079155473,0.8730359808539678,1.1394054763638324,0.829033415077566,1.1598503949227483,1.0113552582069503,1.1733560981034774,1.157532701335387
188,0.5766967722265204,0.11419210602681677,0.4625046661997036,1.1530739240431158,1.1923422565206523,1.0316214235512762,0.8249109350832162,1.0395558333573929,1.0058775861160025,1.0115920409408918,0.8158965814423256,0.8692656810540279,0.8231743263114416,0.8566336045811275,1.157516429178811,1.008373192431726,1.158853415367322
189,0.35020641106690353,0.007614858234278241,0.34259155283262527,0.8411363111849726,1.056233018112368,1.0302682818918911,1.1430486409325118,1.0494184714617611,1.1472581892845548,0.8153842415769088,0.9556388702065401,1.0675364355523902,1.0193821071532927,0.9760251860308617,1.1479785902129735,0.8769374798940535,1.1745088425832673
190,0.5946861947447526,0.03074464292001748,0.5639415518247352,1.0001605044085706,1.0279559463051757,0.8219424262922184,0.9308491092718337,0.9868422718035861,1.1346341109770979,1.1080076648571726,0.848001907828162,1.0494634648870738,1.0969950025226844,0.8910135712977486,0.8283543888957157,1.0394857890977336,1.1698006346386836
191,0.3567238848595141,0.019717114137416947,0.33700677072209717,0.9230762291504955,1.1113523331165909,1.1884847953133284,1.1747378969648095,1.188790569452845,0.8939314258563835,0.856361152926181,0.9864507033841099,0.9907256989648249,0.8770126616048639,1.0775698398495632,0.9332732096184697,0.9686890719556271,0.9509396462478843
192,0.39563547773072716,0.04671917644160207,0.3489163012891251,1.0486256185033624,1.0714722288473022,1.0925437351775074,1.0467205342929873,1.0640356028598075,1.1729332557939736,0.8277634124406545,0.9458197538835107,0.9979867210623615,1.1155739235834783,0.9434737188718211,1.1416553835450634,1.009141489906499,1.0879882639729654
193,0.37760666192102066,0.0011111362087042826,0.37649552571231637,0.882217557938307,0.9177011904807101,1.1137466418497177,1.1863314945551389,1.0398815854136934,0.9818576692534384,0.9849844553456178,0.948437158627016,0.9621366375305429,1.065423776476859,0.8373597954650296,0.8159641011629026,0.8112177032221366,0.9033516202131621
194,0.35888237342293566,0.03377600942488825,0.32510636399804743,0.9609388013012129,1.1246219324384281,1.1504317832014284,1.0966315038591254,1.0410472202695007,0.8604374965945643,0.8443134999217486,0.8625881813650617,1.0949925854705749,0.9004639874207302,1.036126693888709,0.925596722371409,0.853001149328559,1.0901903020381525
195,0.5485102089985204,0.08270390940585517,0.4658062995926653,1.131209424282217,1.1135552389873147,1.0276906987372127,1.1206429725889557,1.1314152584212762,0.8400174180103391,1.052940120833834,1.0718857525231333,0.841136645440312,0.8439974925078522,0.9389825830322347,0.9046515917788762,1.1264318388584917,0.8278348868644062
196,0.5444274166712192,0.07352099174961092,0.4709064249216083,1.1220021151982698,1.060260906517953,0.9551964098501038,0.9820403627193939,0.9622007856196293,1.153261309861671,0.9754147664443789,1.1555043338208861,1.0361315746646678,1.0475766241215272,1.0369041263686394,1.1182029374421498,1.1207584048927532,1.1847357917864627
197,0.47238385777025194,0.02813275527450217,0.4442511024957498,1.1487247710100066,0.9082000149652432,1.062284307601853,1.0996087407932456,1.1575278588717883,1.056142072580527,0.8931728916038509,0.9545168492794074,1.020591920653684,0.8913008121651189,1.1945055893642584,0.9593297248222595,0.8417398846456122,0.8077434563593899
198,0.44028391612532586,0.04177624069002234,0.3985076754353035,0.9947373868953814,1.1433601094273977,1.1546363664793142,0.8273860767400787,0.938838150082951,1.0995619721691965,1.0086122739916576,0.8223444018952395,0.9532649868937217,0.9176841896592197,1.1485770096139978,1.1829845750954895,1.1416913768911003,1.0160614227502744
199,0.40090973305189653,0.0014522160783947502,0.3994575169735018,0.9120478926503289,1.0113316006488138,1.122948048192331,1.0535070547625034,0.9115869431960252,1.036817332172002,1.0754501328716244,1.0945745061945613,0.96621306384164,1.1470629752994668,1.0876665531403433,0.9098598470859774,1.131458120801194,1.168211457571532
200,0.4150833598008952,0.000467674059113298,0.4146156857417819,0.8848457184310758,0.8720795825323224,1.1497358684620094,1.0537778599434522,1.1595964526757983,1.0486495651722427,1.1346478558564843,1.193131669282932,0.9460488794437685,1.0474413270940484,0.877745688250158,1.0974884002985028,0.8262123455726352,1.0141522585886924
201,0.4686389519732981,0.04694017529241453,0.42169877668088357,1.119802434154416,1.0121296299454627,1.0535119510562767,1.0988623314400539,0.9533284914855323,0.8603419867658594,0.9684509578068186,1.1807811875572263,1.0009676473225935,1.198084463357202,0.875762504153011,1.0790364019889043,1.1173212600828726,0.9231801259980132
202,0.6133651297538929,0.13949141490818107,0.47387371484571184,1.1837808172912705,1.1737876732178227,0.9541506447791233,1.12888286055305,0.891342154823329,0.8192269890686372,1.1566421066520538,0.8651518723607107,0.9276123491904428,0.8019577261673579,0.8648873789999195,0.9569205288718721,1.0549631473218612,0.8086225173993575
203,0.5789776525395715,0.10615294693953178,0.47282470560003964,1.1568709972667062,1.100530053768867,0.9174283603588218,1.1342084825805372,0.8712143862129744,0.8834491328525949,1.0952338676313893,0.940140562891877,1.0100002216620678,1.0567765060479553,0.8178851103736178,0.9187501269597544,1.054708219897626,1.1977909107036846
204,0.5247448059180033,0.057373990453014334,0.467370815464989,1.0689864369833477,1.0717176235214354,0.8075546207425028,0.8960382033197228,0.8542237445979156,0.9727791969819598,0.8929551692473934,0.9844908387236413,0.9011804807547283,1.1624743404858862,0.9586644220858159,0.981341805281867,0.8621753553320146,0.9333516535295974
205,0.6398137514920722,0.07768631645395342,0.5621274350381188,1.119980603877897,1.0842849616952261,0.8280256834310107,0.9629683713201197,0.9742303874738103,0.8145198498089826,1.147299254561144,0.805116562413632,0.801404124660645,0.8482093164447786,0.9382778003363677,0.8342509505001611,1.1038086187273353,1.0240092749697711
206,0.5800276410599254,1.1494498926166172e-08,0.5800276295654265,1.1441837664050671,0.933581725950766,0.8362474221670191,0.926947435294097,1.0036016763317872,0.8711195444406584,1.1426447352343625,1.0080872027742076,0.9595763211077466,1.1685228200315347,1.094054911244555,0.9553151414881178,1.1259858636925193,1.1777236226598156
207,0.47438003937071166,0.013203148179447363,0.4611768911912643,0.8857316268734459,1.0649556098247068,0.8997704869476025,0.9068038710332647,1.128096227181651,0.8181207467620631,1.0006441771739338,0.8925418256838596,0.8670152073886424,0.9517857121905662,1.1268992626278587,1.0206718964564947,1.0085506939024653,0.8220638881257535
208,0.40927068761636587,0.0038223604209621865,0.4054483271954037,0.8099852417034696,1.1133367432521346,1.1869762354251456,1.1645237547875895,1.0870635048641903,0.9896100346960307,1.19687949003107,1.1310691146685614,1.1127533041641715,1.0542740368773247,1.0277256021333003,1.0811179885196358,0.9541209792892968,0.8176796533801769
209,0.4286053292662387,0.08382789139758517,0.3447774378686535,1.1495562275035214,1.1444735988576489,1.0740288425598257,0.9147881457519084,0.8831065596348511,0.9151905462498872,0.8376824283313974,0.9002538709716094,1.1214627044605978,0.9293316833923375,1.1817106225474343,1.1724532126813265,0.8621575083879421,1.1140299743546134
210,0.5395720529362696,0.10820158556080083,0.4313704673754688,1.097638222067214,1.188025525110226,1.0504549209783987,1.0223256129280147,0.9400109095207093,1.155678642646416,1.0281431333541742,0.8141310196897418,1.006635520390011,0.8281865737747109,0.9744466617456476,0.9810349246095913,1.0318949081454478,0.813900869865716
211,0.3921990570668343,0.01414412074535365,0.37805493632148063,0.9480445653270133,1.0342458864367845,1.0339564540112112,0.8565329398428244,1.1030240602752746,1.116166202690921,0.8307578714816902,1.03707619447579,0.8174152022602932,0.9776705270302148,1.0328945584467932,0.8009502939454891,1.0784563433383716,1.0698946397369666
212,0.3930462989815811,0.021850610394572725,0.3711956885870084,0.9573737227007161,1.0506101388131606,1.0472657144769768,1.0218440695980198,1.140458711835691,1.0741398862900937,0.8363570292999339,0.9792937450980682,1.1326170197958059,0.9099432721246057,0.8425675214187889,1.1047243994682623,1.1208389833399515,1.1923996499635332
213,0.5320536817113338,0.03715659374136045,0.4948970879699734,1.1008948675867571,0.9644831633264562,0.8443818605177147,1.1479307814711763,0.8671868540443222,1.1499920628514642,0.8878989319822445,0.9767467761028501,1.1660810591404696,1.1820711073379873,1.0632516499750317,0.9656051421398325,1.1939639229377157,1.148745252629457
214,0.4342031377337158,0.006764445479183418,0.4274386922545324,0.9184970556551894,0.9753254178483778,0.8920799521110679,1.027729452962433,0.9453719448801184,0.9289793676996526,0.9347697442196651,0.9351926139069197,0.8312767719917831,1.1476730072841226,0.9372846683055627,0.9890691256848904,0.8631844991738349,0.9236159026283872
215,0.4484517777468301,0.042757702377764016,0.4056940753690661,1.1626932386904734,0.9551743690847754,1.124354366040816,1.0806449601579478,0.8801978201681115,0.8193078199421986,1.1327195122763682,1.0822942029346425,0.8973642934416646,1.056099270399344,0.8449795023940377,1.1416738347499287,1.0022034077142785,1.1573438899786748
216,0.5692598627353819,0.08018488927896132,0.48907497345642054,1.1107442323635162,1.130053035678374,1.0293385223311404,0.9535953332514014,1.165254817980654,0.9366420533193821,1.0393413412610069,1.0253008079935693,1.0396487159682128,0.875153666615215,1.1197346853052808,0.9402575166730702,0.9409303556884416,0.9147001935321203
217,0.4958727216499944,0.07438601764218876,0.42148670400780563,1.1504946208506899,1.042253671883591,0.9792514794613654,0.967165657719612,1.0821759317173627,0.9703050880884485,0.8791729107482703,0.9568129373619775,1.1811498910562257,0.9842173652360519,0.9606371303328132,0.932778403781697,1.1160128460808696,1.0137167444194704
218,0.35875503844276746,0.01218483082897746,0.34657020761379,0.80351060740665,1.1787455260051516,1.1689656951946816,0.9936527235840225,0.9842810309831489,0.8615335982341501,0.9642971596422081,1.175149494398937,1.108150215615019,1.1880507840912786,1.0408224716550052,1.075742400974401,1.1913032298505377,0.891645563660187
219,0.49132625956738496,0.052227722516951784,0.43909853705043317,1.0696923309408912,1.0985922302865094,0.8706051313751761,0.8246479897928525,1.032168852573515,0.9523940654248804,0.8333716475468057,0.9901536505572351,0.9159072743357969,1.0158897301233816,0.8325048841711958,1.0157168516900625,0.9556633111076931,1.0564232208453221
220,0.42802514676603926,0.00644675771695778,0.42157838904908146,1.1223028442504912,0.8862931368541822,1.1759084760118044,0.8060515475702936,1.12661731048614,0.9056529613177798,1.019552100196492,1.0187804159663307,1.0110683485449878,0.9101402630833074,1.0845308695885125,0.9290107931937667,1.0834912867639295,1.065185524152322
221,0.44830195273398316,0.0004235949554519546,0.4478783577785312,0.8750684921102401,0.8848069550496493,0.8952538797744777,0.983202906384897,1.0468674487809988,0.9608193786249347,0.9904812281092464,1.0704032345751953,1.0422710082818536,1.0660897095073092,1.1238893181965317,0.8125609820254397,0.9679024586267678,1.06751795206584
222,0.4036178129654572,0.004875800013693026,0.39874201295176415,0.8012322411768958,1.1302835010448495,0.8292158337857313,1.0806736512327588,1.0434310240447104,0.8383316803957364,0.8271401149829415,1.1676651723196156,0.9791751841399057,0.9771535814972288,0.953171364353895,0.8054148691974587,1.042840183066378,1.1930290265156263
223,0.4556104118885984,0.0013834863869667368,0.4542269255016317,0.9930403376492322,0.8258504750193661,0.9577686952062014,0.9291579867818709,0.976169527278567,1.177148683308591,0.9534973087444912,0.9964054683490199,0.9911270743902617,1.0493299306489614,1.1604647061623101,1.1240818936321038,1.0983249777743749,1.1644613884721404
224,0.4513341755054851,0.007234994011675986,0.4440991814938091,1.1936894349064524,0.8127428624780372,1.093983367563374,0.9416270041906128,1.001186529772403,1.0629553084766057,1.0828548567121694,0.8865989098216827,0.8701721043542092,1.1191934115999786,1.1889424083172582,0.8460898819956901,1.0066562480597854,0.925947087300304
225,0.4360151384502847,0.040356600495389604,0.39565853795489514,1.1398029979571411,0.9546865739546807,1.1792964996539974,0.961634548272061,1.0082067176217981,1.0616976744147208,1.0150610385325407,0.9294451373971073,1.0676496995378373,0.8400701517941005,0.9820689391722661,1.0749129864052382,1.0793739450043214,0.8128446049996085
226,0.32694065186525384,0.00018186445203730421,0.3267587874132165,0.8118936405931677,0.9321786772624695,1.045374052865507,0.8212188400266928,0.8762769639150962,0.8147719978420166,0.8952459751585046,1.0336256145278175,1.1372332988653808,0.927575529089671,1.0172749601370923,0.8749480502540927,1.003331006496282,1.0834066720507165
227,0.5118585302993025,0.04619549530826214,0.46566303499104034,0.9371815289953678,1.1897311635881505,0.9981869053990302,1.1760600841061803,0.9438757170801145,0.9458902248444162,1.1966273287447984,1.0978811630758525,0.8164925746834933,1.0004167542230151,1.0602709215656336,0.9470919345734726,0.8119423592839479,0.9413644513625716
228,0.43304361460401164,0.018024903617121557,0.4150187109868901,0.9039600149758289,1.109386569511293,1.100314675921791,0.8435552085356082,0.9850493967853443,1.1349257957211112,1.0279123528611411,0.8472646762348488,1.1431514865073815,1.169356768200003,0.9430554340228755,1.0901963219489519,1.1900990395767395,1.0690949770754157
229,0.4298469262194312,0.01775472048292091,0.4120922057365103,0.9835740164739788,1.0167944867010603,1.0864609330808257,0.952571115674573,1.1869778328230822,1.162965636564396,0.8871492996818304,1.0100649203921572,1.0900541126637833,1.0850297618472962,0.8638698762503761,1.148396587746008,1.0823495462729453,1.1729771233869692
230,0.4762698908975039,0.0217569674665363,0.45451292343096755,1.0377052453627205,0.9938143321920664,1.0796857820307384,0.9185249485891046,1.1081270581353582,0.9618049825564712,1.0704237665347964,0.9288888424387435,0.9719405970138971,0.9945415868473482,0.9017971914732087,0.8897199056521903,1.1798370036411843,0.9151352296503573
231,0.47494541714542143,4.1912901370534576e-05,0.4749035042440509,0.9779788820052682,0.8243426951682682,0.8337504488537871,0.9512475714218147,0.9256027837620462,0.8095006764183756,1.0999907417577166,1.0054186224301653,1.0094907543141434,0.9147381776295682,1.1197559351169233,1.1580041626993625,0.9571900865783206,0.8898670745045484
232,0.34784394528855933,0.0004400508759837162,0.34740389441257563,0.8290223965048367,0.9791721306885733,1.190656262946561,1.0576085249524902,1.0670980741754097,0.9834750791446036,0.9163832225275229,1.0509103868020704,1.0248462993129304,0.9924217043744458,1.1232075193442475,1.141291503043222,1.0103439031320123,0.8461803412275515
233,0.3906515445001368,0.03561684879962933,0.35503469570050744,0.9679884550238932,1.078031605277539,0.9650365473508438,1.0337042671974264,0.9264874039185235,1.0622428202416176,0.8067774645836318,0.8698282782074045,0.9303128741388942,0.811582344009099,1.1370539812424667,0.9667382036800982,0.8417643302007097,1.0297549912158246
234,0.4996929811997481,0.01212344595353388,0.4875695352462142,0.9983432264263841,0.9587791954677584,0.9211925578507526,1.034470312878449,1.0953208723632062,1.1486048331770142,0.9036944671397708,1.014668253992488,0.8235473134404951,0.8130362031255123,0.8713027368399697,1.1503699566701922,0.9723663047964612,0.8723781762650863
235,0.3589669822260122,0.001803552237135241,0.35716342998887696,0.8068753883838767,1.02995020025889,1.1536308480129085,1.0457723421567322,0.9035564897147434,0.8439058140921946,1.14927200711495,0.9272646585174785,1.1173445638808621,0.9303021029964551,1.0462135003671995,1.1080317903433274,1.0807511798420864,1.1104331745178238
236,0.4176646281158548,0.0119324446532151,0.40573218346263973,0.857211368740084,1.0922817639368314,1.1654270852432946,0.8239915399264213,0.9726655214735824,1.1978090876611809,1.1424107116588251,1.0991990330992212,0.9400291269037063,1.0049925422913946,1.187521590564518,1.0470902971161036,1.1050013286619484,1.1732833046243742
237,0.5993726745849584,0.022796871214192382,0.576575803370766,1.1396156248408893,0.9086356650262246,0.8895261845163549,0.9335459520190846,1.0019273733441023,1.1125347975994222,1.153346050431958,1.1199690324462512,0.9961921789109283,0.9359250089134445,0.9458205623200048,1.148416011560811,1.1973294769351548,0.9900752585262816
238,0.43739578750723607,0.02158713367940413,0.41580865382783194,0.978881494803212,1.0795484446536994,1.1019831908013757,1.1500482717475182,1.0430766387766781,0.9817307650346456,0.9650225448324234,0.896168059079099,0.9013035734610758,1.0741071357122758,0.8735214662036335,0.8972664531428887,1.0071157625816198,1.0871691535731307
239,0.33580832374601527,0.04190590011547956,0.2939024236305357,0.9452995745188568,1.1766979835486384,1.176192822069985,0.887994112517018,1.1608239030278198,0.9768603809727644,0.8378329089774869,0.8617714658905967,1.1230773089573352,0.886584328776484,1.0707555766162387,1.0842135686384156,1.1352983419493314,1.0151744097830948
240,0.4692294487340407,0.0011847036834142235,0.4680447450506265,0.9092565234875737,0.9355990493421211,1.0604961435192635,0.8854931362493578,1.1772954083520508,1.1855061420351738,1.1374689287115116,1.087217323922085,0.8981101691294898,1.0866167075233282,0.8223780102366365,1.011898571522987,0.9272587259640956,0.9557273431541159
241,0.4657756887435732,0.00938930955927927,0.456386379184294,0.8151159734090283,1.1161165645756799,0.8172351506417621,1.039133000849936,0.8871211828347759,1.1879633236005225,0.928063769396344,0.8810866878827579,0.8072602561050815,0.8438467693438501,0.8639351309518687,1.1982247066460563,0.8829327789121457,0.8038470769533473
242,0.4662813653569911,0.006887896265618824,0.4593934690913723,1.058248784115722,0.9058511569118012,0.8640188391822463,1.1870750466385633,0.9501461906380011,1.004333651173991,0.814804235644407,1.1941345763642979,1.1501733125125506,0.8277534952602479,1.0251282347835746,0.9444073289956711,0.9819911404266877,1.1643050887668456
243,0.48331710846893483,0.020203522920334446,0.4631135855486004,0.8688321672640877,1.1590116931248937,1.063727062635077,0.8233985664804715,1.125301093663364,1.1057057891080886,1.1185642224461119,0.985391553082252,0.8970783383260431,0.9333487361740384,0.8250487387513669,1.142567740119047,1.1978360884748924,1.1509748015478676
244,0.5066643631819485,0.07489680965763632,0.4317675535243122,1.1556483037770577,1.0659530902942675,1.1306327111585417,1.187508802900817,0.9719095062255076,0.9708152836426124,1.0866347012431845,1.0031295569729508,0.9661670933820776,1.0420066816566376,0.8804526740752033,0.8232696933845483,1.1551338001070706,1.1662206345947326
245,0.45875768027358993,0.0030580135868800095,0.4556996666867099,0.8183230628745047,1.0534000932898124,0.8984266963810915,0.9525087027917662,0.9728766215676247,0.8891138867131934,1.0997893036202755,1.1288838781155868,0.942602820261751,0.8794687176284006,0.8142954168125425,1.1808810161031218,0.8743231318992528,1.172950847442368
246,0.44201446815571493,0.027688381418397613,0.4143260867373173,1.0595957039396553,1.015717737884846,1.1420946281639528,0.8251982622428763,1.108079781698054,1.0426288331344842,0.9473024179067314,0.9890543887373922,1.1150702472743825,0.9066148246579512,0.9183600238912867,0.866741233465338,0.8639136830591787,1.1556701109286989
247,0.3720360954387237,0.009647926346337696,0.36238816909238597,0.9021923862439953,1.046314962646854,1.1992833072304852,1.1367006677010887,0.9649913505055812,0.9490064083777416,0.9887113113458847,1.1598464619840894,0.9545729203389673,0.9759508771524597,0.9207452948528985,0.94313967378611,0.9730985935906611,0.8024696737109807
248,0.4642741048012586,0.04936380399705102,0.41491030080420754,1.0112765236146715,1.1453414568821367,1.1078006693135116,1.194945347984938,0.8865814937144403,0.8142102513111551,1.1102355011083207,1.1632424063587976,1.1108712119331043,0.8754714368842945,1.0516765749619714,1.1620498650234083,1.060202588675587,0.8935912963165836
249,0.580028224163151,0.07679849298392084,0.5032297311792302,1.0896995765198807,1.102450789118126,0.8559002410645308,1.125630682001568,0.8032028840122467,1.0236708122300995,1.0629481917236308,1.0684192638274033,1.0446786983839784,1.06588618493309,1.1801647829481214,1.1664633419834858,1.0536996382190194,0.987185024444573
250,0.3705949297944477,0.11126399916590697,0.25933093062854073,1.1330940841881405,1.1973184294200225,1.1891606279766478,0.8122985485281854,1.0348063196997281,0.8782527366223118,0.8325285959586955,0.920727662868044,0.8610601246921246,1.089285422194528,1.0868718649648208,1.1004498152565616,1.121652873584423,1.1011475061732343
251,0.5010570462338161,0.016690011158096537,0.48436703507571954,0.9265630494939971,1.0531678720232027,0.9655803121800061,1.1793852012920136,1.1656989124305064,1.1709883293719539,0.9743811745834401,0.9914520214777791,0.9482337648197843,0.8764899145055588,0.9510483292032269,1.0100144725170137,0.8361251220275168,0.8885405466674318
252,0.4252967663896809,0.009568576194285925,0.415728190195395,1.049002225369207,0.8710203256415646,1.0095166669601128,0.9264075104110908,1.0299383194086837,0.8993433203212932,0.8657683410447465,1.0436477547324619,0.8618743198969375,0.9330661099073235,0.9742672011427881,1.1101006919564727,1.0682995503345503,1.0676371520097288
253,0.6349567337045149,0.04252512182887449,0.5924316118756404,1.1687573651512069,0.9435602241858276,0.8626247414649943,0.8478966406310952,1.1748973050717892,0.8940000826212035,1.1170046921864012,1.1884083572593855,0.9143529627818666,1.0558472347024783,1.1242512640166158,1.1894394336838836,1.1383986684828906,1.1815973074606179
254,0.5116995604176886,0.040582292497629936,0.47111726792005865,1.0193680854485205,1.0609742751258187,0.9895285496881583,0.8985843344952704,1.0946162378562838,1.0451152964980035,1.0471053824371863,0.9579568298882688,1.0353450422670623,0.8747448031778542,1.0074074518658553,1.1423634111312624,0.8887762706150175,1.0699684947588364
255,0.4127970767654084,0.04169367826522576,0.37110339850018265,0.9179651076911698,1.171156064576423,1.1450176783689707,0.9427263062823976,1.1046856520969377,1.0072546773598399,0.920264715736713,1.1639692936114694,0.818812171865753,1.1726594431916775,1.0950787873726875,1.0786965860401212,0.9026288353896638,1.1127215558776724
256,0.5792562987830063,0.05193247693419894,0.5273238218488074,1.1717043241138398,1.0253387362978565,0.952458845381981,0.9578156566878767,1.168695486374353,1.1257038175742067,0.9706616687723633,1.1618882834069084,1.1890435554787637,0.9679413610622827,0.8108589021858785,1.0131678492375382,0.9629401075794874,1.0119087802075388
257,0.3562746016133167,0.013821437585502697,0.342453164027814,1.0861880062787093,0.9074690733194171,1.1977815168547523,0.8417639619942798,0.8472917358203083,0.8326504513829802,1.091223207382533,0.9496274767436748,0.973504988394058,1.1521796817071897,1.1209488773798455,1.0283102402565614,1.0663447481434496,1.0672261120237851
258,0.5107218917943162,0.07611528373377786,0.4346066080605383,0.9973491876063335,1.1961159862613362,0.9068137685770826,0.8101973643632159,0.8427566168584996,0.9559659108701931,1.0218802606257755,0.9247352133408951,0.9627283244089693,1.1445655310688858,1.1346633775416968,1.072325845298935,1.0065772355440548,1.0672651521151786
259,0.40390812469561893,0.08249443810525202,0.3214136865903669,1.1328326755446554,1.13853986541634,1.0063014380210027,0.9716490337413146,1.1724910940616242,1.1803665667075776,0.8002813058159947,0.946630980614193,1.0143369937919302,1.062868083525999,1.1888878909625835,0.8068093886676149,0.8234668983293831,1.0775975295856854
260,0.5864854872248743,0.025499674440918402,0.5609858127839559,1.1492285633556771,0.9421926363947652,0.8891313870806055,0.9855175166501916,0.9410148545097338,1.0780311773269937,1.1131350275017582,0.8953526641227055,0.8315917931195124,0.9661383900855285,1.1772307175704482,0.9103422673331514,1.1249297146360004,0.9864675401944312
261,0.4073265890953945,0.009807481350969717,0.3975191077444248,1.00952249597042,0.9923331183110151,1.1422208274879817,1.1691691396880177,0.9340266223541283,0.8509946114682254,1.0402300304559895,0.8750215039766186,0.8285549689210192,1.0586039946142707,0.8798164305016918,0.8448209202176814,1.0940625218057463,0.840487223156572
262,0.533347660795765,0.03836634264272629,0.4949813181530387,1.1490538659854164,0.9328498609323308,1.0138435464122053,1.0713560489326508,0.9215003976952952,1.105871105163305,1.11113100714061,1.1332210921836825,0.9694970785742837,0.9965664007657475,1.1313317586318048,1.0191232280197313,1.173280336483955,0.8729368424344861
263,0.3720049144883753,0.010439709806918844,0.3615652046814565,1.1896024765661335,0.8112392523698329,1.1404589512403231,0.8679895086180839,0.9315340393414935,0.8422764267250421,0.8190224960859087,1.1096373904960724,0.9778538640085156,0.8607143285663035,1.033547640963997,1.089565978732117,1.117546110210799,0.9913501660691071
264,0.5127720731556648,0.0016368467401009638,0.5111352264155637,0.834053389974051,0.9946703194251181,0.8097017500528259,1.1910762539834368,1.0408774926450408,1.1437315540981587,0.993813387494247,1.109343744296094,0.9501794165704239,1.0417553244705118,0.9181706778523123,0.8314578271223158,1.0528168408960155,0.9430744473537
265,0.44225263160829953,0.0010651675573135997,0.4411874640509859,0.8180045814568473,0.9808032921875736,0.9553056265068303,0.8070549675250278,1.0352211365368975,1.1125303423914388,1.1886558607159183,0.9507185423571126,0.9172151282476424,1.1683677021859329,0.8743338303520839,1.0401078795685397,0.9525638128663749,1.08345011330931
266,0.4688834361571813,0.001586227237039954,0.46729720892014137,1.0428455135130381,0.8126594464930286,0.893712144219971,0.9640632445583124,1.0732974259595585,0.9946009285986106,0.8348403095488335,1.0917643704372768,0.966510827343535,0.8121644471433634,0.8610229080768398,0.9307007311910529,1.1571333597586846,1.0012412752218869
267,0.382099989968573,0.01042397001555048,0.3716760199530225,1.1316928294521253,0.8060227708388996,0.9839086062659945,0.9218642634728721,0.8153493434725863,1.005774831889734,0.8328029905113512,0.9910617981613953,1.0546922163301284,1.153635571807571,1.1942267998865868,1.043837122325951,0.8249586917671611,1.0393747746752553
268,0.4191233930860051,4.2111885676141236e-05,0.41908128120032895,0.8366091524392384,0.8365312395793066,0.9395866621163952,1.1769512801288355,0.8843834417974046,0.8495923086378038,1.1887582872298028,1.0521103472957924,0.8887230526161118,1.1409019306479067,1.185416263113223,1.1810229912060675,1.1085067854960118,1.026099765048513
269,0.472105562557424,0.0004850750244699939,0.471620487532954,0.8692232392093259,0.8940901597788806,0.9190144141324734,0.8821594710261478,1.091091916540482,1.0273091560881533,1.1870248668196488,0.8721448280166091,0.9684294386024173,1.011758392438747,0.8687912740750452,0.9427226121795383,1.048748175305278,1.0490738857155737
270,0.4220396542854449,0.008030821999381807,0.41400883228606306,0.8115090559478556,1.1402130246670934,0.8179234708382486,1.1097226665899707,0.817524380124937,0.8132221062727181,0.930873034813506,1.1805580204712105,1.0169825656857325,1.1249561988885548,1.0456259461393889,0.8274793708009753,0.9245946391499833,1.1866074847967898
271,0.5788431336044356,0.054203452590877645,0.524639681013558,1.0187339214110058,1.1004149241998378,0.9583222900146322,1.023899574740268,1.1324094175307249,1.0459573642133968,1.143124042699573,1.1296247827977919,1.097091511995189,0.859076432672779,0.9522106996126812,1.0902837814985191,1.072359008782302,1.0648467101368964
272,0.4461432895989438,0.00817726627464231,0.43796602332430146,0.9706039170158653,0.9969961283534219,1.0319325831614974,1.1203122946746331,0.8120133827140444,0.8963287158203064,1.1408603222644425,1.1826046562092376,0.8633373220955147,0.8372318381251365,0.8342127852191807,0.9220550642183287,1.039291622146208,1.0302196701066906
273,0.4733537329877781,0.02250563375786742,0.4508480992299107,1.040419266667655,1.0020267950193953,0.974262138235573,0.9730820917351568,0.9381457795106516,1.1602747630597054,0.9058994037406986,1.1384327235376819,1.0312184270117741,0.9073123400280964,0.95639947562991,0.8525430480981017,1.010431292469457,1.1143334539998
274,0.57820413435482,0.10739475766531711,0.47080937668950285,1.1212925064588715,1.1447437761161094,0.9458586723415342,1.0041752792266019,1.0831058754782912,1.0309049859492254,0.9817217723373179,0.9919100737700012,0.8620475581058629,1.1635658282467487,0.9389790278095856,0.8001153100817056,1.190352637958527,1.0214760946330057
275,0.4701963469582969,0.045001907826636114,0.4251944391316608,0.9254405356952435,1.1857997296568257,0.9258220138147224,0.9547955454243142,0.8615420857854962,0.9196822065722013,0.9763003137128644,0.9375970277686622,0.8621827593860276,0.9782339387079246,1.1411581072262607,0.9488120241820063,1.0976438796918389,0.9654110815472589
276,0.5592025998653937,0.03413713878041418,0.5250654610849795,0.9190591884866264,1.1035929259348745,0.8210256467461289,0.8256333668715604,0.9986188711918653,0.9807469286409229,1.0736845068912433,0.8893267586796131,1.0678030171546755,0.8032998828013178,1.1081189491992371,0.8669080502516721,1.137854035462606,0.9358785190767696
277,0.47745948731383253,0.018935478718457584,0.45852400859537495,1.056224991480466,0.9551995110463423,1.0236258184751585,1.1194128726907722,1.0538611348088218,0.9614654360046724,1.0088943566260204,1.1377043292782203,1.1556536758766995,0.9969100626293076,1.1193422495379315,0.8752578007033945,1.1268823845188343,1.051256386105244
278,0.5023618514591279,0.02135378378590354,0.4810080676732244,1.133983127616028,0.9294525393973478,1.0148609875251284,0.8796067228320392,1.1499618162768117,1.1538061784260312,0.8973130585245569,0.8004875249920423,1.1057562015153681,0.8528899246295245,0.9070700866354965,1.141648508304902,0.8290502812030038,1.1787588877509756
279,0.6143261570522488,0.13777940182901416,0.47654675522323464,1.142428519906594,1.1704166448058393,0.8406363116906245,0.9252465084075766,0.8648955084664907,0.9892733732919672,1.042226302603185,0.8570140303924236,0.9811563531689121,1.0815266379420496,0.9464406832147367,0.8763855797771898,0.8190575544525799,0.9116826912956205
280,0.43946493445394647,0.054231709950407166,0.3852332245035393,0.9232415415755767,1.182865202624751,0.9146997627860308,0.939928398296141,0.8335633676625569,0.9947473752607743,0.8722192747731053,1.0778439099751087,0.9202553626412591,1.1126204046807298,1.1745938358374501,0.8814342203732143,1.1926562165723626,0.8573660395672675
281,0.6034847188975038,0.09326287262101722,0.5102218462764866,1.1688249525113168,1.117351214232424,0.9105361421961163,1.1795959082658327,0.8985926102471852,1.1522172194650206,0.9918376693152585,0.8845801251996096,0.9816439854457246,0.9223955107462998,1.0575783694851035,1.140122705630223,1.0194127605978287,1.0835926975896017
282,0.5623575443497845,0.015975892491579182,0.5463816518582053,1.0655491941280504,0.9334281153598394,0.9306828899885591,1.1779886677552018,0.9868333576366979,1.1648091803600467,1.104510600246348,1.1751962480926244,1.1219704791186444,1.0912744631813658,0.8839385935267637,1.1617058255118438,1.1008204111999418,1.15376854052445
283,0.345509919171264,0.00017732387017804243,0.34533259530108595,0.8453331290315408,0.8817089353466602,0.9554077438139217,1.1200666314190453,0.8055504024163456,0.8283667500904545,0.8977590388458162,0.842396146938885,0.8558784246503834,0.9236924674528038,0.9910255377849683,0.848476662500186,1.0621612048471585,1.1329406901892343
284,0.5781120247964651,0.07421605945292686,0.5038959653435382,1.0672454643498839,1.1342830916810376,0.9887537382734021,1.1621900787442825,1.1761434436551168,1.0467948488419283,1.0605690850976675,1.0770061202218235,1.0314818463544684,0.8051601540513076,1.1605581618603873,0.910645177069097,0.8202961221424956,0.9953259760921638
285,0.5115955741953866,0.04522191599580618,0.46637365819958043,1.1762820879109466,0.9398451158718351,0.9273102432293665,0.9001583284612948,0.9076652273925214,1.0593264685976196,0.9822041458683793,1.152493002251243,0.8048635777337029,1.1761639383671503,1.0666541437237,1.136576346410979,0.9008822663348023,0.9499959355658907
286,0.4930441881204535,0.04636505195246823,0.44667913616798527,1.1932551188443918,0.9487862141602699,0.9585557415197409,0.8997791454026155,1.0986672116107186,1.1204334897582267,0.831936120614337,1.0722672163497549,1.1096419511878235,1.0472158883145861,0.9051952534794762,0.8309398337345013,0.827830152529822,0.9945578192890772
287,0.6843156154144904,0.12896357646154105,0.5553520389529494,1.1944179400252553,1.1183828019961342,0.8902098909586064,0.9095130702829411,1.154004357325971,1.1747182418876476,1.1203110232028604,0.8173171831259934,0.9521502621336064,0.9093170931477929,1.0950530837640065,0.9625614864633827,0.9960247108276404,1.1036017917554852
288,0.4783216762325099,0.0007741726793775294,0.47754750355313236,1.0005532613202024,0.860350791356329,1.0309291457558456,1.0742893350908287,1.0051102451091554,0.9638750103949386,1.197020166246058,1.1713605890677843,0.9139192823860254,0.8984926553187014,1.0460750868002793,1.0505199475794589,1.1666700075397403,0.8439110679299746
289,0.4424591978360531,0.046586342605069414,0.3958728552309837,1.1414921199943053,0.9898882729347556,1.1290243951545456,0.9222642291469526,0.9479162519281054,0.9381633216397499,0.9564230110527594,1.1819633581796616,0.942666392104949,0.8941990437437135,0.870804161797702,0.8241474839624734,1.047739093058817,0.9743876993129993
290,0.4197279233568751,0.002509761263306205,0.4172181620935689,1.057754653111962,0.836083957557733,1.1332121419982177,1.0845172484908805,1.0739928946897965,0.9018119240467213,0.9888579516512185,1.112686518143778,0.9604342140739524,0.8263263475589544,0.9876303005868803,1.1532963372328109,0.9709844363357345,0.8033087220951086
291,0.41207195397863855,0.0007500978582203471,0.4113218561204182,0.9178822027652719,0.9899905055733897,1.184640168624883,1.0177084796802487,1.149942888676795,0.9693131149254297,1.0669253553225753,0.9764615904691273,0.9426634949406325,1.0986937180357763,1.1354399902407653,0.8474685062652216,1.1477847813168818,0.8823710515436637
292,0.5063291445438941,0.004165321697505523,0.5021638228463886,0.942181758910478,0.9087734130519427,0.852020774067773,1.1912433123802053,1.025464161775318,0.9543616790720555,1.0991619084647957,0.8194714890537393,0.9495040318263982,1.1156204469082165,1.0864240885219782,0.9365159860171459,0.8505002564079553,1.0986038750113665
293,0.405876735127996,0.0012144612482809796,0.404662273879715,0.877211581192158,0.9580725604560015,1.1693351895065833,0.9576481677636096,1.1220217566460253,1.0485139742358598,1.054071604979821,1.0120346041716097,1.0234999690424071,0.8723005003922019,0.8833360663883113,0.8433004232258838,1.0833302374100842,1.195998107728196
294,0.3997980494737722,0.06936383596906602,0.33043421350470614,1.144121023670311,1.0901379736676975,1.1500985189895128,0.9079520685435803,1.1376835332196134,1.0813141590586162,0.829585466881854,0.869290138014156,1.0757995935285674,0.842168089335005,0.9778256898698026,0.9297628838150055,1.1682220180428806,0.883283070007133
295,0.4666705059304643,0.014297671859482932,0.45237283407098133,1.0814166726440235,0.8836917829662482,1.0529310355431638,0.9532624325384274,1.103168238591019,0.8131383004913343,1.1654597737569652,1.1312886561006041,1.1887391914200494,1.0221286034600767,1.0366505873400478,0.9179700343059579,0.9390959231054066,1.189516260434149
296,0.4060846621638839,0.0017641556326627157,0.4043205065312212,1.1103567881699954,0.8709901029926717,1.1977346768529733,0.8807494959403138,1.1519572532093565,0.9036272147783478,0.9186527600213833,0.849661287905042,0.8340822707631298,0.9050488689066167,0.9367915376931568,0.8784552727329035,1.126201102549752,0.8932083251300452
297,0.431314220196435,0.0008613464345578009,0.4304528737618772,0.9024692835898255,0.9046863614328204,0.9862308531142628,1.1268006833374309,0.9209179205384459,0.8616252912909426,1.164428051366894,1.0698637479030155,1.1020586105330108,0.8662383183873139,1.0843636886335792,0.8715721499647057,0.8408692013029857,1.082562804849391
298,0.5787651644940935,0.06092744878117452,0.517837715712919,1.192163109672695,0.9497534035986681,0.8626445595748373,1.1044157513921864,1.1015699319040704,1.0929047426641518,0.9291317383134142,0.906487445833836,1.1222342906701936,0.8886601335123553,1.0774161156970228,1.0693077751159152,0.8311870646655974,0.878351750401451
299,0.5380157357749186,0.07328791989026591,0.4647278158846527,1.0015267017997675,1.1641770185173999,0.9030998495401762,1.1349633837360635,1.0516054771251304,0.9225633040708597,0.9480809696811016,0.9913117984605205,0.9304118472792413,0.811432410848502,0.9167035563688042,1.1668957577710415,1.1147580665386774,1.0647880504170613
300,0.4782687010713477,0.05346227707248012,0.4248064239988676,1.0927776798506996,1.1016806885384383,1.0847008882273377,1.056044453154736,0.9584952158030893,0.8562300902614355,1.089389812711973,1.0481742544484745,1.1343474337603459,1.1563754040816914,0.8477352028161,0.958001919116864,0.8359783453079264,1.1082417507587645
301,0.4511943743273462,0.006609616622339653,0.44458475770500655,1.0493543135547578,0.8418655663872052,1.1153488069862407,0.8699099706012184,1.1508285013413329,1.047768366102474,1.130396458045143,0.9111136238208962,1.0511654594892628,1.149220558266178,1.1863495770293775,1.007064585404731,1.146728751007709,1.0170976410274144
302,0.38100518689575913,0.014352480018485065,0.3666527068772741,1.0851772008982956,0.9235212913078668,1.174706884525394,0.8044132049574406,0.827025501282441,0.934999948996099,1.0421964125418393,1.080793024581459,0.8972709553300572,0.8928750499452373,1.1363116940281015,0.9959511097137558,1.0352564705678913,0.9001476876312843
303,0.4783041821749274,0.01333633981347515,0.4649678423614522,1.1216809355383386,0.8677950705388019,0.8281292678972765,1.1578406533397023,0.8457243958752039,0.9747430563530032,0.8397071227766629,1.0125918880457832,0.9169921568751807,0.8802094405354034,1.120517604453381,1.098527428584255,1.1100074909998945,0.9138631245818625
304,0.4712386588771875,0.018386358494531452,0.45285230038265606,0.963766451760045,1.0388158392888667,1.0599441096158757,0.9085235113514866,1.0221630248268132,1.0098016873596367,1.0982511370611359,0.9254802607594312,1.0823081113807396,0.857337410931353,1.004130746618304,0.8096181278106616,1.196671004917831,0.8338415113184369
305,0.5344339782742319,0.013990254279640027,0.5204437239945918,1.1367689553569253,0.8450472993067477,0.9717037111280449,1.1779632925684376,1.0421119451334329,0.9252455991652062,1.15899814638692,0.833741084938068,0.8055804567120814,1.0461444508410445,0.9254432999236762,0.9500793068592717,0.9937485272091167,1.1825147384902772
306,0.6393440938835865,2.0545756977794097e-10,0.6393440936781289,1.040188039454491,1.0283470125387577,0.8290159805199165,0.9710774310176318,1.1536592445976388,0.8690703128258462,1.1999761478489144,1.0796484802125061,0.8379394286196227,1.119701728577234,0.8623391501457842,1.186837761507355,1.1740741623709205,1.1920815062950676
307,0.4989442225251655,0.005307253274501961,0.4936369692506636,0.8710300911061454,1.0871102659857352,0.9867765827885581,1.0642369995859304,1.1632390329397817,0.8418675710015946,1.1433468545641134,1.1081734521810078,1.1565760716067883,0.8283272556587553,0.8987589454467143,0.9722918826084112,1.121632398634882,0.8256482805612804
308,0.4906795592131687,0.017498444248840995,0.4731811149643277,0.9518456943567248,1.0383795562077067,1.0344308219326435,1.0544611036696492,0.9320781027104845,1.053616834990076,1.1745721092579857,1.102320807677984,1.1796758401786638,0.8755488489096237,0.8248922273767547,0.9136873814220722,1.1979323435116584,0.8802569384023008
309,0.430071473250879,0.10428633753536204,0.325785135715517,1.0965309176069087,1.1669885039735357,0.9952617480246048,0.8179686108011086,1.180450132273534,0.8979409436400285,0.8186817078470834,1.0864204355183549,0.918280105588701,0.9591929274890448,1.0795981423842356,0.8320722932498019,0.8521344081493595,0.8489081880035236
310,0.5232209968269746,0.11033428632810321,0.41288671049887143,1.1363985110904236,1.1643781986034742,1.0115641807921592,1.0062610027939036,0.9688545109043359,1.066312364215841,0.9567272840950174,0.8533676634629481,0.817229795479444,0.9044996238746342,1.050009053477492,0.9119103726396476,1.0863813549472812,0.8698064463046122
311,0.4699950477544,0.018170983376686177,0.45182406437771383,1.1348403720430005,0.9034513515685599,1.1511290094642537,0.9585868744552585,1.0428886932397345,1.1122622517101344,1.0451282960401354,0.9704545399178014,0.8633989286019031,0.8223887468312918,0.9697623905772362,0.9365249136768152,0.9754055760976127,1.0769917005033098
312,0.503712594888589,0.00044583463574463287,0.5032667602528443,0.8188913213346133,0.9661897591304548,0.9107928168218233,1.0921690946427274,1.178333308350147,1.081588577744198,1.1565361197673627,1.0602565562850965,0.9384235722032441,1.07785693315304,0.9597940835796921,0.9650538509134651,0.9037558303511073,0.8287041904202135
313,0.4444884179958001,0.018086482541934335,0.42640193545386573,0.9043822106566429,1.1086501106348172,1.1221021917242289,1.199577100635688,0.8932430134142383,1.174714649225176,1.141962749612422,1.0322225915676944,0.9007347107048511,0.9713422991863081,1.1862890933195798,0.9820239194127192,1.0186683217033263,0.9839600703263555
314,0.4376264226505826,0.14312316962894683,0.29450325302163577,1.1780674365091939,1.1990019139441965,1.0027563563850084,1.0396813726161718,1.1001768899939888,0.9507530230783198,0.8279499585929176,1.1479814093137546,1.0421771619303675,1.1201567153177887,0.8441328549090708,0.9499722164030973,1.066609108511563,1.01996155465876
315,0.5100911218766011,0.1127695865847903,0.3973215352918108,1.1572356036424465,1.1797523912568184,1.0872523134651142,0.9913984909499998,0.8000882035236845,0.8119369205282922,1.13999318987697,1.1415568549092634,0.9092181786240557,1.1514059347775167,1.0474076110581603,1.0656486422486742,1.1786137512415453,1.0820828540686058
316,0.4237798025476729,0.022559606428010606,0.4012201961196623,1.0097736064233938,1.063448562006195,1.0454466667751658,0.9452752933063485,1.0040974396939806,1.0836239032128905,0.8552301637712436,1.167272075373351,0.8527321014572575,0.853994610720485,1.0128165427335054,0.9037561693527079,1.0534308981497067,1.0526623432595117
317,0.48482915501267976,0.033832492127023106,0.45099666288565665,1.0226052815605993,1.0243955243086666,1.0410938207335902,1.155730535532159,1.0954350130790853,0.8610751153192076,1.1235540433216757,1.0010531773556137,1.0146334785861837,1.099627960873796,0.9179259623658305,1.1729403793048596,1.0611287969114036,0.9325171263703095
318,0.47229555328702694,0.04950321031318294,0.422792342973844,1.159927187609209,1.0039336481216303,1.095848775500837,0.989539412987729,1.0327694557397447,1.0379759351799116,0.9115156106625468,1.0796106157004002,1.1559231906844982,1.1939204053141732,0.9675839523766765,1.133837009901603,1.164241806544311,1.0338071105454398
319,0.4968181350196543,0.07611379514059914,0.42070433987905514,1.0789605807806528,1.1043189836387721,0.8082627466789339,0.9752634962711002,1.1425756248821917,1.0536025440403534,0.8143434179699955,0.8516963017978338,1.1498799981550576,1.0407520128543042,1.104462544515157,1.1234932740183772,1.1061183448596417,1.0779032783848341
320,0.42995457339061843,0.01476806583277219,0.41518650755784625,0.941617703820823,1.050868029685747,1.027744560674928,1.144807272006545,1.1232672922944917,0.8083881516738358,0.8963607455544974,1.180178690677272,0.8126994878613522,0.9594499149830417,0.8382513550095989,0.8766852542605554,1.129791415718727,0.9251239661750347
321,0.45702874301137386,0.034642988842014964,0.4223857541693589,0.971980361855732,1.1021879151926546,0.9478461926518109,1.068438931025356,0.8557768632342966,1.196376523929478,0.8843635703423655,0.9783931143943376,0.8005022858276668,0.8281331932830776,0.9317544299113756,0.939780027356027,1.0472016487843243,0.991701581843943
322,0.5366976258515083,0.015589275050742249,0.521108350800766,0.9385622779437717,1.0382711036242829,0.9038433688118664,1.0881488388854914,0.9768635861738287,0.9641350142238265,1.1556788822670172,1.0170064738676992,0.8085961412241373,0.8658925869297054,0.9941467243013753,0.9583069835145492,1.0889534699551555,0.946073636729134
323,0.4451094903722049,0.049189071493186645,0.39592041887901824,1.047286824451866,1.1164764593091667,1.1847709365193784,0.9859937291396352,1.0837902050941217,0.9211935842184524,1.0631896014421123,0.851275362410219,1.1458545830876277,1.0345558172885438,1.0516302577099936,1.0529023502276358,0.911082157249891,0.9702839911110106
324,0.45535196759540225,0.0038180867778804875,0.45153388081752177,1.1718707816565443,0.8426836448576616,1.0161231391926326,0.9716367999579035,0.8864875668164311,1.0037518207195084,1.042083472189974,1.1130532380184934,0.879603924526861,0.9336941180711468,0.9437593721808696,0.8942360087778984,0.8979657213987353,1.1326231322785847
325,0.3369206120679386,3.482511527453381e-05,0.3368857869526641,0.8175917504702744,0.8414965251400848,1.0727976216538593,0.8264366447255377,0.8162705599203763,0.8402514742092576,1.1835153305189259,1.109952191411749,0.9049673239036355,1.0943646421943225,1.0176274751861445,0.9328775970612804,1.1964421203590079,0.9201225409172468
326,0.5836425023584102,0.07197970516404006,0.5116627971943701,1.0455494823162277,1.1051397560199212,0.8460755654147623,1.130491519800832,1.1822348800433657,1.0795232495258529,0.9223597652963899,1.0286311694297556,0.8572813291557478,1.1939007837799054,1.1859345508504626,1.0580285746910247,0.8438065272950465,0.9681554270228631
327,0.6719604961087723,9.232365716472949e-12,0.6719604960995399,1.180089604124974,0.888278780826854,0.8118988471229567,0.9981476209473348,1.1640692130958599,1.0278137624342976,1.1604461621849316,1.124738597031171,0.8460505478123868,1.1629871927978415,1.003211082772091,1.0627677309990935,1.1519349709603284,0.9913843687353882
328,0.43153314386028274,0.0016196960495595805,0.42991344781072316,0.9369527662437076,0.9078250247171078,0.8788721835050648,0.9749562164977438,0.9413602022476354,0.9661457963616193,0.8770047478511996,0.9496142493790154,1.0158728392253316,0.9573395745920771,1.1108034113244047,1.0654088386972682,0.962794608473088,1.1498807546062124
329,0.35151328359884615,0.000543244643570437,0.35097003895527573,0.871061860415768,0.8907428437482168,1.196868707766542,0.9448769771448416,0.9894281482887861,1.0568424595410595,1.0192698854382485,0.9578401909724833,1.1873181350435296,1.1340037025353429,0.9796281191218286,0.8736986688807988,0.8639368631187199,0.9796737884159581
330,0.4705217932459492,0.031517644830001204,0.43900414841594804,1.0617588167809395,0.976987256591362,1.0656005654550946,1.1800637869293578,0.8935082596421116,1.181672296136325,1.0237591185419679,1.1619403032838738,0.836097347613246,1.0470978047070012,0.9804080019100633,1.0074086732038734,0.8765658683450689,0.9376061247754989
331,0.49887990603320054,0.0011626753798561515,0.4977172306533444,1.021151872621947,0.8218246104508309,0.8504488201676966,1.1054863645916817,0.931165622542091,1.0316575120791267,1.0203912820348884,0.8046240187827622,0.9301845472664025,1.1735932769953548,1.0530640308698431,0.975982450486944,1.0641778344584047,0.9664965590287148
332,0.4601236199858474,0.07702768663924463,0.38309593334660275,1.1312158837584665,1.09389216613829,1.1188972411595075,0.9853527631241603,1.0316338150743785,1.1317905756425592,0.8954051842864004,0.8060954099213995,0.9887232468092723,0.8887411628048779,0.8240350278444337,1.173491549697009,1.1533603886979344,0.8446554672244312
333,0.38140296741190116,0.00047730719029105256,0.3809256602216101,0.8144809183861027,0.9516186940141839,1.001064010479853,0.9081491565007759,0.9195026377481947,1.0593127050429076,0.9942546546124683,0.972204658885377,0.9620914976824356,1.1486261990852629,0.955358784093208,1.1860755601171524,0.9158316786824515,1.0060092889693133
334,0.4096231629562473,0.004701386934013575,0.4049217760222337,0.9548721813760106,0.9205079718547995,0.9635162302422929,0.9958234925899568,0.9984629824643496,0.8700053568037479,0.8879233178853845,0.8424654451753749,0.9905698874215321,0.8618889474242858,1.185502211258369,0.8962220421601758,1.174915982132274,1.0106542140631174
335,0.47402688372278845,0.014141466070606462,0.459885417652182,1.0410158512122503,0.9137695759992145,0.9693838116338154,0.8644034624996111,1.1512630680733331,0.8189658262906917,0.9605517073003252,1.1702963646898898,1.175306600796303,0.8099298892065664,1.1391244443752027,1.0545327664225588,0.9532745175722345,1.1943650293802368
336,0.5787681455607021,0.08378165978416564,0.4949864857765365,1.1487501821093713,1.1473429809079891,1.094374750954198,0.8472421970047326,1.1505878336821074,1.1903263607713135,1.0901014550876804,0.9882750567594669,0.8567058425740817,0.815675622548655,1.019291230725048,0.9002909433793111,0.8102300293794613,0.8109383724065978
337,0.4740108605386426,0.016073359319162386,0.45793750121948024,1.002882591305806,0.9918693848354608,1.0418655220763828,1.1438796239383446,1.0315025614988877,1.0001715038725998,1.0767307446782446,0.9577391766852039,1.0713597502155625,1.0925600297703304,1.0647773170524364,0.8266251273718241,1.0303284004271915,1.0444169584557375
338,0.526803029890635,0.0208252089577887,0.5059778209328463,1.0137855770787045,1.0039012896379444,0.8045745157028996,1.0607299983971328,0.9243078495794871,0.9933100635353699,0.8880420008144971,1.1911857857510137,0.9379115357084433,1.100435522283421,1.1517925314051032,0.869044330243441,1.1091396887369218,1.1218969534065886
339,0.5018037691722923,0.014617172887007614,0.4871865962852847,0.8888473668921508,1.0736099104729884,0.9403603024523752,0.9758524552501859,1.0399313796770664,0.9834764832136873,1.17488388647506,0.9082759080401069,1.100610239085083,0.9946805604193033,0.9872899956549187,0.8395216734244575,0.9510672804486799,0.9462951745746508
340,0.6115403014004631,1.0209727161671578e-07,0.6115401993031915,1.1665409672986469,0.9158179638221231,0.858025670269809,0.8329150827363236,1.0613952713040096,1.0932749221183273,1.1474231732355746,1.1062492996769586,0.9459540117709867,1.0581947405248409,1.0558098229416235,0.8584820100697294,1.1691189308898153,0.8057930411586598
341,0.5132158082821642,0.04558259459551835,0.46763321368664584,1.0886929352923471,1.024130444716671,1.051258982837128,0.8062940839225903,1.121132086722645,1.1358760898172167,1.061954980563343,0.9692267553969174,0.8313654873382463,1.1713483159167986,1.1931176257212166,1.1399365316411374,1.0817398407562406,1.1044115301662696
342,0.5315025465445821,0.03165130163919271,0.49985124490538935,1.141884819832677,0.9016769325282625,0.8906913169290424,0.8915958159559986,1.0932077484875622,1.0331629916014575,0.8605727933699037,1.0901963370399523,0.8920546012237908,0.9266825994459706,1.1565407009404125,1.0644269190186193,1.01473758947722,1.0997674688913295
343,0.41945718710237795,0.027144438718075207,0.39231274838430275,1.0944189466025889,0.9773329537823783,1.1957824446293197,1.1081878247649346,0.8507302849897466,1.0315289493985755,1.1505088946610256,0.9683485699414877,1.1533653867976734,1.144506592108594,0.8022546105347719,0.9807280179902377,1.195776960596546,1.0175082159610356
344,0.46783650503510893,0.0009257722686762759,0.46691073276643263,1.0039072713462873,0.815510617922995,0.8628369593375663,0.8848563940913654,1.0199379032852223,0.8327038054070155,1.011779654966822,0.9081388209295125,0.9510467730613269,1.076724279504599,1.0108916253320341,1.0979256519005147,0.9304505366811564,1.0430711716975973
345,0.4658618080013008,0.07575391559141696,0.3901078924098838,1.034226211470373,1.1542413550731183,0.947523795295438,1.19700575431385,1.1090600518481,1.1797376864858902,0.8758058920384386,0.8294127134485408,1.1893008751648866,0.9231150028731747,0.858431472709798,0.8568860835084311,0.9665372746442711,1.1474835829785381
346,0.542855871593222,0.03973993933567511,0.5031159322575469,1.016850403446366,1.033626739901384,0.8028924454383682,0.9390927868860807,0.8604667040963454,1.0008266500169345,1.013636362696539,1.0840245401355424,0.8186151596468234,1.1433412637069547,0.9927429103828197,1.1759767118251951,1.1037325425843207,1.1172127103786014
347,0.44695936837423195,0.0027826842289605047,0.44417668414527145,0.9416200356120153,0.9723451102969177,1.019132844840477,1.1833805100774288,0.9258188137482289,0.9199934408784723,1.1541567761655205,0.8487810092975085,0.8921868005602546,1.0773128555506466,1.0325918149131186,0.8880497683598981,1.0887706282311216,1.1045141067445394
348,0.3390759529974672,0.0007868993614282662,0.3382890536360389,0.8524242162337273,0.9280995995576636,0.9741906131623689,0.998556181740455,0.808094411202669,0.8486758386046145,0.8721063614474699,0.84909486198915,0.8826955870664343,1.1231317944574695,0.8056333378200776,0.9403542418474793,1.1176890472377057,0.9973435362702101
349,0.45682223301921004,0.00346370824523588,0.45335852477397415,0.9278482906099225,0.9993940356056359,0.9983247703159558,0.8930080974730704,0.9366539020714024,0.8667119807872404,1.1805529955557288,1.130648036705297,1.1342658602451974,0.8986287458666576,0.9158968707186503,0.9254711695816249,0.9834204409052585,0.9373478847387517
350,0.49304373114915134,0.0015047525865561342,0.4915389785625952,1.0720832333597008,0.8009671292386704,0.881241290232257,0.9656044740954339,1.1420537820181607,1.0064683127397012,0.8502878993264207,1.008541852360628,0.8664246138847984,1.0837784174618166,0.889993457365441,1.0464604780334128,1.1312842820557012,1.1206488941055435
351,0.501639760321869,0.020922204539169428,0.48071755578269953,0.9411116985848789,1.0739398818889594,1.018162049017123,0.806958196152236,1.1820136032406905,1.0564029403789437,1.0346933012647421,0.8465575462022574,0.8022906440792097,0.9711239622565047,0.8757520584307843,1.1973003649445804,1.183321460370987,0.8099746722657067
352,0.46793020178329814,0.008066368168470008,0.45986383361482813,1.0202051863338253,0.8772572140208982,0.9549192304888243,1.0100804570165471,0.8594404228254028,1.1068462657395706,1.0246568774159672,1.0196766532169135,1.051094562467319,0.889972297446154,1.1189431404972274,0.9096193298894527,1.010877850326945,0.8491974194996255
353,0.5103440333632134,0.04374276867720582,0.4666012646860076,0.9725698761087809,1.1110489149385119,0.8690291494275654,0.866003614015826,0.8339979263746806,1.0030173864960197,1.144720139856278,1.0459862214220412,1.1142084998287232,1.1458099617372062,1.0525384095236634,0.8947580787417725,0.8784845409691887,0.900582072620019
354,0.6119803561394094,0.1146013373353472,0.49737901880406216,1.188905588152678,1.1620581131582548,1.0021646211390542,0.956654016771852,1.132478723492423,1.0608689630184536,1.080273082533111,0.8676921005770546,1.1925714776681142,1.0856711825408702,0.981443281576941,1.0346234582962612,1.0935329993383478,0.8530268644101704
355,0.43556986716964785,0.020051179851278116,0.4155186873183697,0.9119664301882618,1.103582764686347,1.0933410626566553,0.8839038211185922,0.8576265999585122,1.0251409869223687,1.1558240581193162,1.1781780744740848,1.0794981161032986,0.8751622307913012,1.1667777718015837,0.851777091465162,0.9739600084328981,1.1753426105489282
356,0.5048819101924198,0.06760952568735441,0.4372723845050654,1.0449502144353033,1.0999350936070027,0.8966518077033883,0.9759765921541103,0.964993463680782,0.9536419180721136,0.8963139356686508,0.8318517982455234,1.1762802722289005,1.0429959963226125,0.8940250058076216,0.995312281412243,1.1085070345147938,1.1509051397764927
357,0.5453778227393459,0.07574715808304493,0.46963066465630093,1.1509188125034868,1.0665475273039688,0.9397726687483955,0.8984553283584656,1.1907372278251558,0.8412429332376273,0.9447288590654611,1.1675405754900514,1.1170602290589913,1.191810757547136,0.8881517653075549,0.8593449011139631,0.8834965740328218,1.1902298399764728
358,0.43252124390173585,6.973880142887525e-05,0.432451505100307,0.8133890180231582,0.8713964486858591,0.8635305575506436,0.8048165018100447,1.047751895677321,0.941334936067534,0.9320361926992919,1.1832708693720166,1.0867381545696126,0.9225565952814285,0.996088253998755,1.1382023311169989,1.1232378905827818,1.0304248239329927
359,0.3732177116725311,0.014199628885695825,0.3590180827868353,0.8669703438772707,1.0924881024088058,0.9794746311012804,0.9544285967780399,0.8998419627459813,1.0632758729993528,0.8385809918903396,0.9803171078859187,0.8052880808432302,1.0293665400766183,0.9655787419868027,0.9351930726641469,0.8339710008998107,1.190596002198276
360,0.6248996569948155,0.04647036160880173,0.5784292953860138,1.1349363398168966,0.9886346010873859,0.8662046715093985,1.0672063880385338,1.1827242345737328,0.8601343866660947,1.0529470828302476,1.0322678545461605,0.811007491570792,1.0623664060364981,0.8246522508894327,1.0019112774873047,1.1968363750215543,0.934782727633112
361,0.4823703273859474,0.050687123071246225,0.43168320431470114,1.151662962449873,1.0378591912721244,1.1614043192610382,1.198928802063992,0.8619549132072922,1.042039135880429,1.1930127462289748,0.9161939215557505,0.896308104611839,1.1594694488587733,1.167359541227477,0.9149369356881767,1.0409066335092252,0.9096708298885947
362,0.4279042099849083,0.01912824334819251,0.4087759666367158,1.1999590698364189,0.8602081115819097,1.1198432776499438,0.9949870146249727,0.9307658491393405,1.1891659009558309,0.9883564600426722,0.9564308665900872,0.9668531133963583,1.190627401848579,1.143663146097401,1.1339217723895518,0.9394745730660451,0.9531315178512045
363,0.5644978890666796,0.017732396011555986,0.5467654930551237,0.8719293701794458,1.132756476228637,0.8545698051538047,1.0600315407236798,1.1791510383444819,1.0249346851009735,1.0714378494095835,0.8375029022834513,1.1573514524314281,0.9614040265994596,1.068384404324258,0.8731915154384444,1.157598041142628,1.1255344284972884
364,0.38253997152431074,0.013148462779704273,0.36939150874460647,0.9361631004594965,1.003091486968543,1.1001481946016458,0.9512548566735678,0.9107226291514491,1.0516568538573592,0.898987486290074,1.1584081016177998,0.873139413894827,0.8735692282720184,0.8634484236601339,1.1239957260085462,1.191035010305452,0.847630363889235
365,0.39418166724461606,0.005842241768247591,0.38833942547636846,0.9720715541419838,1.0023471069129288,1.1636141700700513,1.062026050583916,0.8464560804131646,0.9854124805363715,1.129803601961028,0.9647147768932833,0.9362417387305866,1.0653319420251253,0.8387600392781368,0.9463362023204931,0.8910917607257294,0.9542768282760804
366,0.5170334441864727,0.03930696371298869,0.477726480473484,1.1389351430279673,0.9734135230554837,0.9367861878654419,1.0724640072712261,0.8309099122948816,0.9091030726949394,1.0520300741690525,1.1291692110350344,1.0107935266869303,0.9316181962965706,0.927948199411618,0.8653344610960474,1.1315619005229611,0.8502750883564718
367,0.39595614820739133,0.00020067134651784098,0.3957554768608735,0.8664296264746574,0.8738557033405379,1.0747135564066692,1.040325944734175,1.0273238655571415,1.0514933010099041,0.9868603092305214,1.0315523183463173,1.1496646079955084,1.0017907200773422,0.9638715129609507,1.0136623091624197,1.1639203482506835,0.8342099399868181
368,0.3157364814947247,6.542232143696389e-05,0.31567105917328775,0.8250660238696054,0.8591406787196381,1.0279962509303395,0.8148536499509812,0.8632833328252856,0.8362992215770846,0.867112845088644,0.9223421440854702,0.8055172507028506,1.1681720282543409,1.079554046769124,0.8894092466322834,1.0118924373217009,0.9121165207939287
369,0.44386751651271883,0.02306115965859892,0.42080635685411993,1.1352471995808457,0.9085412127938216,1.07584811006722,1.068142260491332,1.0451910775832045,0.8335525820898891,0.937441337002757,1.0818149191631137,0.9448174683567641,0.8036576475786932,1.176642641378924,0.9808990382215063,1.1216387788250044,0.9892961289301936
370,0.5516106065798579,1.482818155736705e-09,0.5516106050970397,1.1412679402530286,0.929529882086727,0.8812524437656989,1.063270091863823,0.8247461014268067,0.9302594167626653,1.1967740216786489,1.017987253731539,1.0409920166363238,1.027037341652822,0.8568910512627617,1.1331842828100842,1.0139021343493007,1.1347446712681815
371,0.5124564054502199,0.017951263687692415,0.49450514176252747,1.038815752812748,0.9695967893685359,0.9906644819597348,1.0477580278749148,1.0306296198309735,1.1866304796807128,1.0335682373341553,1.0383166178760703,0.8695561539300639,0.9018097448293246,0.9087045128879084,0.8168217415906529,1.0738017686912464,0.9242029940721207
372,0.36481021583691237,0.00043636290109338213,0.364373852935819,0.9338831760850056,0.8704815390493889,1.060006876683928,1.1333521640606814,1.0089137577359264,0.9217680825821281,0.8424374457585427,0.9942532324612082,1.0591653363923583,1.027176232703287,1.152156036856309,0.8664670427237336,0.951506739072408,1.0795475817751974
373,0.407757127677901,0.0022933294263921054,0.4054637982515089,1.0214555855463794,0.8156450541588212,1.0666309922598702,1.199055367811082,0.8719502060349242,1.0771209591433692,0.946760325486543,1.1537738787935181,0.884976378057062,0.9342568254357477,0.8398355941433493,0.9092180295183199,1.178956052271833,0.8797805625371868
374,0.34810997947130873,0.0010097449713527492,0.347100234499956,0.8375756343093053,0.9543567893082594,1.047157099991586,1.0425024238387606,0.9444452731460719,0.831079156850282,0.8863735962405827,1.151110349968979,0.9202735732901756,1.148007670923979,1.1225582209514728,0.8025957694914824,1.13804332654186,0.8015653077917647
375,0.3492259732270161,0.022776661403575038,0.32644931182344106,1.134182017134792,0.9579659285382928,1.181370901659844,1.1152361847461398,0.985622237862224,0.8062259891086517,0.8037644800110295,0.8025584127495053,0.9175469797278739,0.9938731783345389,1.1278946457918668,0.8414160382500832,1.005020262222314,0.9007218661948423
376,0.5126243539646447,0.0166374287354426,0.49598692522920207,0.9007075840507522,1.082063733570641,0.863248658888717,0.8787106546924152,1.1852514861270484,0.8455996531256719,0.9203590154882709,1.1425494343383715,0.9108593877509182,0.8125052903125847,1.1093506656568715,0.9996741017386657,0.9707807749204509,0.8472198754919681
377,0.5082947101470295,0.04084282844451663,0.4674518817025129,0.9834805831232711,1.1243580159678748,1.0014879514667125,1.0297268165089364,0.9019748848036041,0.9917800474100857,1.1808079893645647,1.0071805225869428,0.8700791112745172,1.0568405526697462,0.9147309738704855,1.0611167037009568,0.9381600171229034,0.9255976294310124
378,0.44619649313022175,0.0720047700403035,0.3741917230899182,1.180334764846803,1.0486800797893665,1.1631220655932326,0.8065848787299915,0.9807153057141182,1.0835376589648753,0.8986395910613493,0.9167448445702198,1.1208677001528249,0.9064345716937018,0.9087358368168994,0.9981813727004887,0.9772049144764382,1.170290038891233
379,0.459118329774526,0.0009396878345443399,0.45817864193998165,0.9720670653554849,0.8191610855777539,0.9574966495382545,0.8194543537633354,1.129069623674532,1.0471012866356242,0.9453408241646515,1.1600389109797533,0.9503485967536026,0.9519141645544089,0.8213093054975875,1.025445559440077,0.8333640452267634,1.1765486340811235
380,0.4273719701271206,0.0416580413964821,0.3857139287306385,0.986159191334153,1.090758546781751,1.0187381514809315,0.8495321869362045,1.0467066886910292,0.942302460033089,0.8675805728864631,0.9363257363626994,1.0374320237796786,1.130296237204526,0.8521451438663759,0.8808953771002126,1.132041474086461,1.027639559663038
381,0.45090576599826904,0.005238944362249539,0.4456668216360195,0.8644307577756676,1.00637302350219,1.0998085308612833,0.8925277729595478,1.1365153710567113,1.1692850190141812,1.183869422430051,0.9988702630147636,1.123869092139444,1.0627225246599006,1.069818181297871,0.9535494247474332,1.1511984127053774,0.8640705089290769
382,0.46590272357559875,0.0009723153393908175,0.46493040823620796,1.0375576822536776,0.8193988522774308,1.0209606554435349,0.8555745196469675,1.1944028594249372,0.8366569750152941,1.0770544158069872,1.1957079831142614,1.059326864124023,1.031133703049133,1.1967824024445288,1.1564281683557533,0.96281007683337,0.8160960926438244
383,0.3764362064179879,0.00010732383878116523,0.37632888257920677,0.801328305781517,0.9165212661009051,1.1154596239134082,1.1006421296551863,1.1304465173195233,0.849680297605469,1.0316470056155924,1.0190744788503272,1.161906380596448,0.9135671708837975,0.8358373322875902,0.9044611541974547,1.0486158730284616,0.8021577161133336
384,0.5483745159498737,0.01825205729676038,0.5301224586531134,1.1117525581979082,0.897732970513547,0.9546581382794758,1.1988410545979356,1.1280466445507773,0.9950770196306571,1.1252194978662247,1.0794402154436917,1.0974567821794965,1.1052595215975058,1.0614934761195123,0.8724620904197777,0.9994187434204186,0.9794690495786588
385,0.4214329975816507,0.006252495651996737,0.41518050192965394,0.804499204049305,1.1052955191902214,1.0375331417893112,0.9855638434921642,1.1546517593778285,0.8368636527699531,1.0314576315958794,0.9039547588493982,0.9630604735318342,0.883783831973973,1.0783356480864343,0.8247993436406196,1.1565374731833915,0.8680661150599385
386,0.3473202375751197,0.0011120549365743737,0.34620818263854536,0.8796923232543353,0.9131454416540175,1.0722154380418905,0.8463737625604182,0.8234973460447982,1.0959941005141967,0.882754932717604,0.8178011153854023,0.9030377693434758,1.008751632923434,1.1435842301928147,0.8741424263991455,0.9767882528565753,1.1586318895722083
387,0.36064448672534966,0.003643887364501326,0.3570005993608483,0.802889996852694,1.0786631355424128,1.0580198775126821,1.1656499356392505,1.0441651349122094,0.9547094590909719,0.8757617454188131,1.0255759376016527,1.0833027149246903,0.9529963194578298,1.0054375535831805,0.900874237611348,0.969450792236699,1.1305792031744661
388,0.5239902195644371,0.07746976295394133,0.44652045661049583,1.1334634314283887,1.0722151081348676,0.8726115119624259,0.957428244135466,1.0945058305476634,0.8512256730781592,0.8449210723959264,1.0209901631745386,1.11439766539037,1.0918166338838122,0.8754678464827234,1.1133249489216739,0.986795710575453,0.9886956527685413
389,0.4743737700829222,0.018317105656349177,0.456056664426573,0.9979610840182656,1.0046394149464646,0.9330810768053008,1.1596811753242715,1.023751442722128,0.8420544642298691,0.9740000203094218,0.9428689137465536,1.0851673600138014,1.1929707231136173,0.9941804738691646,1.1963047550572607,1.1446632550912867,0.8011521210779542
390,0.5790276033054161,0.0757516306937188,0.5032759726116973,1.12560464500066,1.0718068371903378,0.9719821946224331,0.8777104046575454,1.1559505918481925,1.0307963914050475,1.020995001992934,1.1396204235494243,1.0450081226135723,0.8990751566231681,1.1023199144887554,0.9982263996527323,0.9887468197602083,1.0948472889200458
391,0.40015670777444673,0.0014231406832112283,0.3987335670912355,0.8981390628819018,0.9383637266401993,1.0779269823765867,0.929899236103417,0.931645343009242,0.9195135111979559,1.1495470949631277,1.1080822487152593,1.0656300194708577,1.1788092246498771,0.8184703799964956,0.9851742300045667,1.1716000416886745,0.8574630593997206
392,0.4185098289870765,0.018948382751798394,0.3995614462352781,1.0704332545567228,0.9461491078517634,1.0490685897935048,1.0122542809863408,0.8223992953727164,0.9342502352314135,1.0489398849022236,0.9268634936598129,1.0219431880759489,1.0351279783866771,1.016592215604434,0.8279673624874434,0.9146721950999224,1.0585047115729442
393,0.4864206559115821,0.02281712793306402,0.4636035279785181,0.9951979449082273,1.048153323249243,0.8006584177671656,0.8319577342532812,0.994440932676782,1.021008178793658,0.8180835981878972,1.00830696809794,0.8986965377096048,0.9388198512484055,1.1445305335971336,0.8241362412426609,1.1395233254361288,0.9139186232422635
394,0.4793341012883817,0.013270549642652457,0.46606355164572927,0.9275125967085809,1.011201313183891,0.9830614163938263,0.9736421033252872,0.9711211455653563,1.0898600397406013,1.1277509315393286,1.109969511651007,1.1449097251859428,0.8992926716368029,1.0996511118468604,1.0224141626514922,1.0791187197077297,1.1101176855915138
395,0.5579363349044375,7.097144653770477e-08,0.557936263932991,0.9059131912137753,0.8286816284497375,0.8286010013351353,1.0495588724535196,1.1746243509015548,1.1130526560193783,1.133859819573848,1.1389733494756147,0.9948428858358771,0.8653353241030207,1.0282904322688904,1.0450835718119564,0.9953630744836324,0.8612729669317627
396,0.6062709530787312,0.07690895498562282,0.5293619980931085,1.1684573990156373,1.0369359905620965,0.8566818207150378,0.8599233355986122,1.0553468268299437,0.9686021639784005,0.9781221729893542,1.1700310656619841,1.164717728263379,1.1647891954474137,1.028184169815494,1.167708367483955,1.1043546734583747,1.0209926825281133
397,0.4110036979140696,0.0030238118204093728,0.4079798860936602,1.0242213856416218,0.8878257116192536,1.1658801496108753,0.9779106432235454,0.9997805253164853,1.0137221430587702,1.1013309553449304,1.122588586318126,1.1270614476000116,0.9191058449668942,1.1855670226541253,1.0083368594278104,0.8593011029504847,0.944118205614709
398,0.4913840532841272,0.001031438917860726,0.4903526143662665,0.84868044148728,0.9485437012075928,0.8254271691253159,1.1736800260755513,0.924141549823784,1.0541840174114847,1.066759044285628,0.8819409509605816,0.8906724290549642,0.9406917084973812,1.0860543870705865,1.157402367930796,0.9673863438681731,1.0833413180930918
399,0.42546832998559214,0.0004781939173568744,0.42499013606823527,0.943746079452553,0.8729453008139254,1.0617652819896157,1.0399865959059948,1.008241584771953,0.8964453955294729,1.193274866649873,1.100960009351695,1.085004096888669,1.0922316962679208,1.1270277736508438,1.034069993786451,1.0121501922032303,1.0055269696598819
